瘤痢,瘤痢疙,老矫,扁柯(∑C),扁柯 QC敲贰弊,碍荐樊(mm),碍荐樊 QC敲贰弊,浅加(m/s),浅加 QC敲贰弊,浅氢(16规困),浅氢 QC敲贰弊,嚼档(%),嚼档 QC敲贰弊,刘扁拘(hPa),捞浇痢柯档(∑C),泅瘤扁拘(hPa),泅瘤扁拘 QC敲贰弊,秦搁扁拘(hPa),秦搁扁拘 QC敲贰弊,老炼(hr),老炼 QC敲贰弊,老荤(MJ/m2),老荤 QC敲贰弊,利汲(cm),3矫埃脚利汲(cm),傈款樊(10盒困),吝窍摸款樊(10盒困),款屈(款屈距绢),弥历款绊(100m ),矫沥(10m),瘤搁惑怕(瘤搁惑怕内靛),泅惑锅龋(惫郴侥),瘤搁柯档(∑C),瘤搁柯档 QC敲贰弊,5cm 瘤吝柯档(∑C),10cm 瘤吝柯档(∑C),20cm 瘤吝柯档(∑C),30cm 瘤吝柯档(∑C)
184,力林,2024-10-01 00:00,23,,,,1.8,,180,,75,,21,18.3,1010.7,,1013.1,,,9,,9,,,0,0,,,3009,,,23.1,,29.7,27.1,27.4,27.7
184,力林,2024-10-01 01:00,22.8,,,,1.3,,160,,75,,20.8,18.1,1009.9,,1012.3,,,9,,9,,,3,0,,,3095,,,22.7,,29.4,26.8,27.2,27.7
184,力林,2024-10-01 02:00,22.6,,,,1.3,,180,,76,,20.8,18.1,1009.3,,1011.7,,,9,,9,,,2,0,,,3253,,,22.4,,29.2,26.7,27.1,27.7
184,力林,2024-10-01 03:00,22.4,,,,1.1,,180,,77,,20.8,18.1,1009.1,,1011.5,,,9,,9,,,4,0,Ci,,3384,,,22.2,,29,26.5,27,27.6
184,力林,2024-10-01 04:00,22.3,,,,1.9,,180,,76,,20.4,17.8,1008.8,,1011.2,,,9,,9,,,3,0,Ci,,3288,,,22,,28.8,26.3,26.8,27.5
184,力林,2024-10-01 05:00,22.2,,,,2,,180,,78,,20.8,18.1,1009,,1011.4,,,9,,9,,,2,0,Ci,,3094,,,21.9,,28.6,26.1,26.6,27.5
184,力林,2024-10-01 06:00,22.3,,,,1.4,,180,,76,,20.4,17.8,1008.9,,1011.3,,,9,,9,,,5,5,Sc,17,3171,,,22,,28.5,25.9,26.5,27.4
184,力林,2024-10-01 07:00,22.4,,,,1.8,,160,,75,,20.2,17.7,1008.7,,1011.1,,0,,.01,,,,2,0,Ci,,2938,,,21.9,,28.3,25.8,26.4,27.4
184,力林,2024-10-01 08:00,23.2,,,,1.1,,180,,73,,20.6,18,1009,,1011.4,,.8,,.39,,,,0,0,,,2993,,,22.8,,28.2,25.7,26.2,27.3
184,力林,2024-10-01 09:00,26.5,,,,1.6,,180,,63,,21.7,18.8,1009.2,,1011.6,,1,,1.11,,,,0,0,,,4058,,,25.2,,28.1,25.6,26.1,27.2
184,力林,2024-10-01 10:00,27.9,,,,3,,20,,62,,23.2,19.9,1009.2,,1011.5,,.8,,1.7,,,,6,6,Ac,30,3634,,,29.7,,28.2,25.8,26,27.1
184,力林,2024-10-01 11:00,28.1,,,,2.8,,20,,66,,25,21.1,1009,,1011.3,,.8,,2.14,,,,3,0,Ci,,3873,,,35.2,,28.6,26.3,26.1,27.1
184,力林,2024-10-01 12:00,27.8,,,,2.2,,20,,69,,25.6,21.5,1008.5,,1010.8,,.6,,2.11,,,,8,8,Ac,31,3452,,,35.8,,29.2,27,26.4,27.1
184,力林,2024-10-01 13:00,27.9,,,,2.4,,50,,68,,25.5,21.4,1007.7,,1010,,.4,,2.03,,,,8,8,As,30,3898,,,37.8,,29.7,27.6,26.7,27.1
184,力林,2024-10-01 14:00,26.9,,0,,3.6,,50,,71,,25,21.1,1006.8,,1009.2,,.1,,.95,,,,10,7,StNs,8,3460,,01,32.6,,30.3,28,27.1,27.1
184,力林,2024-10-01 15:00,26,,0,,2.1,,180,,75,,25.2,21.2,1006.5,,1008.9,,0,,.23,,,,10,9,ScAs,9,4445,,01,30.6,,30.6,28.1,27.4,27.2
184,力林,2024-10-01 16:00,24.4,,0,,4.7,,50,,78,,23.8,20.3,1007,,1009.4,,0,,.2,,,,10,9,StNs,7,2719,,01,28.1,,30.6,28.1,27.6,27.3
184,力林,2024-10-01 17:00,22.8,,2.1,,9.7,,20,,79,,21.8,18.9,1008,,1010.4,,0,,0,,,,10,9,StNs,6,562,,1901,24.2,,30.5,27.9,27.6,27.4
184,力林,2024-10-01 18:00,21.1,,2.4,,9.8,,20,,75,,18.6,16.4,1009.2,,1011.6,,0,,0,,,,10,9,StNs,6,439,,1901,22.7,,30.2,27.6,27.6,27.4
184,力林,2024-10-01 19:00,20.3,,.4,,8.3,,20,,73,,17.3,15.2,1010.2,,1012.6,,0,,0,,,,10,8,StNs,7,1995,,1901,21.5,,29.8,27,27.4,27.5
184,力林,2024-10-01 20:00,20.1,,0,,5.9,,20,,72,,16.8,14.8,1011.7,,1014.1,,,9,,9,,,10,8,StNs,7,2677,,01,21,,29.4,26.8,27.2,27.5
184,力林,2024-10-01 21:00,19.6,,0,,5.1,,20,,67,,15.2,13.2,1012.4,,1014.8,,,9,,9,,,10,8,StNs,8,3919,,01,20.5,,29,26.5,27,27.5
184,力林,2024-10-01 22:00,18.5,,0,,2.3,,160,,78,,16.5,14.5,1012.4,,1014.8,,,9,,9,,,10,7,StNs,8,3608,,01,20.5,,28.7,26.2,26.8,27.4
184,力林,2024-10-01 23:00,20.1,,0,,6,,20,,63,,14.8,12.8,1012.7,,1015.1,,,9,,9,,,10,8,StNs,8,3890,,01,20,,28.4,25.9,26.6,27.4
184,力林,2024-10-02 00:00,20.8,,0,,5.8,,360,,61,,14.9,12.9,1012.7,,1015.1,,,9,,9,,,10,6,StNs,8,4904,,01,19.7,,28.1,25.6,26.3,27.3
184,力林,2024-10-02 01:00,20.3,,0,,5.1,,360,,64,,15.2,13.2,1012.8,,1015.2,,,9,,9,,,10,5,StNs,8,2654,,01,19.5,,27.9,25.4,26.2,27.3
184,力林,2024-10-02 02:00,20.2,,0,,5.7,,20,,60,,14.1,12.1,1012.8,,1015.2,,,9,,9,,,10,6,StNs,8,3733,,01,19.3,,27.6,25.4,26,27.2
184,力林,2024-10-02 03:00,20.3,,0,,5.4,,20,,62,,14.7,12.7,1012.2,,1014.6,,,9,,9,,,10,5,ScAs,9,4952,,01,19.1,,27.4,25.1,25.8,27.1
184,力林,2024-10-02 04:00,20.2,,,9,5,,20,,59,,13.9,11.9,1012.2,,1014.6,,,9,,9,,,10,5,ScAs,10,4977,,,18.9,,27.2,24.9,25.6,27
184,力林,2024-10-02 05:00,20.1,,,9,5,,20,,58,,13.6,11.5,1012.4,,1014.8,,,9,,9,,,10,7,ScAs,11,5000,,,18.6,,27,24.7,25.5,26.9
184,力林,2024-10-02 06:00,20,,,9,5.2,,20,,58,,13.5,11.4,1012.6,,1015,,,9,,9,,,10,8,ScAs,11,5000,,,18.4,,26.9,24.5,25.3,26.8
184,力林,2024-10-02 07:00,20,,,9,6.4,,20,,58,,13.5,11.4,1013.3,,1015.7,,0,,0,,,,9,7,ScAc,10,5000,,,18.1,,26.7,24.3,25.2,26.8
184,力林,2024-10-02 08:00,20.1,,,9,6.5,,20,,55,,12.9,10.7,1014.2,,1016.6,,0,,.1,,,,9,1,ScAcCi,13,5000,,,18.3,,26.5,24.2,25.1,26.7
184,力林,2024-10-02 09:00,20.2,,,9,5.5,,20,,52,,12.3,10,1014.7,,1017.1,,0,,.38,,,,8,2,ScAc,14,5000,,,19.5,,26.4,24.1,24.9,26.6
184,力林,2024-10-02 10:00,20,,,9,4.4,,50,,54,,12.5,10.3,1015.1,,1017.5,,0,,.47,,,,9,7,ScAc,12,5000,,,20,,26.3,24,24.8,26.5
184,力林,2024-10-02 11:00,20.5,,,9,5.2,,50,,51,,12.3,10,1015.5,,1017.9,,0,,.95,,,,8,3,ScAc,15,5000,,,22.9,,26.3,24,24.7,26.4
184,力林,2024-10-02 12:00,20.9,,,9,6,,20,,45,,11.1,8.5,1015.4,,1017.8,,.4,,1.99,,,,8,6,ScCi,14,5000,,,24.3,,26.5,24.3,24.7,26.3
184,力林,2024-10-02 13:00,22.1,,,9,4.3,,20,,42,,11.1,8.5,1014.6,,1017,,.6,,2.36,,,,6,3,ScCi,15,5000,,,28.7,,26.7,24.6,24.7,26.2
184,力林,2024-10-02 14:00,22.3,,,9,2.5,,360,,43,,11.6,9.1,1014.1,,1016.5,,.6,,2.37,,,,8,5,ScCi,15,5000,,,28.4,,27.4,25.3,25.1,26.2
184,力林,2024-10-02 15:00,22.1,,,9,5.2,,20,,44,,11.6,9.2,1013.9,,1016.3,,.4,,1.61,,,,5,1,ScAcCi,14,5000,,,27,,27.6,25.4,25,26.2
184,力林,2024-10-02 16:00,22.1,,,9,5.4,,20,,44,,11.6,9.2,1014,,1016.4,,1,,1.91,,,,6,2,ScCi,14,5000,,,23.6,,28,25.8,25.3,26.2
184,力林,2024-10-02 17:00,20.7,,,9,5.1,,20,,45,,10.9,8.3,1014.4,,1016.8,,.7,,.93,,,,7,3,ScCi,15,5000,,,20.6,,28,25.7,25.4,26.3
184,力林,2024-10-02 18:00,20.1,,,9,4.9,,20,,44,,10.3,7.4,1014.5,,1016.9,,.5,,.27,,,,8,3,ScAcCi,15,5000,,,19.1,,28.2,25.7,25.7,26.3
184,力林,2024-10-02 19:00,19.7,,,9,3.9,,20,,47,,10.7,8,1014.7,,1017.1,,0,,0,,,,8,3,,16,5000,,,18.3,,27.8,25.3,25.6,26.4
184,力林,2024-10-02 20:00,19.8,,,9,3.4,,20,,44,,10.1,7.1,1015.7,,1018.1,,,9,,9,,,10,7,,16,5000,,,18.2,,27.5,25,25.5,26.4
184,力林,2024-10-02 21:00,19.4,,,9,.6,,250,,50,,11.2,8.6,1016,,1018.4,,,9,,9,,,8,4,ScCi,16,5000,,,18.5,,27.3,24.9,25.4,26.4
184,力林,2024-10-02 22:00,18.8,,,9,.6,,160,,54,,11.6,9.2,1016.2,,1018.6,,,9,,9,,,10,2,,15,5000,,,18.5,,27.1,24.6,25.2,26.4
184,力林,2024-10-02 23:00,19.4,,,9,3.6,,20,,48,,10.7,8,1015.9,,1018.3,,,9,,9,,,9,1,,15,5000,,,17.5,,26.8,24.3,25,26.3
184,力林,2024-10-03 00:00,19.1,,,9,1.4,,230,,53,,11.6,9.2,1016.4,,1018.8,,,9,,9,,,9,7,ScCi,15,5000,,,18.1,,26.6,24.2,24.9,26.3
184,力林,2024-10-03 01:00,18.5,,,,2.4,,180,,56,,11.9,9.5,1016.2,,1018.6,,,9,,9,,,10,10,,14,5000,,,18.2,,26.4,24,24.7,26.2
184,力林,2024-10-03 02:00,18.6,,,,2,,180,,56,,11.9,9.6,1016.1,,1018.5,,,9,,9,,,10,8,,15,5000,,,18.3,,26.3,24,24.6,26.1
184,力林,2024-10-03 03:00,18.8,,,,1.6,,200,,57,,12.3,10,1015.7,,1018.1,,,9,,9,,,9,2,ScAcCi,14,5000,,,18.4,,26.1,23.8,24.5,26
184,力林,2024-10-03 04:00,18.8,,,,1.5,,90,,59,,12.8,10.6,1015.3,,1017.7,,,9,,9,,,9,3,ScAcCi,13,5000,,,18.5,,26,23.6,24.4,26
184,力林,2024-10-03 05:00,20.1,,,,3.2,,50,,51,,11.9,9.6,1015.4,,1017.8,,,9,,9,,,9,5,ScCi,15,5000,,,18,,25.8,23.3,24.1,25.9
184,力林,2024-10-03 06:00,20.2,,,,3.2,,20,,49,,11.6,9.1,1015.9,,1018.3,,,9,,9,,,9,5,ScCi,14,5000,,,18.1,,25.9,23.5,24.2,25.8
184,力林,2024-10-03 07:00,20.6,,,,4.6,,20,,49,,11.9,9.5,1016,,1018.4,,0,,0,,,,9,8,ScCi,14,5000,,,17.7,,25.7,23.2,24,25.8
184,力林,2024-10-03 08:00,20.3,,,,4.5,,50,,58,,13.7,11.7,1016.7,,1019.1,,0,,.04,,,,10,5,ScAs,10,5000,,,18.5,,25.7,23.3,24,25.7
184,力林,2024-10-03 09:00,19.8,,,,4.2,,50,,61,,14,12,1017.4,,1019.8,,0,,.17,,,,10,4,ScAs,11,5000,,,19.3,,25.6,23.1,23.9,25.6
184,力林,2024-10-03 10:00,19.1,,,,6.8,,20,,69,,15.2,13.2,1017.8,,1020.2,,0,,.27,,,,10,8,ScAs,7,5000,,,19.3,,25.6,23.2,23.8,25.5
184,力林,2024-10-03 11:00,18.7,,,,6.2,,20,,65,,13.9,11.9,1018.3,,1020.7,,0,,.17,,,,10,8,ScAs,9,5000,,,19,,25.4,23,23.6,25.5
184,力林,2024-10-03 12:00,19.7,,,,3.6,,360,,64,,14.6,12.6,1017.8,,1020.2,,0,,.87,,,,10,7,ScAs,8,5000,,,22.5,,25.4,23.1,23.7,25.4
184,力林,2024-10-03 13:00,19.4,,,,4.2,,20,,65,,14.6,12.6,1017.3,,1019.7,,0,,.38,,,,10,8,StAs,8,5000,,,20.8,,25.7,23.4,23.7,25.4
184,力林,2024-10-03 14:00,18.9,,,,4.4,,20,,70,,15.3,13.3,1017.1,,1019.5,,0,,.32,,,,10,8,ScAs,8,5000,,,20.6,,25.7,23.4,23.8,25.3
184,力林,2024-10-03 15:00,19.1,,0,,3.4,,360,,69,,15.2,13.2,1016.8,,1019.2,,0,,.38,,,,10,8,ScAs,7,5000,,01,21.3,,25.8,23.3,23.7,25.3
184,力林,2024-10-03 16:00,19.3,,0,,2.4,,320,,67,,15,13,1016.9,,1019.3,,0,,.38,,,,10,7,ScAs,8,4855,,01,21.5,,25.9,23.5,23.9,25.3
184,力林,2024-10-03 17:00,19.4,,0,,4.2,,360,,65,,14.6,12.6,1017.1,,1019.5,,0,,.11,,,,10,8,ScAs,9,5000,,01,19.9,,25.8,23.3,23.7,25.2
184,力林,2024-10-03 18:00,19.5,,0,,3.3,,340,,59,,13.3,11.2,1017.3,,1019.7,,0,,.04,,,,10,7,ScAs,10,4936,,01,19.3,,25.8,23.4,23.8,25.2
184,力林,2024-10-03 19:00,19.2,,,9,2.4,,360,,61,,13.5,11.4,1017.5,,1019.9,,0,1,0,1,,,8,1,,14,5000,,,18.5,,25.7,23.2,23.7,25.2
184,力林,2024-10-03 20:00,18.9,,,9,2.9,,360,,69,,15,13,1017.9,,1020.3,,,9,,9,,,5,3,,19,5000,,,18.2,,25.6,23.2,23.7,25.2
184,力林,2024-10-03 21:00,18.5,,,9,4,,20,,66,,14,12,1018.2,,1020.6,,,9,,9,,,4,4,Sc,10,5000,,,17.6,,25.5,23,23.6,25.2
184,力林,2024-10-03 22:00,18.4,,,9,2.5,,20,,69,,14.6,12.6,1018.2,,1020.6,,,9,,9,,,5,3,,8,5000,,,17.2,,25.3,22.9,23.6,25.1
184,力林,2024-10-03 23:00,17.6,,,9,1.7,,160,,71,,14.2,12.2,1018.3,,1020.8,,,9,,9,,,1,1,,8,5000,,,16.8,,25.2,22.7,23.5,25.1
184,力林,2024-10-04 00:00,16.9,,,9,1.7,,180,,75,,14.4,12.4,1018.3,,1020.8,,,9,,9,,,7,7,Sc,10,5000,,,16.9,,25,22.5,23.3,25
184,力林,2024-10-04 01:00,17.5,,,,2.1,,180,,72,,14.3,12.3,1018.4,,1020.9,,,9,,9,,,10,10,,6,5000,,,17.9,,24.8,22.4,23.2,25
184,力林,2024-10-04 02:00,18.1,,,,.9,,160,,74,,15.3,13.3,1018.3,,1020.8,,,9,,9,,,10,10,,9,5000,,,18.5,,24.8,22.3,23.1,24.9
184,力林,2024-10-04 03:00,18.5,,,,.8,,200,,75,,15.9,13.9,1018.4,,1020.8,,,9,,9,,,10,4,ScAs,9,5000,,,18.9,,24.8,22.2,23,24.9
184,力林,2024-10-04 04:00,19.2,,0,,4.8,,20,,77,,17,15,1018.7,,1021.1,,,9,,9,,,10,3,ScAs,8,5000,,01,18.9,,24.8,22.4,23,24.8
184,力林,2024-10-04 05:00,19.2,,,9,5.4,,20,,76,,16.8,14.8,1019,,1021.4,,,9,,9,,,10,8,ScAs,8,5000,,,18.8,,24.8,22.3,23,24.7
184,力林,2024-10-04 06:00,19.4,,,9,2.3,,50,,72,,16.2,14.2,1019.6,,1022,,,9,,9,,,10,7,ScAs,8,5000,,,18.9,,24.8,22.4,23,24.7
184,力林,2024-10-04 07:00,19.4,,,9,2.5,,50,,70,,15.7,13.7,1019.8,,1022.2,,0,,0,,,,10,8,ScAs,9,5000,,,18.9,,24.8,22.3,23,24.6
184,力林,2024-10-04 08:00,19.9,,,9,2.8,,50,,65,,15.1,13.1,1020.3,,1022.7,,0,,.21,,,,8,8,Sc,8,5000,,,20.2,,24.8,22.3,22.9,24.6
184,力林,2024-10-04 09:00,21.2,,,9,2.3,,90,,59,,14.8,12.8,1020.7,,1023.1,,.4,,.8,,,,4,4,Sc,8,5000,,,20.7,,24.8,22.4,22.9,24.6
184,力林,2024-10-04 10:00,20.8,,,9,3.6,,50,,67,,16.4,14.4,1021.1,,1023.5,,0,,.56,,,,8,8,Sc,8,5000,,,22.1,,24.9,22.5,22.9,24.5
184,力林,2024-10-04 11:00,22.5,,,9,3.8,,50,,61,,16.5,14.5,1021,,1023.4,,.6,,1.89,,,,3,3,Sc,10,5000,,,28.1,,25.1,22.7,22.9,24.5
184,力林,2024-10-04 12:00,22,,,9,3.8,,50,,62,,16.3,14.3,1020.5,,1022.9,,.2,,1.18,,,,4,4,Sc,9,5000,,,25.4,,25.5,23.2,23.1,24.5
184,力林,2024-10-04 13:00,22.7,,,9,5.1,,70,,57,,15.7,13.7,1019.9,,1022.3,,.4,,1.67,,,,4,4,Sc,10,5000,,,27.1,,25.8,23.4,23.2,24.5
184,力林,2024-10-04 14:00,23.9,,,9,5.1,,70,,55,,16.3,14.3,1019.4,,1021.8,,.9,,2.6,,,,2,2,Sc,10,5000,,,32.8,,26.2,23.9,23.5,24.5
184,力林,2024-10-04 15:00,23.9,,,9,5.1,,50,,50,,14.8,12.8,1019.1,,1021.5,,1,,2.33,,,,2,2,Sc,10,5000,,,32,,26.8,24.6,23.8,24.5
184,力林,2024-10-04 16:00,23.6,,,9,5,,70,,55,,16,14,1019.3,,1021.7,,.9,,1.6,,,,3,3,Sc,11,5000,,,26.7,,27.2,24.9,24.1,24.6
184,力林,2024-10-04 17:00,23.8,,,9,3.8,,50,,53,,15.6,13.6,1019.2,,1021.6,,1,,1.05,,,,1,1,Sc,10,5000,,,24.3,,27.5,25.1,24.4,24.7
184,力林,2024-10-04 18:00,23.4,,,9,2,,70,,54,,15.5,13.5,1019.1,,1021.5,,1,,.35,,,,5,5,Sc,11,5000,,,22.6,,27.6,25,24.6,24.8
184,力林,2024-10-04 19:00,21.8,,,9,1.7,,110,,61,,15.9,13.9,1019.2,,1021.6,,0,,0,,,,1,1,,13,5000,,,21.1,,27.4,24.8,24.7,24.9
184,力林,2024-10-04 20:00,20.9,,,9,2.2,,110,,61,,15,13,1019.7,,1022.1,,,9,,9,,,0,0,,,5000,,,19.9,,27.2,24.5,24.6,25
184,力林,2024-10-04 21:00,20.4,,,9,1.7,,140,,60,,14.3,12.3,1019.9,,1022.3,,,9,,9,,,4,4,Sc,14,5000,,,19.4,,27,24.2,24.5,25
184,力林,2024-10-04 22:00,20.2,,,9,1.8,,140,,61,,14.4,12.4,1019.9,,1022.4,,,9,,9,,,1,1,,14,5000,,,18.8,,26.7,24,24.4,25
184,力林,2024-10-04 23:00,20,,,9,1.9,,110,,63,,14.7,12.7,1020,,1022.5,,,9,,9,,,3,3,,13,5000,,,19.1,,26.4,23.8,24.3,25
184,力林,2024-10-05 00:00,20,,,9,1.8,,140,,63,,14.7,12.7,1019.8,,1022.3,,,9,,9,,,5,5,Sc,12,5000,,,18.9,,26.2,23.4,24.1,25
184,力林,2024-10-05 01:00,20,,,,2,,110,,63,,14.7,12.7,1019.5,,1022,,,9,,9,,,1,1,,14,5000,,,18.5,,26,23.4,24,25
184,力林,2024-10-05 02:00,20.2,,,9,1.7,,140,,61,,14.4,12.4,1019.6,,1022,,,9,,9,,,9,9,,11,5000,,,19.4,,25.9,23.3,23.9,25
184,力林,2024-10-05 03:00,20.1,,,9,2.4,,110,,65,,15.3,13.3,1019.3,,1021.8,,,9,,9,,,8,8,Sc,12,5000,,,19,,25.7,23.1,23.7,24.9
184,力林,2024-10-05 04:00,21.3,,,9,4,,70,,57,,14.4,12.4,1018.8,,1021.2,,,9,,9,,,8,8,Sc,12,5000,,,19.2,,25.7,23.1,23.7,24.9
184,力林,2024-10-05 05:00,20.8,,,9,2.2,,110,,59,,14.4,12.4,1018.9,,1021.3,,,9,,9,,,4,4,Sc,12,5000,,,18.7,,25.5,23.1,23.6,24.8
184,力林,2024-10-05 06:00,20.5,,,9,2.2,,90,,62,,14.9,12.9,1018.8,,1021.2,,,9,,9,,,6,5,ScCi,11,5000,,,18.7,,25.4,23,23.5,24.7
184,力林,2024-10-05 07:00,20,,,9,2,,110,,65,,15.2,13.2,1019.2,,1021.7,,0,,.01,,,,4,3,ScCi,11,5000,,,18.9,,25.4,22.7,23.4,24.7
184,力林,2024-10-05 08:00,20.5,,,9,2.4,,110,,63,,15.2,13.2,1019.4,,1021.8,,.5,,.4,,,,6,3,ScCi,11,5000,,,19.5,,25.3,22.8,23.3,24.6
184,力林,2024-10-05 09:00,23,,,9,3,,70,,53,,14.8,12.8,1019.4,,1021.8,,.8,,1.18,,,,7,4,ScCi,10,5000,,,21.7,,25.2,22.7,23.2,24.6
184,力林,2024-10-05 10:00,22.3,,,9,4.5,,50,,60,,16.1,14.1,1019.6,,1022,,.4,,1.12,,,,9,8,ScCi,10,5000,,,23.4,,25.4,22.9,23.3,24.5
184,力林,2024-10-05 11:00,22.3,,,9,4.4,,50,,62,,16.6,14.6,1019.6,,1022,,.1,,1.03,,,,8,7,ScCi,9,5000,,,24.9,,25.5,23,23.2,24.5
184,力林,2024-10-05 12:00,23.1,,,9,5.4,,50,,61,,17.2,15.1,1019.1,,1021.5,,.4,,1.75,,,,8,6,ScCi,9,5000,,,29.5,,25.9,23.5,23.4,24.5
184,力林,2024-10-05 13:00,23.4,,,9,4.3,,50,,61,,17.5,15.4,1018.3,,1020.7,,.3,,1.75,,,,7,7,Sc,9,5000,,,29.7,,26.3,24,23.6,24.5
184,力林,2024-10-05 14:00,24.2,,,,4.1,,70,,61,,18.3,16.1,1017.6,,1020,,.5,,1.95,,,,7,5,ScCi,10,5000,,,33.6,,26.7,24.4,23.8,24.5
184,力林,2024-10-05 15:00,24.1,,,,4.2,,50,,62,,18.5,16.3,1017.2,,1019.6,,.6,,1.78,,,,5,3,ScCi,9,5000,,,32.5,,27.2,24.9,24.2,24.5
184,力林,2024-10-05 16:00,24.7,,,,3.9,,50,,60,,18.6,16.4,1017.4,,1019.8,,.9,,1.6,,,,6,6,Sc,9,5000,,,28.4,,27.6,25.2,24.4,24.6
184,力林,2024-10-05 17:00,23.8,,,,4.2,,50,,63,,18.5,16.3,1017.6,,1020,,.4,,.69,,,,8,7,ScCi,10,4973,,,25.9,,27.8,25.3,24.6,24.7
184,力林,2024-10-05 18:00,23.3,,,,4.7,,50,,67,,19.1,16.8,1017.8,,1020.2,,.1,,.12,,,,9,8,ScCi,9,5000,,,24.7,,27.8,25.3,24.8,24.8
184,力林,2024-10-05 19:00,23.1,,,,3.7,,50,,67,,18.9,16.6,1017.6,,1020,,0,,0,,,,7,3,,8,5000,,,23.6,,27.7,25.1,24.9,24.9
184,力林,2024-10-05 20:00,23.3,,,,3.8,,70,,69,,19.6,17.2,1017.5,,1019.9,,,9,,9,,,7,7,,8,5000,,,23.3,,27.6,25,24.9,25
184,力林,2024-10-05 21:00,23.4,,0,,3.8,,70,,66,,18.9,16.6,1017.8,,1020.2,,,9,,9,,,9,9,Sc,8,5000,,01,23,,27.5,24.9,24.8,25
184,力林,2024-10-05 22:00,23,,0,,2.2,,110,,67,,18.8,16.5,1017.8,,1020.2,,,9,,9,,,10,9,ScAs,9,5000,,01,22.8,,27.4,24.7,24.8,25.1
184,力林,2024-10-05 23:00,22.8,,0,,1.9,,110,,69,,19.1,16.8,1017.5,,1019.9,,,9,,9,,,10,8,ScAs,9,5000,,01,22.5,,27.2,24.6,24.7,25.1
184,力林,2024-10-06 00:00,22.6,,0,,1.8,,110,,69,,18.9,16.6,1017.3,,1019.7,,,9,,9,,,7,7,Sc,8,5000,,01,21.8,,27.1,24.5,24.7,25.1
184,力林,2024-10-06 01:00,22.1,,0,,1.5,,90,,72,,19.1,16.8,1017,,1019.4,,,9,,9,,,10,5,ScAs,9,4927,,01,21.5,,27,24.4,24.6,25.1
184,力林,2024-10-06 02:00,21.9,,0,,1.4,,110,,73,,19.1,16.8,1016.8,,1019.2,,,9,,9,,,10,4,ScAs,8,5000,,01,21.3,,26.9,24.3,24.5,25.1
184,力林,2024-10-06 03:00,21.7,,,9,2,,110,,72,,18.6,16.4,1016.3,,1018.7,,,9,,9,,,9,2,ScAc,10,5000,,,21,,26.8,24.2,24.5,25.1
184,力林,2024-10-06 04:00,21.4,,,9,2.5,,110,,72,,18.3,16.1,1016.2,,1018.6,,,9,,9,,,9,1,ScAc,10,5000,,,20.6,,26.6,24,24.4,25
184,力林,2024-10-06 05:00,21.3,,,9,2.2,,110,,72,,18.2,16,1016.1,,1018.5,,,9,,9,,,8,1,ScAc,10,5000,,,20.5,,26.5,23.9,24.3,25
184,力林,2024-10-06 06:00,21.3,,,9,1.8,,110,,72,,18.2,16,1016.3,,1018.7,,,9,,9,,,8,1,ScAc,10,5000,,,20.5,,26.4,23.8,24.2,25
184,力林,2024-10-06 07:00,21.1,,,9,2.1,,110,,72,,17.9,15.8,1016.5,,1018.9,,0,,0,,,,9,1,ScAcCi,10,5000,,,20.4,,26.3,23.7,24.2,24.9
184,力林,2024-10-06 08:00,21.5,,,9,1.5,,160,,70,,17.8,15.7,1017.1,,1019.5,,0,,.11,,,,9,5,ScAcCi,10,5000,,,21.3,,26.2,23.6,24.1,24.9
184,力林,2024-10-06 09:00,23,,,9,1.7,,110,,67,,18.8,16.5,1017.5,,1019.9,,0,,.63,,,,10,5,ScAs,9,5000,,,24.1,,26.1,23.6,23.9,24.9
184,力林,2024-10-06 10:00,23.9,,0,,3.7,,70,,64,,18.9,16.6,1017.6,,1020,,0,,.82,,,,10,4,ScAs,9,5000,,01,25.8,,26.3,23.8,24,24.9
184,力林,2024-10-06 11:00,24,,,9,4,,70,,65,,19.4,17,1017.4,,1019.8,,0,,.96,,,,10,2,ScAs,10,5000,,,27,,26.5,24.1,24,24.8
184,力林,2024-10-06 12:00,24.2,,,9,3.3,,50,,61,,18.3,16.1,1016.4,,1018.8,,.1,,1.23,,,,10,2,ScAs,10,5000,,,28.3,,26.9,24.5,24.2,24.8
184,力林,2024-10-06 13:00,24.1,,0,,4,,50,,62,,18.5,16.3,1016,,1018.4,,0,,1,,,,10,3,ScAs,10,5000,,01,29.2,,27.2,24.7,24.4,24.8
184,力林,2024-10-06 14:00,24.2,,0,,2.8,,50,,60,,18.1,15.9,1015.5,,1017.9,,.1,,1.37,,,,10,3,ScAs,9,5000,,01,29.6,,27.5,25.1,24.6,24.8
184,力林,2024-10-06 15:00,23.4,,0,,4.1,,20,,54,,15.5,13.5,1015.4,,1017.8,,0,,.61,,,,10,4,StNs,8,5000,,01,26.9,,27.9,25.4,24.9,24.9
184,力林,2024-10-06 16:00,22.2,,.1,,3.6,,50,,61,,16.3,14.3,1015.7,,1018.1,,0,,.08,,,,10,5,StNs,8,3386,,01,23.4,,27.9,25.3,25,24.9
184,力林,2024-10-06 17:00,20,,.9,,6.7,,20,,67,,15.6,13.6,1016.1,,1018.5,,0,,0,,,,10,8,StNs,7,642,,1901,21.3,,27.9,25.2,25.1,25
184,力林,2024-10-06 18:00,18.8,,5.3,,1.6,,110,,78,,16.8,14.8,1016.4,,1018.8,,0,,0,,,,10,8,StNs,6,349,,1901,20.7,,27.6,24.9,25,25
184,力林,2024-10-06 19:00,17.5,,3.7,,1.8,,160,,82,,16.3,14.3,1016.8,,1019.3,,0,,0,,,,10,8,StNs,6,2662,,1901,20.2,,27.1,24.5,24.9,25.1
184,力林,2024-10-06 20:00,17.7,,.4,,1.2,,160,,85,,17.2,15.1,1017.1,,1019.6,,,9,,9,,,10,7,StNs,6,2640,,01,20.3,,26.8,24.2,24.7,25.1
184,力林,2024-10-06 21:00,18,,0,,1.1,,90,,80,,16.4,14.4,1016.6,,1019.1,,,9,,9,,,10,6,StNs,7,1796,,01,20.2,,26.6,24,24.5,25.1
184,力林,2024-10-06 22:00,18.1,,.2,,1.3,,110,,82,,16.9,14.9,1016.5,,1018.9,,,9,,9,,,10,7,StNs,8,2439,,01,20,,26.4,23.9,24.4,25
184,力林,2024-10-06 23:00,18.2,,.1,,1.7,,160,,82,,17,15,1015.8,,1018.2,,,9,,9,,,10,6,ScAs,8,4667,,01,19.9,,26.3,23.7,24.2,25
184,力林,2024-10-07 00:00,18.3,,,9,1,,140,,80,,16.7,14.7,1015.8,,1018.2,,,9,,9,,,10,7,ScAs,9,5000,,,19.8,,26.1,23.6,24.1,24.9
184,力林,2024-10-07 01:00,18.4,,,,2.2,,180,,82,,17.3,15.2,1015.7,,1018.1,,,9,,9,,,10,2,,16,5000,,,19.8,,26,23.5,24,24.9
184,力林,2024-10-07 02:00,18.6,,,,.8,,200,,79,,16.8,14.8,1015.3,,1017.7,,,9,,9,,,10,3,,25,5000,,,19.8,,25.9,23.4,23.9,24.8
184,力林,2024-10-07 03:00,18.9,,,,2.3,,360,,70,,15.3,13.3,1015.3,,1017.7,,,9,,9,,,10,8,ScAs,8,5000,,,19.6,,25.8,23.3,23.8,24.8
184,力林,2024-10-07 04:00,19.7,,,,4.8,,20,,56,,12.8,10.6,1015.2,,1017.6,,,9,,9,,,10,5,ScAs,8,5000,,,18.8,,25.7,23.3,23.7,24.7
184,力林,2024-10-07 05:00,20,,,,5.4,,20,,53,,12.4,10.1,1015.5,,1017.9,,,9,,9,,,10,6,ScAs,9,5000,,,18.3,,25.6,23.2,23.7,24.7
184,力林,2024-10-07 06:00,20,,,,5,,20,,54,,12.5,10.3,1015.7,,1018.1,,,9,,9,,,10,6,ScAs,8,5000,,,18.1,,25.5,23,23.6,24.6
184,力林,2024-10-07 07:00,19.3,,0,,6.8,,20,,69,,15.4,13.4,1016,,1018.4,,0,,0,,,,10,4,StNs,7,4328,,01,18.2,,25.4,22.9,23.5,24.6
184,力林,2024-10-07 08:00,18.6,,0,,5.6,,20,,68,,14.5,12.5,1016.4,,1018.8,,0,,.03,,,,10,2,ScAs,10,5000,,01,18.4,,25.3,22.7,23.4,24.5
184,力林,2024-10-07 09:00,19.1,,,9,4.7,,20,,66,,14.5,12.5,1016.4,,1018.8,,0,,.5,,,,10,4,ScAs,9,5000,,,20.3,,25.2,22.8,23.3,24.5
184,力林,2024-10-07 10:00,19.9,,,9,3.5,,20,,63,,14.6,12.6,1016.4,,1018.8,,0,,.87,,,,10,4,ScAs,9,5000,,,22.5,,25.2,22.8,23.2,24.4
184,力林,2024-10-07 11:00,19.8,,,9,3.2,,360,,63,,14.5,12.5,1016.6,,1019,,0,,.5,,,,10,1,ScAs,10,5000,,,21.3,,25.4,23,23.3,24.4
184,力林,2024-10-07 12:00,20.6,,,9,4,,20,,57,,13.7,11.7,1015.9,,1018.3,,0,,.99,,,,10,10,As,29,5000,,,23.4,,25.5,23.1,23.3,24.3
184,力林,2024-10-07 13:00,20.8,,0,,3.1,,20,,56,,13.7,11.6,1015,,1017.4,,0,,1.12,,,,10,4,StNs,8,4875,,01,23.6,,25.8,23.4,23.4,24.3
184,力林,2024-10-07 14:00,19.9,,0,,4.1,,20,,62,,14.3,12.3,1014.9,,1017.3,,0,,.7,,,,10,4,StNs,7,1785,,01,22.8,,26,23.5,23.5,24.3
184,力林,2024-10-07 15:00,19.6,,.4,,1.8,,200,,64,,14.5,12.5,1014.2,,1016.6,,0,,.54,,,,10,4,ScAs,8,5000,,01,23.7,,26.1,23.7,23.6,24.3
184,力林,2024-10-07 16:00,19.3,,.2,,2.2,,230,,61,,13.6,11.5,1014.9,,1017.3,,0,,.32,,,,10,6,StNs,7,1835,,01,21.9,,26.2,23.7,23.7,24.3
184,力林,2024-10-07 17:00,18.4,,.9,,2.7,,200,,72,,15.2,13.2,1015,,1017.4,,0,,.06,,,,10,8,StNs,7,1143,,01,20.5,,26.1,23.7,23.8,24.3
184,力林,2024-10-07 18:00,18.1,,2.2,,2.4,,180,,77,,15.9,13.9,1014.9,,1017.3,,0,,0,,,,10,8,StNs,6,907,,1901,19.8,,26.1,23.5,23.7,24.3
184,力林,2024-10-07 19:00,17.9,,1.3,,1.7,,230,,79,,16.1,14.1,1015.1,,1017.5,,0,,0,,,,10,7,StNs,6,976,,1901,19.6,,25.9,23.3,23.7,24.4
184,力林,2024-10-07 20:00,18,,2.3,,1.9,,180,,82,,16.8,14.8,1015.3,,1017.7,,,9,,9,,,10,3,StNs,6,420,,1901,19.3,,25.7,23.1,23.6,24.3
184,力林,2024-10-07 21:00,17.9,,.8,,2.3,,180,,77,,15.8,13.8,1014.8,,1017.2,,,9,,9,,,10,5,StNs,6,885,,1901,19.1,,25.5,23,23.5,24.3
184,力林,2024-10-07 22:00,17.7,,.3,,1.8,,180,,80,,16.1,14.1,1014.8,,1017.3,,,9,,9,,,10,4,ScAs,14,2104,,1901,18.8,,25.4,22.8,23.4,24.3
184,力林,2024-10-07 23:00,17.7,,,9,1.9,,180,,80,,16.1,14.1,1014.6,,1017,,,9,,9,,,9,2,,66,2381,,,18.4,,25.2,22.7,23.3,24.2
184,力林,2024-10-08 00:00,17.7,,,9,1.6,,160,,78,,15.8,13.8,1014.4,,1016.8,,,9,,9,,,10,7,,,2808,,,18.5,,25.1,22.6,23.3,24.2
184,力林,2024-10-08 01:00,17.8,,,,2.2,,180,,78,,15.9,13.9,1014.3,,1016.7,,,9,,9,,,10,3,,52,2823,,,18.4,,24.9,22.5,23.1,24.1
184,力林,2024-10-08 02:00,18.1,,,,.7,,160,,81,,16.7,14.7,1014.1,,1016.5,,,9,,9,,,9,3,,8,2698,,,18.6,,24.9,22.3,23,24.1
184,力林,2024-10-08 03:00,19.4,,,,2.7,,360,,70,,15.7,13.7,1013.6,,1016,,,9,,9,,,9,2,ScCi,10,3814,,,18.5,,24.8,22.4,22.9,24
184,力林,2024-10-08 04:00,18.9,,,,1.2,,140,,76,,16.5,14.5,1013.2,,1015.6,,,9,,9,,,10,4,ScAs,9,2587,,,18.7,,24.8,22.3,22.9,24
184,力林,2024-10-08 05:00,18.8,,0,,.6,,140,,76,,16.4,14.4,1013.3,,1015.7,,,9,,9,,,10,7,StNs,6,2211,,01,18.9,,24.6,22.2,22.7,23.9
184,力林,2024-10-08 06:00,19.8,,0,,4.5,,20,,73,,16.8,14.8,1013.6,,1016,,,9,,9,,,9,4,ScAc,8,3064,,01,18.6,,24.6,22.3,22.7,23.9
184,力林,2024-10-08 07:00,20,,,9,4.2,,20,,64,,14.9,12.9,1013.8,,1016.2,,0,,0,,,,6,2,AcCi,40,4344,,,18,,24.7,22.3,22.8,23.8
184,力林,2024-10-08 08:00,20.2,,,9,3.4,,20,,66,,15.6,13.6,1014.4,,1016.8,,.1,,.13,,,,4,2,AcCi,42,3055,,,18.2,,24.5,22,22.6,23.8
184,力林,2024-10-08 09:00,21.7,,,9,3.8,,20,,61,,15.8,13.8,1014.8,,1017.2,,.8,,.89,,,,3,2,ScCi,11,2790,,,20,,24.5,22,22.5,23.7
184,力林,2024-10-08 10:00,23,,,9,3.3,,20,,56,,15.7,13.7,1014.6,,1017,,1,,1.63,,,,3,1,ScCi,11,2806,,,24.2,,24.5,22.1,22.5,23.7
184,力林,2024-10-08 11:00,23.1,,,9,3.3,,20,,57,,16.1,14.1,1014.6,,1017,,.8,,1.79,,,,5,3,ScCi,11,2505,,,26,,24.8,22.5,22.6,23.7
184,力林,2024-10-08 12:00,23.8,,,9,3.7,,20,,56,,16.4,14.4,1014.1,,1016.5,,.9,,2.32,,,,2,2,Sc,10,1942,,,29.2,,25.4,23,22.9,23.6
184,力林,2024-10-08 13:00,24.2,,,9,3.9,,360,,56,,16.8,14.8,1013.7,,1016.1,,1,,2.54,,,,4,2,ScAc,10,1942,,,30.1,,25.9,23.6,23,23.6
184,力林,2024-10-08 14:00,23.1,,,9,4,,20,,61,,17.2,15.1,1013.1,,1015.5,,.3,,1.56,,,,6,4,ScAc,9,2070,,,27.3,,26.5,24.2,23.4,23.7
184,力林,2024-10-08 15:00,22.9,,,9,2.9,,360,,63,,17.5,15.4,1012.8,,1015.2,,.1,,1.01,,,,9,4,ScAc,10,1848,,,26.1,,26.9,24.5,23.8,23.8
184,力林,2024-10-08 16:00,22.7,,,9,3.3,,360,,62,,17,15,1012.9,,1015.3,,0,,.51,,,,8,6,CuScAc,8,2536,,,24.7,,27.1,24.5,23.9,23.9
184,力林,2024-10-08 17:00,22.4,,,9,3.4,,20,,61,,16.5,14.5,1013,,1015.4,,.2,,.47,,,,5,4,CuScAc,8,2988,,,23,,27.2,24.6,24.2,23.9
184,力林,2024-10-08 18:00,21.7,,,9,2.8,,360,,63,,16.3,14.3,1013,,1015.4,,0,,.08,,,,4,4,CuSc,8,3636,,,21.5,,27.2,24.6,24.3,24
184,力林,2024-10-08 19:00,21.6,,,9,4,,20,,61,,15.7,13.7,1013.4,,1015.8,,0,,0,,,,5,5,,10,4190,,,20.7,,27.1,24.4,24.3,24.1
184,力林,2024-10-08 20:00,21.3,,,9,3.9,,20,,62,,15.7,13.7,1013.8,,1016.2,,,9,,9,,,5,4,,12,4866,,,19.8,,26.9,24.3,24.3,24.2
184,力林,2024-10-08 21:00,21,,,9,4.4,,360,,65,,16.1,14.1,1014.2,,1016.6,,,9,,9,,,6,6,Sc,11,4644,,,19.3,,26.7,24.1,24.2,24.3
184,力林,2024-10-08 22:00,20.6,,,9,4.2,,360,,60,,14.5,12.5,1014.5,,1016.9,,,9,,9,,,1,1,,13,4982,,,18.8,,26.5,23.9,24.1,24.3
184,力林,2024-10-08 23:00,20.6,,,9,3.7,,360,,59,,14.2,12.2,1014.6,,1017,,,9,,9,,,1,1,,11,5000,,,19,,26.3,23.7,24,24.3
184,力林,2024-10-09 00:00,20.4,,,9,3.5,,360,,59,,14.1,12.1,1014.3,,1016.7,,,9,,9,,,8,8,,,5000,,,18.7,,26.1,23.5,23.9,24.3
184,力林,2024-10-09 01:00,20.1,,,,3.3,,20,,64,,15,13,1014,,1016.4,,,9,,9,,,1,1,,10,4979,,,18.4,,26,23.3,23.8,24.3
184,力林,2024-10-09 02:00,20.1,,,,2.8,,20,,61,,14.3,12.3,1013.8,,1016.2,,,9,,9,,,1,1,,10,4920,,,18.4,,25.8,23.1,23.6,24.2
184,力林,2024-10-09 03:00,18.9,,,,2.7,,180,,68,,14.8,12.8,1013.3,,1015.7,,,9,,9,,,3,3,Sc,10,4930,,,18.1,,25.6,23.1,23.6,24.2
184,力林,2024-10-09 04:00,18.1,,,,1.8,,160,,71,,14.7,12.7,1013.2,,1015.6,,,9,,9,,,7,7,Sc,10,4843,,,17.9,,25.5,22.9,23.4,24.2
184,力林,2024-10-09 05:00,18.1,,,,1.6,,180,,71,,14.7,12.7,1013.2,,1015.6,,,9,,9,,,3,3,Sc,9,4793,,,17.7,,25.3,22.8,23.3,24.2
184,力林,2024-10-09 06:00,17.6,,,,2.3,,180,,73,,14.6,12.6,1013.3,,1015.7,,,9,,9,,,2,2,Sc,9,4104,,,17.1,,25.1,22.6,23.2,24.1
184,力林,2024-10-09 07:00,17.6,,,,1.9,,180,,71,,14.2,12.2,1013.1,,1015.5,,0,,0,,,,10,7,ScAs,10,3789,,,17.5,,25,22.4,23.1,24
184,力林,2024-10-09 08:00,18.3,,0,,2.5,,140,,71,,14.9,12.9,1013.5,,1015.9,,0,,0,,,,10,8,StNs,6,1632,,01,18.3,,24.9,22.3,23,24
184,力林,2024-10-09 09:00,18.7,,2.4,,2.9,,180,,79,,16.9,14.9,1013.9,,1016.3,,0,,.16,,,,10,5,StNs,6,1819,,01,19.9,,24.7,22.2,22.8,23.9
184,力林,2024-10-09 10:00,19.7,,.1,,1.2,,90,,75,,17.2,15.1,1013.5,,1015.9,,0,,.42,,,,10,4,StNs,6,1111,,01,21.9,,24.7,22.3,22.8,23.9
184,力林,2024-10-09 11:00,19.8,,.3,,.7,,50,,83,,19.1,16.8,1013.3,,1015.7,,0,,.3,,,,10,7,ScAs,8,4664,,01,22.5,,24.9,22.4,22.7,23.8
184,力林,2024-10-09 12:00,20.3,,1.8,,.4,,0,,80,,19,16.7,1012.8,,1015.2,,0,,.5,,,,10,8,StNs,5,576,,1901,22,,25,22.5,22.8,23.8
184,力林,2024-10-09 13:00,20.5,,1.7,,.6,,340,,81,,19.5,17.1,1012.1,,1014.5,,0,,.43,,,,10,8,StNs,5,826,,1901,22.9,,25.2,22.7,22.9,23.7
184,力林,2024-10-09 14:00,20.4,,3.6,,2.7,,140,,81,,19.4,17,1011.3,,1013.7,,0,,.18,,,,10,8,StNs,5,682,,1901,21.9,,25.3,22.8,22.9,23.7
184,力林,2024-10-09 15:00,20.4,,7.5,,2.1,,90,,81,,19.4,17,1011,,1013.4,,0,,.49,,,,10,7,StNs,6,4001,,1901,23.5,,25.3,22.7,22.9,23.6
184,力林,2024-10-09 16:00,19.7,,2,,2.8,,90,,81,,18.5,16.3,1011.3,,1013.7,,0,,.06,,,,10,8,StNs,5,1669,,01,21.7,,25.4,22.9,23,23.6
184,力林,2024-10-09 17:00,19.4,,.1,,1.9,,90,,87,,19.5,17.1,1011.2,,1013.6,,0,,.2,,,,10,8,ScAs,8,3013,,01,21.9,,25.4,22.8,23,23.6
184,力林,2024-10-09 18:00,19.6,,0,,2.2,,110,,79,,17.9,15.8,1011.4,,1013.8,,0,,.02,,,,10,7,StNs,7,4736,,01,20.8,,25.4,22.9,23,23.6
184,力林,2024-10-09 19:00,19.2,,.4,,.7,,90,,81,,17.9,15.8,1011.9,,1014.3,,0,,0,,,,10,9,StNs,6,868,,1901,20.3,,25.3,22.8,23,23.6
184,力林,2024-10-09 20:00,18.9,,.6,,2.5,,140,,81,,17.6,15.5,1011.6,,1014,,,9,,9,,,10,9,StNs,8,2511,,1901,19.9,,25.3,22.7,23,23.6
184,力林,2024-10-09 21:00,18.9,,.1,,2.1,,140,,83,,18.1,15.9,1011.8,,1014.2,,,9,,9,,,10,8,StNs,8,5000,,01,19.7,,25.2,22.6,23,23.6
184,力林,2024-10-09 22:00,18.8,,1.9,,1.7,,70,,86,,18.6,16.4,1011.6,,1014,,,9,,9,,,10,6,StNs,10,2448,,01,19.6,,25.1,22.6,22.9,23.6
184,力林,2024-10-09 23:00,18.8,,0,,1.1,,140,,84,,18.2,16,1011.2,,1013.6,,,9,,9,,,10,8,ScAs,9,4937,,01,19.6,,25,22.5,22.9,23.6
184,力林,2024-10-10 00:00,19.1,,,9,1.2,,90,,81,,17.8,15.7,1010.9,,1013.3,,,9,,9,,,10,8,,,5000,,,19.4,,24.9,22.4,22.8,23.6
184,力林,2024-10-10 01:00,19.4,,,,1.5,,110,,77,,17.3,15.2,1010.8,,1013.2,,,9,,9,,,10,10,,21,5000,,,19.4,,24.9,22.4,22.7,23.5
184,力林,2024-10-10 02:00,19.4,,.1,,1.4,,140,,75,,16.8,14.8,1010.6,,1013,,,9,,9,,,10,8,StNs,9,3268,,01,19.3,,24.8,22.4,22.7,23.5
184,力林,2024-10-10 03:00,19.6,,0,,2.1,,110,,74,,16.8,14.8,1010.5,,1012.9,,,9,,9,,,10,8,ScAs,10,5000,,01,19.2,,24.7,22.3,22.7,23.5
184,力林,2024-10-10 04:00,19.5,,.1,,1.5,,140,,73,,16.5,14.5,1010.8,,1013.2,,,9,,9,,,10,8,StNs,8,2161,,01,19.3,,24.7,22.2,22.6,23.4
184,力林,2024-10-10 05:00,19.3,,0,,1.2,,90,,78,,17.4,15.3,1011,,1013.4,,,9,,9,,,10,7,ScAs,10,4895,,01,19.2,,24.6,22.1,22.6,23.4
184,力林,2024-10-10 06:00,19.3,,,9,1.3,,90,,74,,16.5,14.5,1011.2,,1013.6,,,9,,9,,,10,7,ScAs,11,5000,,,19.1,,24.5,22.1,22.6,23.3
184,力林,2024-10-10 07:00,19.4,,,9,1.2,,110,,76,,17,15,1011.6,,1014,,0,,0,,,,10,8,ScAs,10,5000,,,19.2,,24.5,22.1,22.5,23.3
184,力林,2024-10-10 08:00,19.6,,0,,1.9,,110,,77,,17.5,15.4,1012.1,,1014.5,,0,,.03,,,,10,8,ScAs,8,4985,,01,19.9,,24.5,22,22.5,23.3
184,力林,2024-10-10 09:00,20.2,,0,,2,,90,,76,,17.9,15.8,1012.4,,1014.8,,0,,.17,,,,10,2,ScAs,9,5000,,01,20.8,,24.5,22.1,22.4,23.3
184,力林,2024-10-10 10:00,21.6,,0,,2.7,,70,,70,,17.9,15.8,1012.4,,1014.8,,.1,,.79,,,,8,3,ScAc,10,5000,,01,24.1,,24.6,22.1,22.4,23.2
184,力林,2024-10-10 11:00,22.8,,,9,4.1,,70,,63,,17.4,15.3,1012.4,,1014.8,,.3,,1.49,,,,8,6,CuScAc,7,5000,,,26.2,,24.9,22.5,22.5,23.2
184,力林,2024-10-10 12:00,22.6,,,9,4.3,,70,,62,,16.9,14.9,1012.2,,1014.6,,.2,,1.49,,,,10,4,ScAs,8,5000,,,25.6,,25.2,22.8,22.6,23.2
184,力林,2024-10-10 13:00,23.5,,,9,4.6,,50,,61,,17.6,15.5,1011.5,,1013.9,,.5,,2.01,,,,7,3,ScAc,10,5000,,,29.5,,25.6,23.2,22.8,23.2
184,力林,2024-10-10 14:00,23.2,,,9,3.9,,20,,62,,17.6,15.5,1011.4,,1013.8,,.6,,2.28,,,,8,2,ScAc,10,5000,,,28,,26,23.7,23,23.3
184,力林,2024-10-10 15:00,22.6,,,9,3.5,,20,,63,,17.2,15.1,1011.2,,1013.6,,.1,,.96,,,,6,6,CuSc,7,5000,,,26,,26.5,24.1,23.4,23.3
184,力林,2024-10-10 16:00,22.2,,,9,3.4,,20,,64,,17,15,1011.6,,1014,,.3,,.83,,,,7,3,CuScCi,7,5000,,,23.5,,26.7,24.3,23.6,23.4
184,力林,2024-10-10 17:00,21.8,,,9,1.9,,20,,63,,16.4,14.4,1011.8,,1014.2,,.2,,.36,,,,7,3,ScCi,13,5000,,,22.1,,26.7,24.1,23.6,23.5
184,力林,2024-10-10 18:00,21.1,,,9,2.1,,20,,64,,16,14,1012.3,,1014.7,,0,,.04,,,,8,3,ScCi,9,5000,,,20.7,,26.7,24.1,23.9,23.6
184,力林,2024-10-10 19:00,20.4,,,9,.4,,0,,65,,15.5,13.5,1012.4,,1014.8,,0,,0,,,,8,3,,26,5000,,,19.9,,26.6,24,23.9,23.6
184,力林,2024-10-10 20:00,19.8,,,9,2,,180,,72,,16.5,14.5,1012.9,,1015.3,,,9,,9,,,8,1,,72,4988,,,19.2,,26.1,23.6,23.6,23.7
184,力林,2024-10-10 21:00,19.2,,,9,1.8,,180,,73,,16.2,14.2,1013.1,,1015.5,,,9,,9,,,8,2,ScCi,9,4976,,,19.1,,26.3,23.7,23.9,23.8
184,力林,2024-10-10 22:00,18.8,,,9,2.4,,180,,65,,14,12,1013.3,,1015.7,,,9,,9,,,9,9,,73,5000,,,18.6,,25.9,23.3,23.6,23.8
184,力林,2024-10-10 23:00,18.6,,,9,1.9,,180,,64,,13.7,11.6,1013.4,,1015.8,,,9,,9,,,8,8,,72,5000,,,18.4,,25.7,23.1,23.5,23.8
184,力林,2024-10-11 00:00,18.1,,3.9,,2.9,,160,,75,,15.5,13.5,1013.1,,1015.5,,,9,,9,,,10,8,,,1880,,1901,18.5,,25.6,23,23.4,23.7
184,力林,2024-10-11 01:00,18.5,,.5,,1.5,,110,,84,,17.8,15.7,1013.5,,1015.9,,,9,,9,,,10,7,ScAs,8,5000,,01,19.1,,25.3,22.7,23.2,23.7
184,力林,2024-10-11 02:00,18.3,,,9,2.1,,160,,82,,17.2,15.1,1013.5,,1015.9,,,9,,9,,,7,4,,8,5000,,,18.6,,25.1,22.6,23.1,23.7
184,力林,2024-10-11 03:00,17.9,,,9,1.6,,160,,83,,16.9,14.9,1013.3,,1015.7,,,9,,9,,,1,1,Sc,11,4711,,,18,,25,22.5,23,23.7
184,力林,2024-10-11 04:00,17.4,,,9,2.1,,160,,85,,16.8,14.8,1013.3,,1015.8,,,9,,9,,,2,2,Sc,9,4968,,,17.5,,24.9,22.3,22.9,23.6
184,力林,2024-10-11 05:00,17.3,,,9,2.3,,180,,83,,16.3,14.3,1013.5,,1016,,,9,,9,,,6,6,Sc,10,5000,,,17.5,,24.7,22.2,22.8,23.6
184,力林,2024-10-11 06:00,17.3,,,9,1.7,,160,,82,,16.1,14.1,1013.9,,1016.4,,,9,,9,,,5,5,Sc,10,5000,,,17.7,,24.5,22,22.6,23.5
184,力林,2024-10-11 07:00,17,,,9,2.4,,160,,82,,15.8,13.8,1014.3,,1016.8,,0,,0,,,,1,1,Sc,9,4879,,,17,,24.4,21.9,22.5,23.4
184,力林,2024-10-11 08:00,17.5,,,9,1.6,,180,,81,,16.1,14.1,1015,,1017.5,,1,,.36,,,,0,0,,,4999,,,17.5,,24.3,21.8,22.4,23.4
184,力林,2024-10-11 09:00,21,,,9,1.7,,180,,71,,17.6,15.5,1015.3,,1017.7,,1,,1.1,,,,2,2,Sc,12,5000,,,19.1,,24.1,21.7,22.3,23.3
184,力林,2024-10-11 10:00,22,,,9,1.5,,360,,67,,17.6,15.5,1015.6,,1018,,.3,,.83,,,,6,6,Sc,11,4964,,,20.9,,24.2,21.8,22.2,23.3
184,力林,2024-10-11 11:00,22.8,,,9,2.3,,20,,62,,17.2,15.1,1015.7,,1018.1,,.4,,1.28,,,,4,4,Sc,10,5000,,,25.5,,24.4,22,22.2,23.2
184,力林,2024-10-11 12:00,22.9,,,9,2.9,,20,,63,,17.5,15.4,1015.5,,1017.9,,.5,,1.57,,,,4,4,Sc,10,5000,,,24.5,,24.8,22.4,22.4,23.2
184,力林,2024-10-11 13:00,23.5,,,9,3.4,,20,,63,,18.2,16,1014.9,,1017.3,,.6,,1.97,,,,5,5,Sc,9,5000,,,26.6,,25.2,22.8,22.5,23.2
184,力林,2024-10-11 14:00,23.7,,,9,3.7,,20,,60,,17.5,15.4,1014.6,,1017,,.6,,1.86,,,,3,3,Sc,11,4993,,,28.1,,25.6,23.2,22.8,23.2
184,力林,2024-10-11 15:00,23.9,,,9,3.4,,20,,58,,17.2,15.1,1014.5,,1016.9,,.9,,1.84,,,,3,3,Sc,11,4994,,,27.1,,26,23.7,23,23.2
184,力林,2024-10-11 16:00,24,,,9,3.4,,20,,58,,17.3,15.2,1014.7,,1017.1,,1,,1.53,,,,1,1,Sc,12,5000,,,24.2,,26.5,24,23.3,23.3
184,力林,2024-10-11 17:00,22.9,,,9,2.9,,50,,62,,17.3,15.2,1015.1,,1017.5,,.5,,.63,,,,1,1,Sc,11,4946,,,22.3,,26.7,24.2,23.6,23.3
184,力林,2024-10-11 18:00,22.2,,,9,1.1,,90,,62,,16.5,14.5,1015.4,,1017.8,,.4,,.16,,,,1,1,Sc,10,5000,,,21.1,,26.8,24.2,23.7,23.4
184,力林,2024-10-11 19:00,21.3,,,9,1.3,,140,,68,,17.2,15.1,1015.9,,1018.3,,0,,0,,,,0,0,,,4104,,,19.9,,26.7,24,23.8,23.5
184,力林,2024-10-11 20:00,20.2,,,9,1.5,,180,,71,,16.7,14.7,1016.5,,1018.9,,,9,,9,,,0,0,,,3602,,,19.1,,26.4,23.7,23.7,23.6
184,力林,2024-10-11 21:00,19.4,,,9,1.4,,160,,75,,16.8,14.8,1016.9,,1019.3,,,9,,9,,,0,0,,,3800,,,18.6,,26.2,23.5,23.6,23.6
184,力林,2024-10-11 22:00,18.9,,,9,1.9,,160,,76,,16.5,14.5,1017.3,,1019.7,,,9,,9,,,0,0,,,3773,,,18.1,,25.9,23.2,23.5,23.7
184,力林,2024-10-11 23:00,18.5,,,9,1.5,,160,,78,,16.5,14.5,1017.8,,1020.2,,,9,,9,,,0,0,,,3764,,,17.7,,25.7,23,23.4,23.7
184,力林,2024-10-12 00:00,18.2,,,9,1.7,,180,,76,,15.8,13.8,1017.8,,1020.3,,,9,,9,,,0,0,,,4396,,,17.4,,25.4,22.8,23.3,23.7
184,力林,2024-10-12 01:00,17.8,,,,1.8,,160,,73,,14.8,12.8,1017.7,,1020.2,,,9,,9,,,5,0,,,5000,,,17,,25.2,22.6,23.1,23.7
184,力林,2024-10-12 02:00,17.5,,,,2.5,,160,,74,,14.8,12.8,1017.9,,1020.4,,,9,,9,,,6,0,,,4829,,,16.7,,25,22.4,23,23.6
184,力林,2024-10-12 03:00,17.2,,,,1.5,,160,,75,,14.7,12.7,1017.8,,1020.3,,,9,,9,,,8,0,Ci,,5000,,,16.7,,24.7,22.2,22.8,23.5
184,力林,2024-10-12 04:00,17.3,,,,1.5,,160,,78,,15.4,13.4,1017.9,,1020.4,,,9,,9,,,7,0,Ci,,4704,,,16.6,,24.5,22,22.6,23.5
184,力林,2024-10-12 05:00,17.5,,,,2,,160,,80,,16,14,1018.1,,1020.6,,,9,,9,,,6,0,Ci,,4321,,,16.6,,24.3,21.8,22.4,23.4
184,力林,2024-10-12 06:00,17.4,,,,1.8,,160,,78,,15.5,13.5,1018.8,,1021.3,,,9,,9,,,6,2,ScCi,15,4716,,,16.6,,24.2,21.7,22.3,23.3
184,力林,2024-10-12 07:00,17.2,,,,1.7,,160,,77,,15.1,13.1,1019.3,,1021.8,,0,,0,,,,5,0,Ci,,4871,,,16.7,,24.1,21.6,22.3,23.3
184,力林,2024-10-12 08:00,18.3,,,,2.5,,160,,72,,15.1,13.1,1019.8,,1022.3,,.4,,.32,,,,3,0,Ci,,5000,,,17.4,,24,21.5,22.1,23.2
184,力林,2024-10-12 09:00,21.8,,,,1.7,,140,,60,,15.6,13.6,1020.1,,1022.5,,1,,1.13,,,,3,0,Ci,,4956,,,18.8,,23.9,21.4,22,23.1
184,力林,2024-10-12 10:00,24,,,,3.4,,50,,56,,16.6,14.6,1020.2,,1022.6,,.8,,1.49,,,,3,0,Ci,,5000,,,23.9,,23.9,21.5,21.9,23.1
184,力林,2024-10-12 11:00,24.2,,,,,,,,60,,18.1,15.9,1020.2,,1022.6,,,,,,,,4,2,ScCi,11,5000,,,26.9,,24.3,21.9,22,23
184,力林,2024-10-12 12:00,24.8,,,,,,,,59,,18.4,16.2,1019.7,,1022.1,,,,,,,,6,3,ScCi,12,5000,,,27.6,,24.7,22.3,22.1,23
184,力林,2024-10-12 13:00,24.7,,,,,,,,60,,18.6,16.4,1019.3,,1021.7,,,,,,,,7,2,ScCi,10,5000,,,28.6,,25.3,22.9,22.4,23
184,力林,2024-10-12 14:00,25.2,,,,,,,,59,,18.9,16.6,1018.7,,1021.1,,,,,,,,6,2,ScCi,12,5000,,,30.6,,25.8,23.4,22.7,23
184,力林,2024-10-12 15:00,25.1,,,,5.1,,50,,58,,18.4,16.2,1018.4,,1020.8,,,9,,9,,,6,2,ScCi,10,5000,,,28.4,,26.5,24,23.2,23.1
184,力林,2024-10-12 16:00,24.6,,,,5,,50,,59,,18.2,16,1018.5,,1020.9,,.8,,1.34,,,,2,2,Sc,13,5000,,,24.4,,26.8,24.3,23.4,23.1
184,力林,2024-10-12 17:00,23.8,,,,4.3,,70,,60,,17.6,15.5,1018.8,,1021.2,,.8,,.78,,,,1,0,Ci,,5000,,,22.4,,26.9,24.4,23.7,23.2
184,力林,2024-10-12 18:00,22.9,,,,2.2,,90,,63,,17.5,15.4,1019.1,,1021.5,,.4,,.16,,,,2,0,Ci,,5000,,,21.1,,27,24.4,23.9,23.3
184,力林,2024-10-12 19:00,21.7,,,,1.5,,110,,68,,17.6,15.5,1019.3,,1021.7,,0,,0,,,,2,0,,,4309,,,20.1,,26.9,24.3,24,23.5
184,力林,2024-10-12 20:00,20.9,,,,1.1,,140,,69,,16.9,14.9,1019.9,,1022.3,,,9,,9,,,2,0,,,4055,,,19.3,,26.7,24,23.9,23.5
184,力林,2024-10-12 21:00,20.3,,,,1.9,,160,,71,,16.8,14.8,1020.2,,1022.6,,,9,,9,,,3,0,Ci,,4845,,,18.7,,26.4,23.7,23.8,23.6
184,力林,2024-10-12 22:00,19.8,,,,2.4,,160,,71,,16.3,14.3,1020.2,,1022.6,,,9,,9,,,8,0,,,4986,,,18.3,,26.2,23.5,23.7,23.6
184,力林,2024-10-12 23:00,19.6,,,,2.2,,160,,64,,14.5,12.5,1020.2,,1022.6,,,9,,9,,,7,0,,,5000,,,18.1,,25.9,23.2,23.5,23.7
184,力林,2024-10-13 00:00,19.4,,,,2.1,,160,,61,,13.7,11.6,1020.2,,1022.6,,,9,,9,,,4,0,,,4975,,,17.6,,25.6,23,23.4,23.6
184,力林,2024-10-13 01:00,19.2,,,,2.4,,160,,64,,14.2,12.2,1020,,1022.4,,,9,,9,,,2,2,,14,4938,,,17.3,,25.4,22.8,23.2,23.6
184,力林,2024-10-13 02:00,18.9,,,,2,,140,,63,,13.7,11.6,1019.7,,1022.1,,,9,,9,,,2,1,,14,4777,,,17.1,,25.2,22.6,23.1,23.6
184,力林,2024-10-13 03:00,18.9,,,,1.8,,160,,64,,13.9,11.9,1019.3,,1021.7,,,9,,9,,,3,3,Sc,15,4688,,,17,,24.9,22.4,22.9,23.5
184,力林,2024-10-13 04:00,18.8,,,,1.6,,180,,65,,14,12,1019.2,,1021.6,,,9,,9,,,4,4,Sc,12,4966,,,17.4,,24.8,22.3,22.8,23.5
184,力林,2024-10-13 05:00,19.2,,,,1.6,,160,,64,,14.2,12.2,1018.9,,1021.3,,,9,,9,,,7,7,Sc,11,5000,,,17.5,,24.6,22.1,22.6,23.4
184,力林,2024-10-13 06:00,19.5,,,,2,,140,,65,,14.7,12.7,1019.4,,1021.8,,,9,,9,,,7,7,Sc,10,5000,,,17.7,,24.5,22,22.5,23.4
184,力林,2024-10-13 07:00,19.4,,,,2.5,,140,,62,,13.9,11.9,1019.6,,1022,,0,,.01,,,,3,3,Sc,13,5000,,,17.1,,24.4,21.9,22.4,23.3
184,力林,2024-10-13 08:00,20.1,,,,1.3,,110,,60,,14,12,1020,,1022.5,,1,,.47,,,,3,3,Sc,14,5000,,,18.1,,24.3,21.8,22.3,23.2
184,力林,2024-10-13 09:00,23,,,,2.8,,110,,52,,14.6,12.6,1020.1,,1022.5,,.9,,1.15,,,,3,2,ScCi,13,5000,,,19.9,,24.2,21.7,22.2,23.2
184,力林,2024-10-13 10:00,24.1,,,,4.3,,110,,46,,13.7,11.7,1020,,1022.4,,.9,,1.7,,,,3,1,ScCi,13,5000,,,24.6,,24.3,21.8,22.2,23.1
184,力林,2024-10-13 11:00,25,,,,3.9,,90,,44,,13.8,11.8,1019.7,,1022.1,,.9,,2.24,,,,5,1,ScCi,13,5000,,,28.5,,24.5,22.1,22.1,23.1
184,力林,2024-10-13 12:00,25.9,,,,2.9,,70,,45,,15,13,1019.4,,1021.8,,.8,,2.51,,,,6,0,Ci,,5000,,,31.1,,25.1,22.7,22.4,23.1
184,力林,2024-10-13 13:00,25.3,,,,5.7,,50,,47,,15.1,13.1,1018.5,,1020.9,,1,,2.61,,,,5,0,Ci,,5000,,,30.7,,25.8,23.3,22.7,23
184,力林,2024-10-13 14:00,25.8,,,,4,,70,,49,,16.2,14.2,1017.6,,1020,,.9,,2.32,,,,7,0,Ci,,5000,,,30.8,,26.3,23.8,23,23.1
184,力林,2024-10-13 15:00,25.5,,,,5,,50,,53,,17.3,15.2,1017.5,,1019.9,,.8,,1.97,,,,7,3,ScAcCi,11,5000,,,29,,26.9,24.4,23.5,23.2
184,力林,2024-10-13 16:00,24.3,,,,4.1,,70,,57,,17.3,15.2,1017,,1019.4,,.1,,.7,,,,9,9,Ac,40,5000,,,25.2,,27.3,24.7,23.8,23.2
184,力林,2024-10-13 17:00,24.1,,,,3,,90,,57,,17,15,1017.4,,1019.8,,.2,,.59,,,,8,2,ScAc,11,5000,,,23.9,,27.4,24.8,24.1,23.4
184,力林,2024-10-13 18:00,23.3,,,,2.5,,110,,58,,16.5,14.5,1017.2,,1019.6,,0,,.06,,,,8,8,Ac,39,5000,,,22.3,,27.5,24.8,24.3,23.5
184,力林,2024-10-13 19:00,22.6,,,,1.3,,90,,60,,16.4,14.4,1017.8,,1020.2,,0,,0,,,,7,7,,52,5000,,,21,,27.3,24.6,24.2,23.6
184,力林,2024-10-13 20:00,22.3,,,,1.7,,160,,62,,16.6,14.6,1018.3,,1020.7,,,9,,9,,,8,0,,,5000,,,20.9,,27.2,24.4,24.3,23.7
184,力林,2024-10-13 21:00,22.1,,,,1.3,,90,,63,,16.7,14.7,1018.3,,1020.7,,,9,,9,,,9,2,ScAc,12,5000,,,20.5,,26.9,24.1,24.2,23.7
184,力林,2024-10-13 22:00,22,,,,1.7,,110,,61,,16.1,14.1,1017.7,,1020.1,,,9,,9,,,7,7,,46,5000,,,20.1,,26.7,23.9,24,23.8
184,力林,2024-10-13 23:00,22.2,,,,2.6,,110,,58,,15.5,13.5,1017.1,,1019.5,,,9,,9,,,10,10,,44,5000,,,19.9,,26.5,23.8,24,23.8
184,力林,2024-10-14 00:00,22.3,,,,2.8,,110,,60,,16.1,14.1,1016.9,,1019.3,,,9,,9,,,9,2,ScAc,13,5000,,,19.9,,26.3,23.6,23.8,23.8
184,力林,2024-10-14 01:00,22.2,,,,1.7,,160,,60,,16,14,1016.7,,1019.1,,,9,,9,,,9,6,,43,5000,,,19.9,,26.2,23.5,23.7,23.8
184,力林,2024-10-14 02:00,21.7,,,,2.4,,180,,58,,15,13,1016.7,,1019.1,,,9,,9,,,9,6,,42,5000,,,19.7,,26,23.4,23.7,23.8
184,力林,2024-10-14 03:00,21.3,,,,1.4,,160,,61,,15.4,13.4,1016,,1018.4,,,9,,9,,,8,2,ScAc,11,5000,,,19.4,,25.9,23.3,23.5,23.8
184,力林,2024-10-14 04:00,21.6,,,,1.9,,90,,63,,16.2,14.2,1015.2,,1017.6,,,9,,9,,,9,5,ScAc,10,5000,,,19.4,,25.8,23.1,23.5,23.7
184,力林,2024-10-14 05:00,21.9,,0,,2.1,,90,,65,,17,15,1015.2,,1017.6,,,9,,9,,,10,5,ScAs,9,5000,,01,19.6,,25.7,23,23.3,23.7
184,力林,2024-10-14 06:00,22.1,,,9,.5,,90,,65,,17.3,15.2,1015.6,,1018,,,9,,9,,,10,8,ScAs,10,5000,,,20.2,,25.6,23,23.3,23.7
184,力林,2024-10-14 07:00,22,,.3,,2.1,,140,,64,,16.8,14.8,1015.3,,1017.7,,0,,0,,,,9,6,CuScAc,7,5000,,01,20.3,,25.5,22.9,23.2,23.6
184,力林,2024-10-14 08:00,21.9,,.3,,3.1,,110,,75,,19.6,17.2,1015.8,,1018.2,,0,,0,,,,10,3,ScAs,12,3641,,01,20.7,,25.5,22.9,23.2,23.6
184,力林,2024-10-14 09:00,22.5,,,9,4,,180,,69,,18.8,16.5,1016.5,,1018.9,,0,,0,,,,10,3,ScAs,15,4051,,,20.9,,25.4,22.9,23.2,23.6
184,力林,2024-10-14 10:00,21.8,,.1,,1.8,,90,,73,,19,16.7,1016.5,,1018.9,,0,,.03,,,,10,4,ScAs,14,4277,,01,21.3,,25.4,22.9,23.1,23.5
184,力林,2024-10-14 11:00,21.9,,,9,3,,90,,76,,19.9,17.4,1015.9,,1018.3,,0,,.24,,,,10,7,ScAs,15,3893,,,21.9,,25.4,22.9,23.1,23.5
184,力林,2024-10-14 12:00,22.6,,,9,4.1,,70,,69,,18.9,16.6,1015.1,,1017.5,,0,,.21,,,,10,7,ScAs,17,5000,,,22.8,,25.5,22.9,23.1,23.5
184,力林,2024-10-14 13:00,25.4,,,9,3.1,,50,,64,,20.6,18,1013.7,,1016.1,,0,,1.27,,,,8,1,ScAc,15,4971,,,27.1,,25.6,23.1,23.1,23.5
184,力林,2024-10-14 14:00,27.8,,,9,3.3,,270,,54,,20.1,17.6,1012.9,,1015.3,,.1,,1.54,,,,9,2,ScAc,15,5000,,,29.2,,25.9,23.4,23.2,23.5
184,力林,2024-10-14 15:00,27.9,,,9,2.1,,290,,56,,21,18.3,1012.6,,1015,,.1,,1.1,,,,9,6,ScAc,12,4941,,,28.1,,26.4,23.9,23.4,23.5
184,力林,2024-10-14 16:00,26.9,,,9,1.4,,290,,58,,20.5,17.9,1012.5,,1014.9,,0,,.49,,,,10,8,ScAs,17,5000,,,26.2,,26.9,24.3,23.7,23.5
184,力林,2024-10-14 17:00,26,,,9,1.6,,20,,67,,22.4,19.3,1012.5,,1014.9,,0,,.14,,,,10,8,ScAs,16,4195,,,25.2,,27.1,24.4,23.9,23.6
184,力林,2024-10-14 18:00,25.3,,,9,1.5,,360,,70,,22.5,19.4,1012.7,,1015.1,,0,,.01,,,,10,7,ScAs,12,3987,,,24,,27.2,24.5,24.1,23.6
184,力林,2024-10-14 19:00,24.7,,,9,1.9,,320,,71,,22,19,1013,,1015.4,,0,,0,,,,9,2,,18,4113,,,23.3,,27.1,24.5,24.2,23.7
184,力林,2024-10-14 20:00,24.4,,0,,1.5,,20,,73,,22.2,19.2,1013.6,,1016,,,9,,9,,,10,9,StNs,9,2401,,01,23.1,,27.1,24.4,24.2,23.8
184,力林,2024-10-14 21:00,24.1,,0,,1.2,,110,,77,,23.1,19.8,1013.9,,1016.3,,,9,,9,,,10,9,ScAs,10,3036,,01,23,,27,24.3,24.2,23.8
184,力林,2024-10-14 22:00,23.8,,0,,1.6,,160,,78,,22.9,19.7,1014,,1016.4,,,9,,9,,,10,9,ScAs,9,2762,,01,22.6,,27,24.3,24.2,23.9
184,力林,2024-10-14 23:00,23.5,,0,,1.2,,160,,81,,23.4,20,1014.1,,1016.5,,,9,,9,,,10,9,ScAs,9,2334,,01,22.4,,26.9,24.2,24.2,23.9
184,力林,2024-10-15 00:00,23.4,,0,,1.1,,140,,82,,23.5,20.1,1013.9,,1016.3,,,9,,9,,,10,8,StNs,9,2076,,01,22.6,,26.8,24.1,24.2,23.9
184,力林,2024-10-15 01:00,23.2,,.1,,.7,,200,,82,,23.2,19.9,1013.7,,1016.1,,,9,,9,,,10,8,ScAs,10,2149,,01,22.5,,26.7,24.1,24.1,23.9
184,力林,2024-10-15 02:00,22.9,,,9,2.1,,160,,80,,22.2,19.2,1013.7,,1016.1,,,9,,9,,,9,1,,7,2638,,,22.3,,26.7,24.1,24.1,24
184,力林,2024-10-15 03:00,22.5,,,9,1,,160,,81,,22,19,1013.1,,1015.5,,,9,,9,,,8,8,Ac,34,3455,,,21.7,,26.6,24,24.1,24
184,力林,2024-10-15 04:00,22.3,,,9,1.1,,200,,82,,22,19,1013.2,,1015.6,,,9,,9,,,9,9,Sc,12,3207,,,21.8,,26.5,23.9,24,24
184,力林,2024-10-15 05:00,22.4,,,9,1.1,,160,,82,,22.1,19.1,1012.9,,1015.3,,,9,,9,,,9,9,Sc,11,3185,,,21.9,,26.5,23.9,23.9,24
184,力林,2024-10-15 06:00,22.4,,,9,1,,160,,84,,22.7,19.5,1013.2,,1015.6,,,9,,9,,,8,8,Sc,10,3089,,,22,,26.4,23.8,23.9,24
184,力林,2024-10-15 07:00,22.4,,,9,1.2,,180,,83,,22.4,19.3,1013.6,,1016,,0,,0,,,,7,2,ScAcCi,10,3088,,,21.5,,26.3,23.7,23.9,23.9
184,力林,2024-10-15 08:00,23,,,9,1.7,,250,,86,,24.1,20.5,1014.2,,1016.6,,0,,.08,,,,7,3,ScAcCi,6,2563,,,22.5,,26.3,23.7,23.9,23.9
184,力林,2024-10-15 09:00,23.7,,.2,,2.2,,320,,83,,24.3,20.6,1014.8,,1017.2,,0,,.21,,,,10,8,StNs,3,1218,,01,24,,26.3,23.7,23.8,23.9
184,力林,2024-10-15 10:00,24.7,,.1,,2.4,,290,,80,,24.9,21,1015.1,,1017.5,,.1,,.77,,,,9,4,ScAc,6,4714,,01,26.8,,26.3,23.8,23.8,23.9
184,力林,2024-10-15 11:00,25.2,,,9,2.3,,320,,77,,24.6,20.8,1014.7,,1017.1,,.1,,.97,,,,9,9,Sc,6,5000,,,28.5,,26.6,24,23.8,23.9
184,力林,2024-10-15 12:00,25.7,,,9,3.8,,320,,73,,24,20.4,1014.8,,1017.2,,.4,,1.6,,,,9,9,Sc,6,5000,,,29.3,,26.9,24.3,24,23.9
184,力林,2024-10-15 13:00,25.1,,,9,4,,320,,74,,23.5,20.1,1014.6,,1017,,.3,,1.31,,,,10,8,ScAs,6,5000,,,27.7,,27.4,24.8,24.2,23.9
184,力林,2024-10-15 14:00,24.7,,,9,2.9,,320,,71,,22,19,1014.5,,1016.9,,0,,.75,,,,10,4,ScAs,6,5000,,,27.9,,27.7,25.1,24.5,24
184,力林,2024-10-15 15:00,24.7,,,9,3.3,,340,,72,,22.4,19.3,1015,,1017.4,,0,,.81,,,,10,8,ScAs,6,4986,,,26.9,,27.9,25.2,24.7,24.1
184,力林,2024-10-15 16:00,24.1,,,9,2.6,,340,,74,,22.1,19.1,1015.4,,1017.8,,0,,.53,,,,10,4,ScAs,8,4961,,,26.1,,28,25.4,24.9,24.1
184,力林,2024-10-15 17:00,23.5,,,9,2.3,,340,,74,,21.3,18.5,1015.3,,1017.7,,0,,.13,,,,10,8,ScAs,8,4977,,,24.3,,28.1,25.5,25,24.2
184,力林,2024-10-15 18:00,23,,,9,2.2,,340,,74,,20.8,18.1,1015.3,,1017.7,,0,,.01,,,,10,1,ScAs,10,5000,,,23.2,,28,25.3,25.1,24.3
184,力林,2024-10-15 19:00,22.7,,,9,2.6,,320,,75,,20.6,18,1015.7,,1018.1,,,9,,9,,,10,1,,8,5000,,,22.5,,27.9,25.3,25.1,24.4
184,力林,2024-10-15 20:00,22.5,,0,,1.8,,50,,74,,20.1,17.6,1016,,1018.4,,,9,,9,,,10,4,ScAs,8,4091,,01,22.3,,27.7,25,25,24.4
184,力林,2024-10-15 21:00,22.1,,,9,.8,,250,,77,,20.4,17.8,1016.3,,1018.7,,,9,,9,,,7,4,ScAc,10,4161,,,21.6,,27.6,24.9,24.9,24.4
184,力林,2024-10-15 22:00,21.9,,,9,2.6,,360,,80,,20.9,18.2,1017,,1019.4,,,9,,9,,,7,1,,,4473,,,20.9,,27.4,24.8,24.8,24.5
184,力林,2024-10-15 23:00,21.9,,,9,2.1,,360,,81,,21.2,18.4,1017.4,,1019.8,,,9,,9,,,4,4,,4,4217,,,21.1,,27.2,24.5,24.7,24.5
184,力林,2024-10-16 00:00,22.1,,,9,3.2,,20,,80,,21.2,18.4,1017.1,,1019.5,,,9,,9,,,7,7,,,4327,,,21.3,,27,24.4,24.6,24.5
184,力林,2024-10-16 01:00,22,,,,2,,20,,81,,21.3,18.5,1017.2,,1019.6,,,9,,9,,,7,6,,4,4437,,,21.2,,26.9,24.2,24.5,24.5
184,力林,2024-10-16 02:00,21.4,,,,1.1,,180,,76,,19.2,16.9,1017.1,,1019.5,,,9,,9,,,8,7,,4,4591,,,21,,26.7,24.1,24.4,24.4
184,力林,2024-10-16 03:00,21.1,,,,2.6,,180,,76,,18.9,16.6,1017,,1019.4,,,9,,9,,,10,8,ScAs,9,5000,,,21.2,,26.6,24.1,24.3,24.4
184,力林,2024-10-16 04:00,21.1,,,,1.7,,180,,74,,18.4,16.2,1016.9,,1019.3,,,9,,9,,,9,8,ScCi,8,5000,,,21,,26.5,24,24.2,24.4
184,力林,2024-10-16 05:00,21.3,,,,.6,,160,,77,,19.4,17,1017.3,,1019.7,,,9,,9,,,9,7,ScCi,8,5000,,,21.1,,26.4,23.9,24.1,24.4
184,力林,2024-10-16 06:00,21.6,,,,1.5,,20,,81,,20.8,18.1,1017.5,,1019.9,,,9,,9,,,7,6,ScCi,8,4665,,,20.9,,26.3,23.8,24.1,24.3
184,力林,2024-10-16 07:00,21.5,,,,1.2,,140,,78,,19.9,17.4,1017.9,,1020.3,,0,,0,,,,10,6,ScAs,8,5000,,,21.2,,26.3,23.7,24,24.3
184,力林,2024-10-16 08:00,21.8,,,,.6,,90,,79,,20.5,17.9,1018.7,,1021.1,,0,,.08,,,,9,7,ScCi,6,4891,,,22.1,,26.2,23.6,23.9,24.2
184,力林,2024-10-16 09:00,22.9,,,,2.2,,50,,75,,20.9,18.2,1019.3,,1021.7,,.1,,.37,,,,9,6,ScCi,6,4624,,,23.8,,26.2,23.7,23.8,24.2
184,力林,2024-10-16 10:00,23.3,,,,3.9,,50,,75,,21.4,18.6,1019.4,,1021.8,,0,,.55,,,,9,8,ScCi,6,3394,,,24.5,,26.3,23.7,23.9,24.2
184,力林,2024-10-16 11:00,24.7,,,,4.5,,50,,69,,21.4,18.6,1019.2,,1021.6,,.8,,1.86,,,,8,1,ScAcCi,8,4093,,,28.2,,26.4,23.9,23.9,24.1
184,力林,2024-10-16 12:00,25,,,,4.7,,50,,66,,20.8,18.1,1018.8,,1021.2,,.6,,2.14,,,,3,3,Ac,45,4789,,,31,,26.8,24.3,24,24.1
184,力林,2024-10-16 13:00,24.8,,,,4.8,,50,,67,,20.9,18.2,1018.1,,1020.5,,.9,,2.38,,,,8,7,AcCi,45,4861,,,29.7,,27.3,24.9,24.3,24.1
184,力林,2024-10-16 14:00,24.7,,,,5.2,,50,,66,,20.5,17.9,1017.6,,1020,,.7,,2,,,,8,8,Ac,48,4915,,,29.5,,27.8,25.3,24.5,24.2
184,力林,2024-10-16 15:00,24.2,,,,4.2,,50,,70,,21,18.3,1017.6,,1020,,0,,1.04,,,,9,9,Ac,48,4990,,,27.6,,28.3,25.7,24.9,24.3
184,力林,2024-10-16 16:00,24.3,,,,3.6,,50,,70,,21.2,18.4,1017.4,,1019.8,,.2,,.85,,,,9,8,AcCi,42,4889,,,26.2,,28.4,25.9,25.1,24.3
184,力林,2024-10-16 17:00,24,,,,3.1,,70,,68,,20.2,17.7,1017.9,,1020.3,,.3,,.51,,,,8,1,ScAcCi,8,4802,,,24.7,,28.5,25.9,25.2,24.4
184,力林,2024-10-16 18:00,23.3,,,,1.8,,90,,70,,20,17.5,1018.3,,1020.7,,0,,.12,,,,8,5,ScAc,8,4684,,,23,,28.4,25.8,25.4,24.5
184,力林,2024-10-16 19:00,22.7,,,,1.7,,110,,75,,20.6,18,1018.5,,1020.9,,,9,,9,,,7,1,,6,3326,,,22.1,,28.3,25.6,25.4,24.6
184,力林,2024-10-16 20:00,22.6,,,,1.9,,110,,78,,21.3,18.5,1018.7,,1021.1,,,9,,9,,,10,1,,6,2851,,,21.9,,28.1,25.4,25.3,24.6
184,力林,2024-10-16 21:00,22.4,,,,2,,90,,79,,21.3,18.5,1018.8,,1021.2,,,9,,9,,,6,6,Ac,36,2199,,,21.6,,27.8,25.2,25.2,24.7
184,力林,2024-10-16 22:00,22.3,,,,1.7,,90,,80,,21.4,18.6,1019,,1021.4,,,9,,9,,,8,8,,64,2314,,,21.2,,27.6,25,25.1,24.7
184,力林,2024-10-16 23:00,22.3,,,,1.2,,90,,79,,21.2,18.4,1018.9,,1021.3,,,9,,9,,,9,9,,63,2828,,,21.3,,27.4,24.9,25,24.7
184,力林,2024-10-17 00:00,22.3,,,,2.1,,90,,76,,20.4,17.8,1018.5,,1020.9,,,9,,9,,,7,2,,,3082,,,21,,27.3,24.7,24.8,24.7
184,力林,2024-10-17 01:00,22.3,,,,1.7,,110,,74,,19.9,17.4,1018.4,,1020.8,,,9,,9,,,9,9,,61,2780,,,20.9,,27.1,24.5,24.7,24.7
184,力林,2024-10-17 02:00,22.2,,,,1.9,,110,,74,,19.7,17.3,1018.3,,1020.7,,,9,,9,,,9,0,,,2825,,,20.8,,26.9,24.3,24.6,24.7
184,力林,2024-10-17 03:00,22,,,,1.4,,110,,73,,19.2,16.9,1018,,1020.4,,,9,,9,,,3,3,Sc,10,2979,,,20.8,,26.8,24.2,24.5,24.6
184,力林,2024-10-17 04:00,21.9,,,,1.8,,90,,74,,19.4,17,1017.6,,1020,,,9,,9,,,3,3,Sc,7,2990,,,20.9,,26.7,24.1,24.4,24.6
184,力林,2024-10-17 05:00,22.2,,,,1.5,,90,,75,,20,17.5,1017.8,,1020.2,,,9,,9,,,6,6,Sc,7,2911,,,21.3,,26.6,24,24.3,24.6
184,力林,2024-10-17 06:00,22.7,,,,2.5,,70,,78,,21.4,18.6,1018.2,,1020.6,,,9,,9,,,5,5,Sc,6,2480,,,21.4,,26.4,23.9,24.2,24.5
184,力林,2024-10-17 07:00,22.7,,,,3.5,,70,,77,,21.2,18.4,1018.4,,1020.8,,0,,0,,,,10,4,ScAs,8,2379,,,21.6,,26.5,24,24.2,24.5
184,力林,2024-10-17 08:00,22.7,,,,3.7,,70,,77,,21.2,18.4,1019.2,,1021.6,,0,,.03,,,,10,6,ScAs,8,2558,,,22,,26.4,23.9,24.1,24.4
184,力林,2024-10-17 09:00,22.8,,,,3.6,,70,,77,,21.3,18.5,1019.4,,1021.8,,0,,.08,,,,10,8,ScAs,8,2354,,,22.5,,26.5,23.9,24.2,24.4
184,力林,2024-10-17 10:00,23,,,,4.2,,90,,75,,21,18.3,1018.6,,1021,,0,,.32,,,,10,6,ScAs,9,2623,,,23.7,,26.5,23.9,24.1,24.4
184,力林,2024-10-17 11:00,23.7,,,,3.8,,90,,73,,21.3,18.5,1018.2,,1020.6,,0,,.71,,,,10,4,ScAs,9,2880,,,25.8,,26.5,24,24,24.3
184,力林,2024-10-17 12:00,23.9,,,,4.2,,90,,72,,21.3,18.5,1017.7,,1020.1,,0,,.85,,,,10,3,ScAs,8,2984,,,25.6,,26.6,24.2,24.1,24.3
184,力林,2024-10-17 13:00,24.1,,,9,4.4,,50,,74,,22.1,19.1,1016.8,,1019.2,,0,,.79,,,,10,7,ScAs,10,2910,,,26.9,,27,24.5,24.3,24.3
184,力林,2024-10-17 14:00,24,,,9,4.8,,70,,73,,21.7,18.8,1016.7,,1019.1,,0,,.73,,,,10,7,ScAs,9,2744,,,26.2,,27.2,24.7,24.5,24.3
184,力林,2024-10-17 15:00,23.5,,,9,4.6,,70,,77,,22.2,19.2,1016.9,,1019.3,,0,,.29,,,,10,8,ScAs,9,2740,,,24.9,,27.3,24.7,24.4,24.3
184,力林,2024-10-17 16:00,23.9,,,9,3.5,,70,,76,,22.5,19.4,1016.3,,1018.7,,0,,.49,,,,10,7,ScAs,9,2835,,,25.4,,27.4,24.9,24.6,24.3
184,力林,2024-10-17 17:00,24.1,,,,4.5,,90,,75,,22.4,19.3,1016,,1018.4,,.2,,.45,,,,8,8,Sc,9,2603,,,24.9,,27.4,24.8,24.6,24.4
184,力林,2024-10-17 18:00,23.6,,,,3.5,,70,,78,,22.7,19.5,1016,,1018.4,,.1,,.06,,,,10,8,ScAs,10,2680,,,23.4,,27.4,24.7,24.6,24.4
184,力林,2024-10-17 19:00,23.2,,,,3.6,,90,,78,,22.1,19.1,1016,,1018.4,,,9,,9,,,7,7,,5,2617,,,22.6,,27.4,24.8,24.7,24.4
184,力林,2024-10-17 20:00,23,,,,3.2,,90,,81,,22.7,19.5,1016,,1018.4,,,9,,9,,,4,4,,4,1826,,,22.2,,27.4,24.7,24.7,24.5
184,力林,2024-10-17 21:00,23,,,,3.4,,90,,83,,23.2,19.9,1015.9,,1018.3,,,9,,9,,,6,6,Sc,8,2397,,,22.1,,27.2,24.6,24.7,24.5
184,力林,2024-10-17 22:00,23,,,,3.1,,70,,86,,24.1,20.5,1015.7,,1018.1,,,9,,9,,,9,7,,4,2417,,,21.9,,27.1,24.5,24.6,24.5
184,力林,2024-10-17 23:00,23.3,,,,3.1,,70,,83,,23.7,20.2,1015.4,,1017.8,,,9,,9,,,7,1,,13,2286,,,21.8,,27,24.3,24.5,24.5
184,力林,2024-10-18 00:00,23.4,,,,2.9,,70,,82,,23.5,20.1,1015.2,,1017.6,,,9,,9,,,0,0,,,2161,,,21.6,,26.9,24.3,24.4,24.5
184,力林,2024-10-18 01:00,23.5,,,9,3.9,,70,,85,,24.6,20.8,1014.5,,1016.9,,,9,,9,,,6,3,,10,1703,,,22.1,,26.8,24.2,24.4,24.5
184,力林,2024-10-18 02:00,23.3,,,9,1.7,,110,,83,,23.7,20.2,1014.3,,1016.7,,,9,,9,,,7,1,,25,2384,,,21.8,,26.7,24.2,24.4,24.5
184,力林,2024-10-18 03:00,22.9,,,9,1.2,,50,,85,,23.7,20.2,1013.9,,1016.3,,,9,,9,,,7,5,AcCi,28,2343,,,21.3,,26.7,24.1,24.3,24.5
184,力林,2024-10-18 04:00,22.5,,,9,.9,,180,,81,,22,19,1013.5,,1015.9,,,9,,9,,,8,8,Sc,18,3178,,,21.4,,26.6,24,24.2,24.4
184,力林,2024-10-18 05:00,23.8,,,9,2.5,,90,,85,,25,21.1,1012.4,,1014.8,,,9,,9,,,8,8,Sc,18,2981,,,22.1,,26.5,23.9,24.2,24.4
184,力林,2024-10-18 06:00,24.4,,0,,2.8,,90,,81,,24.7,20.9,1012.1,,1014.5,,,9,,9,,,8,6,ScAc,10,3971,,01,22.2,,26.5,23.9,24.1,24.4
184,力林,2024-10-18 07:00,25.2,,,9,3.5,,110,,78,,24.9,21,1012,,1014.4,,0,,0,,,,9,3,ScAc,10,4773,,,22.6,,26.4,23.9,24.1,24.4
184,力林,2024-10-18 08:00,25.8,,0,,3,,90,,76,,25.2,21.2,1011.8,,1014.2,,.1,,.15,,,,10,7,StNs,8,2605,,01,23.6,,26.4,23.9,24,24.3
184,力林,2024-10-18 09:00,24.9,,.3,,1.9,,200,,79,,24.7,20.9,1012.6,,1015,,0,,.06,,,,10,4,StNs,7,2292,,01,24.1,,26.5,24,24.1,24.3
184,力林,2024-10-18 10:00,25.2,,1.7,,.7,,320,,81,,25.8,21.6,1011.7,,1014.1,,.2,,.59,,,,7,5,ScAc,9,2854,,01,25.4,,26.6,24,24,24.3
184,力林,2024-10-18 11:00,26.4,,,9,1.9,,50,,76,,26.1,21.8,1011.2,,1013.6,,.4,,1.1,,,,8,6,ScAc,10,2924,,,27.2,,26.8,24.3,24.1,24.3
184,力林,2024-10-18 12:00,27.6,,,9,1.7,,20,,70,,25.8,21.6,1010.4,,1012.8,,.1,,1.17,,,,7,6,ScAc,11,5000,,,30.7,,27.1,24.5,24.3,24.3
184,力林,2024-10-18 13:00,29.8,,,9,2.5,,50,,62,,26,21.7,1009.5,,1011.8,,.7,,2.13,,,,6,6,Sc,11,5000,,,33.4,,27.5,25,24.4,24.3
184,力林,2024-10-18 14:00,29.3,,,9,3,,20,,62,,25.2,21.2,1008.9,,1011.2,,.5,,1.81,,,,6,3,CuScAc,6,5000,,,31.9,,28.2,25.7,24.9,24.3
184,力林,2024-10-18 15:00,30.8,,,9,5,,200,,55,,24.4,20.7,1008.6,,1010.9,,.7,,1.49,,,,6,5,ScAc,6,5000,,,31.7,,28.8,26.2,25.3,24.4
184,力林,2024-10-18 16:00,31.1,,,9,5,,230,,54,,24.3,20.6,1008,,1010.3,,1,,1.53,,,,3,1,ScAc,10,5000,,,28.3,,29,26.4,25.6,24.5
184,力林,2024-10-18 17:00,30.7,,,9,1.8,,110,,56,,24.7,20.9,1007.9,,1010.2,,1,,.89,,,,5,1,ScAc,10,5000,,,26.9,,29.3,26.6,25.8,24.6
184,力林,2024-10-18 18:00,28.6,,,9,2.4,,180,,61,,23.8,20.3,1008.7,,1011,,.3,,.11,,,,8,1,ScAc,9,5000,,,25.7,,29.5,26.8,26.1,24.8
184,力林,2024-10-18 19:00,27.4,,,9,3.2,,250,,71,,25.8,21.6,1009.1,,1011.5,,,9,,9,,,8,1,,16,5000,,,25,,29.5,26.7,26.2,24.9
184,力林,2024-10-18 20:00,26.8,,,9,2.9,,230,,73,,25.6,21.5,1009.4,,1011.8,,,9,,9,,,7,4,,54,5000,,,24.3,,29.2,26.5,26.1,25
184,力林,2024-10-18 21:00,26.7,,,9,4.1,,230,,71,,24.7,20.9,1009.7,,1012.1,,,9,,9,,,8,2,ScAc,10,5000,,,24.2,,29,26.3,26.1,25.1
184,力林,2024-10-18 22:00,26.8,,,9,4,,230,,69,,24.3,20.6,1009.9,,1012.3,,,9,,9,,,7,0,,,5000,,,24.1,,28.9,26.2,26,25.1
184,力林,2024-10-18 23:00,26.6,,,9,3.6,,250,,69,,24,20.4,1010,,1012.4,,,9,,9,,,8,8,,57,5000,,,23.8,,28.7,26.1,26,25.2
184,力林,2024-10-19 00:00,26.2,,,9,4.5,,250,,72,,24.4,20.7,1010,,1012.4,,,9,,9,,,9,3,ScAc,10,4956,,,23.5,,28.6,25.9,25.8,25.2
184,力林,2024-10-19 01:00,25.9,,,,5.1,,250,,75,,25,21.1,1010.1,,1012.5,,,9,,9,,,10,1,,68,4331,,,23.5,,28.5,25.8,25.8,25.2
184,力林,2024-10-19 02:00,25.9,,,,4.5,,250,,71,,23.7,20.2,1009.7,,1012.1,,,9,,9,,,10,3,,24,4139,,,23.4,,28.3,25.7,25.7,25.2
184,力林,2024-10-19 03:00,25.7,,,,3.7,,250,,78,,25.6,21.5,1009.6,,1012,,,9,,9,,,10,4,ScAs,10,2588,,,23.5,,28.2,25.5,25.6,25.2
184,力林,2024-10-19 04:00,25.4,,,,4.9,,250,,81,,26.1,21.8,1009.4,,1011.8,,,9,,9,,,10,8,ScAs,6,1824,,,23.9,,28.1,25.5,25.5,25.2
184,力林,2024-10-19 05:00,24.9,,,,4.8,,270,,82,,25.8,21.6,1010,,1012.4,,,9,,9,,,10,8,ScAs,7,2005,,,23.8,,28,25.4,25.4,25.2
184,力林,2024-10-19 06:00,24.3,,,,3.5,,270,,82,,24.9,21,1010.8,,1013.2,,,9,,9,,,9,6,ScAc,7,2289,,,23.5,,28,25.4,25.4,25.2
184,力林,2024-10-19 07:00,23.7,,,,4.6,,270,,82,,24,20.4,1011.4,,1013.8,,0,,0,,,,10,6,ScAs,8,1837,,,23.2,,27.9,25.3,25.4,25.2
184,力林,2024-10-19 08:00,23.4,,,,4.6,,290,,79,,22.7,19.5,1012.4,,1014.8,,0,,.02,,,,10,2,ScAs,8,2701,,,23.1,,27.8,25.2,25.3,25.2
184,力林,2024-10-19 09:00,23.4,,,,4.5,,270,,77,,22.1,19.1,1012.8,,1015.2,,0,,.04,,,,10,8,ScAs,9,3286,,,23.2,,27.7,25.2,25.3,25.1
184,力林,2024-10-19 10:00,23.4,,,,4.8,,320,,79,,22.7,19.5,1013.4,,1015.8,,0,,.31,,,,10,7,ScAs,9,2836,,,24.2,,27.7,25.1,25.2,25.1
184,力林,2024-10-19 11:00,22.7,,,,4.9,,320,,79,,21.7,18.8,1013.6,,1016,,0,,.4,,,,10,8,ScAs,8,3543,,,23.9,,27.7,25.2,25.2,25.1
184,力林,2024-10-19 12:00,22.2,,,,5.8,,340,,76,,20.2,17.7,1013.8,,1016.2,,0,,.35,,,,10,8,ScAs,8,4423,,,23.5,,27.6,25.1,25.1,25.1
184,力林,2024-10-19 13:00,21.5,,,,7.7,,320,,76,,19.4,17,1013.9,,1016.3,,0,,.4,,,,10,6,ScAs,7,4873,,,23.4,,27.7,25.1,25.2,25.1
184,力林,2024-10-19 14:00,21.2,,,,5.6,,340,,72,,18.1,15.9,1014.3,,1016.7,,0,,.36,,,,10,4,ScAs,7,4125,,,22.7,,27.7,25.1,25.2,25.1
184,力林,2024-10-19 15:00,21.2,,,,5.3,,340,,70,,17.6,15.5,1014.4,,1016.8,,0,,.6,,,,10,4,ScAs,8,4760,,,23.7,,27.6,25.1,25.2,25.1
184,力林,2024-10-19 16:00,20.6,,,,3.8,,340,,68,,16.4,14.4,1015.4,,1017.8,,0,,.22,,,,10,8,ScAs,9,4778,,,21.8,,27.6,25.1,25.2,25
184,力林,2024-10-19 17:00,20.2,,,,4.4,,340,,69,,16.3,14.3,1016.3,,1018.7,,0,,.02,,,,10,8,ScAs,9,4071,,,20.6,,27.5,24.9,25.1,25
184,力林,2024-10-19 18:00,19.8,,0,,5.2,,340,,68,,15.7,13.7,1017.2,,1019.6,,0,,0,,,,10,8,ScAs,8,3962,,01,19.9,,27.2,24.7,24.9,25
184,力林,2024-10-19 19:00,19.8,,0,,5,,20,,70,,16.1,14.1,1017.8,,1020.2,,,9,,9,,,10,8,ScAs,6,4140,,01,19.7,,27,24.5,24.8,25
184,力林,2024-10-19 20:00,19.8,,0,,4.7,,20,,73,,16.8,14.8,1018.4,,1020.8,,,9,,9,,,10,8,StNs,6,2817,,01,20,,27.1,24.5,24.9,24.9
184,力林,2024-10-19 21:00,18.5,,.6,,3.1,,50,,85,,18.1,15.9,1019.1,,1021.5,,,9,,9,,,10,9,StNs,2,253,,1901,19.7,,26.7,24.2,24.5,24.9
184,力林,2024-10-19 22:00,18.7,,3.2,,5.5,,70,,85,,18.3,16.1,1019.7,,1022.1,,,9,,9,,,10,9,StNs,3,309,,1901,19.6,,26.5,24,24.4,24.9
184,力林,2024-10-19 23:00,18.3,,2.7,,7.7,,70,,82,,17.2,15.1,1020.2,,1022.7,,,9,,9,,,10,9,StNs,3,306,,1901,19.2,,26.3,23.8,24.3,24.8
184,力林,2024-10-20 00:00,18.1,,2.3,,6.7,,70,,83,,17.2,15.1,1020.5,,1023,,,9,,9,,,10,9,StNs,4,403,,1901,18.9,,26,23.6,24.1,24.7
184,力林,2024-10-20 01:00,18.2,,1.1,,5.7,,70,,78,,16.2,14.2,1021,,1023.5,,,9,,9,,,10,9,StNs,5,853,,1901,18.8,,25.8,23.3,23.9,24.7
184,力林,2024-10-20 02:00,18.2,,.6,,6.2,,70,,78,,16.2,14.2,1021.4,,1023.9,,,9,,9,,,10,8,StNs,6,1878,,1901,18.6,,25.6,23.1,23.7,24.6
184,力林,2024-10-20 03:00,18,,.3,,6.6,,70,,77,,15.9,13.9,1021.6,,1024.1,,,9,,9,,,10,10,StNs,6,1121,,01,18.3,,25.5,23,23.6,24.5
184,力林,2024-10-20 04:00,17.4,,.4,,6.5,,70,,77,,15.3,13.3,1022,,1024.5,,,9,,9,,,10,9,StNs,6,436,,1901,18.1,,25.3,22.9,23.5,24.4
184,力林,2024-10-20 05:00,17.5,,.6,,5.3,,70,,75,,15,13,1022.9,,1025.4,,,9,,9,,,10,8,StNs,6,1046,,1901,17.9,,25.2,22.7,23.3,24.4
184,力林,2024-10-20 06:00,17.5,,.2,,6.1,,70,,73,,14.5,12.5,1023.4,,1025.9,,,9,,9,,,10,8,StNs,7,1219,,01,17.8,,25,22.6,23.2,24.3
184,力林,2024-10-20 07:00,17.9,,0,,5.8,,70,,68,,13.9,11.9,1023.9,,1026.4,,0,,0,,,,10,8,StNs,7,2272,,01,17.6,,24.9,22.5,23.1,24.2
184,力林,2024-10-20 08:00,18.2,,0,,7.9,,70,,70,,14.6,12.6,1023.9,,1026.4,,0,,0,,,,10,8,ScAs,8,2378,,01,17.8,,24.7,22.3,22.9,24.1
184,力林,2024-10-20 09:00,18.4,,,9,7.3,,70,,67,,14.1,12.1,1024.8,,1027.3,,0,,.08,,,,10,8,ScAs,8,2584,,,18.2,,24.7,22.3,22.8,24
184,力林,2024-10-20 10:00,18.6,,,9,7.9,,70,,64,,13.7,11.6,1024.8,,1027.3,,0,,.32,,,,10,8,ScAs,8,2923,,,19.2,,24.6,22.2,22.8,23.9
184,力林,2024-10-20 11:00,19,,,9,8.3,,70,,63,,13.7,11.7,1024.6,,1027.1,,0,,.68,,,,10,7,ScAs,8,2808,,,20.6,,24.6,22.2,22.7,23.9
184,力林,2024-10-20 12:00,19.8,,,9,6.1,,70,,56,,12.9,10.7,1024.5,,1026.9,,.1,,1.2,,,,9,7,ScAc,9,3566,,,22.4,,24.5,22.2,22.6,23.8
184,力林,2024-10-20 13:00,20,,,9,7.2,,70,,57,,13.3,11.2,1024,,1026.5,,0,,1.32,,,,8,5,ScAc,10,3397,,,23.1,,24.8,22.4,22.6,23.7
184,力林,2024-10-20 14:00,19.5,,,9,5.5,,70,,56,,12.6,10.4,1023.3,,1025.7,,.1,,.84,,,,10,8,ScAs,10,3759,,,21.4,,25.1,22.7,22.7,23.7
184,力林,2024-10-20 15:00,19.5,,,9,8.4,,70,,60,,13.6,11.5,1023.3,,1025.7,,0,,.77,,,,10,8,ScAs,9,3176,,,21.1,,25.2,22.8,22.9,23.6
184,力林,2024-10-20 16:00,19.7,,,9,8.3,,70,,59,,13.5,11.4,1023.1,,1025.5,,.2,,.81,,,,8,6,ScAc,9,3605,,,20.5,,25.3,22.8,23,23.6
184,力林,2024-10-20 17:00,19,,0,,7.7,,70,,63,,13.7,11.7,1022.7,,1025.2,,0,,.1,,,,10,8,ScAs,9,3147,,01,18.9,,25.4,22.9,23,23.6
184,力林,2024-10-20 18:00,19.2,,0,,7.6,,70,,64,,14.2,12.2,1022.4,,1024.8,,0,,0,,,,10,9,ScAs,9,3200,,01,18.3,,25.3,22.8,23,23.6
184,力林,2024-10-20 19:00,19.3,,,9,4.5,,70,,59,,13.1,11,1022.5,,1024.9,,,9,,9,,,9,9,,11,3479,,,18,,25.2,22.6,23,23.6
184,力林,2024-10-20 20:00,19.5,,0,,4.8,,90,,60,,13.6,11.5,1022.7,,1025.1,,,9,,9,,,10,8,ScAs,9,3210,,01,17.8,,25,22.5,22.9,23.6
184,力林,2024-10-20 21:00,19.6,,,9,3.8,,70,,60,,13.7,11.6,1022.8,,1025.2,,,9,,9,,,10,8,ScAs,10,3703,,,17.9,,24.9,22.4,22.8,23.6
184,力林,2024-10-20 22:00,19.7,,0,,3.5,,90,,61,,13.9,11.9,1022.9,,1025.3,,,9,,9,,,10,8,ScAs,9,3539,,01,17.9,,24.8,22.3,22.7,23.6
184,力林,2024-10-20 23:00,19.7,,,9,3.9,,70,,64,,14.6,12.6,1022,,1024.4,,,9,,9,,,8,8,,10,3257,,,17.9,,24.7,22.2,22.6,23.5
184,力林,2024-10-21 00:00,19.7,,,9,3,,90,,63,,14.4,12.4,1021.3,,1023.7,,,9,,9,,,10,8,ScAs,10,3657,,,18,,24.6,22.2,22.6,23.5
184,力林,2024-10-21 01:00,19.6,,,,2.2,,90,,63,,14.3,12.3,1021.1,,1023.5,,,9,,9,,,9,9,,13,3710,,,18.1,,24.5,22.1,22.5,23.4
184,力林,2024-10-21 02:00,19.5,,0,,1.7,,90,,68,,15.4,13.4,1020.5,,1022.9,,,9,,9,,,10,9,ScAs,9,3408,,01,18.3,,24.5,22,22.4,23.4
184,力林,2024-10-21 03:00,19.6,,,9,2,,110,,69,,15.7,13.7,1020.2,,1022.6,,,9,,9,,,10,9,ScAs,9,3447,,,18.6,,24.5,22,22.5,23.4
184,力林,2024-10-21 04:00,19.5,,,9,1.3,,110,,73,,16.5,14.5,1020,,1022.4,,,9,,9,,,10,9,ScAs,8,3165,,,18.7,,24.4,22,22.4,23.3
184,力林,2024-10-21 05:00,19.3,,0,,2.2,,90,,75,,16.7,14.7,1019.4,,1021.8,,,9,,9,,,10,8,ScAs,9,2867,,01,18.6,,24.4,22,22.4,23.3
184,力林,2024-10-21 06:00,19.2,,0,,3.4,,110,,78,,17.3,15.2,1019,,1021.4,,,9,,9,,,10,6,StNs,7,2937,,01,18.4,,24.4,21.9,22.3,23.2
184,力林,2024-10-21 07:00,19.4,,0,,2.4,,90,,78,,17.5,15.4,1019.1,,1021.5,,0,,0,,,,7,6,ScAc,10,3155,,01,18.2,,24.4,21.9,22.3,23.2
184,力林,2024-10-21 08:00,20.3,,,9,2.6,,90,,76,,18.1,15.9,1019.3,,1021.7,,.3,,.24,,,,9,8,ScAc,13,3553,,,20,,24.3,21.8,22.2,23.2
184,力林,2024-10-21 09:00,21.6,,,9,3.3,,70,,74,,19,16.7,1019.6,,1022,,.2,,.63,,,,9,4,ScAc,15,3649,,,22,,24.3,21.9,22.2,23.1
184,力林,2024-10-21 10:00,22.3,,,9,4.1,,70,,72,,19.4,17,1019.6,,1022,,.3,,1.11,,,,10,8,ScAs,8,3764,,,23.6,,24.5,22.1,22.2,23.1
184,力林,2024-10-21 11:00,21.7,,,9,5.6,,70,,75,,19.4,17,1019.3,,1021.7,,0,,.63,,,,10,8,ScAs,8,3206,,,23.7,,24.8,22.3,22.3,23.1
184,力林,2024-10-21 12:00,21.7,,,9,3.1,,70,,75,,19.4,17,1019.2,,1021.6,,0,,.54,,,,10,8,ScAs,8,3389,,,23.8,,25,22.6,22.5,23.1
184,力林,2024-10-21 13:00,21.7,,,9,5.2,,70,,77,,19.9,17.4,1018.3,,1020.7,,0,,.42,,,,10,9,ScAs,6,3431,,,23.4,,25.3,22.8,22.7,23.1
184,力林,2024-10-21 14:00,21.8,,0,,4.7,,70,,76,,19.7,17.3,1018.1,,1020.5,,0,,.34,,,,10,9,ScAs,6,3192,,01,23.2,,25.4,22.9,22.8,23.1
184,力林,2024-10-21 15:00,21.8,,0,,3.2,,70,,77,,20,17.5,1017.5,,1019.9,,0,,.2,,,,10,9,ScAs,6,3418,,01,22.5,,25.5,23,22.9,23.1
184,力林,2024-10-21 16:00,22,,,9,2.8,,70,,77,,20.2,17.7,1017.1,,1019.5,,0,,.13,,,,10,9,ScAs,6,3636,,,22.5,,25.6,23.1,23,23.2
184,力林,2024-10-21 17:00,21.7,,0,,2,,70,,78,,20.1,17.6,1017.4,,1019.8,,0,,.01,,,,10,8,StNs,6,1222,,01,21.8,,25.7,23.1,23.1,23.2
184,力林,2024-10-21 18:00,21.2,,.5,,2.6,,70,,85,,21.3,18.5,1017,,1019.4,,0,,0,,,,10,8,ScAs,6,2118,,01,21.5,,25.7,23.1,23.1,23.2
184,力林,2024-10-21 19:00,21.1,,,9,2.9,,70,,87,,21.7,18.8,1016.8,,1019.2,,,9,,9,,,10,9,,5,2258,,,21.3,,25.6,23,23.1,23.3
184,力林,2024-10-21 20:00,21.2,,3.8,,1.7,,70,,87,,21.8,18.9,1017,,1019.4,,,9,,9,,,10,7,StNs,7,479,,1901,21.3,,25.6,23,23.1,23.3
184,力林,2024-10-21 21:00,21.4,,6.5,,2.5,,70,,88,,22.4,19.3,1017.1,,1019.5,,,9,,9,,,10,8,StNs,7,220,,1901,21.4,,25.5,22.9,23.1,23.3
184,力林,2024-10-21 22:00,21.4,,2.2,,2.5,,70,,88,,22.4,19.3,1016.1,,1018.5,,,9,,9,,,10,7,StNs,7,400,,1901,21.5,,25.4,22.8,23.1,23.3
184,力林,2024-10-21 23:00,21.4,,2.8,,3.1,,70,,90,,22.8,19.6,1015.3,,1017.7,,,9,,9,,,10,6,StNs,7,1732,,1901,21.5,,25.4,22.8,23,23.3
184,力林,2024-10-22 00:00,22,,.2,,4.4,,70,,90,,23.7,20.2,1014.1,,1016.5,,,9,,9,,,10,7,ScAs,10,2937,,01,21.6,,25.3,22.8,23,23.3
184,力林,2024-10-22 01:00,22.1,,0,,4.1,,50,,89,,23.5,20.1,1013.4,,1015.8,,,9,,9,,,10,8,ScAs,10,1439,,01,21.6,,25.3,22.8,22.9,23.3
184,力林,2024-10-22 02:00,22.7,,0,,4.7,,50,,89,,24.4,20.7,1012.9,,1015.3,,,9,,9,,,10,7,ScAs,10,4176,,01,21.8,,25.3,22.8,22.9,23.3
184,力林,2024-10-22 03:00,21,,.3,,4.5,,50,,87,,21.6,18.7,1012.2,,1014.6,,,9,,9,,,10,8,StNs,7,1095,,01,21.5,,25.3,22.8,22.9,23.3
184,力林,2024-10-22 04:00,20.8,,2.2,,5.4,,50,,88,,21.6,18.7,1012.5,,1014.9,,,9,,9,,,10,8,StNs,7,356,,1901,21.2,,25.3,22.8,23,23.3
184,力林,2024-10-22 05:00,20.2,,6.1,,5.5,,50,,88,,20.8,18.1,1012.7,,1015.1,,,9,,9,,,10,9,CbStNs,5,582,,1901,20.8,,25.3,22.7,22.9,23.2
184,力林,2024-10-22 06:00,20.3,,7,,1.6,,110,,88,,20.9,18.2,1013.9,,1016.3,,,9,,9,,,10,8,StNs,7,78,,191601,20.7,,25.2,22.6,22.9,23.2
184,力林,2024-10-22 07:00,20.1,,16.3,,1.6,,110,,91,,21.3,18.5,1012.8,,1015.2,,0,,0,,,,10,8,ScAs,10,4531,,191601,20.7,,24.9,22.1,22.7,23.1
184,力林,2024-10-22 08:00,20.5,,,9,2,,140,,92,,22.1,19.1,1012.8,,1015.2,,0,,.06,,,,8,8,Sc,6,2993,,,21.4,,24.7,22.1,22.5,23.1
184,力林,2024-10-22 09:00,21.4,,,9,2.7,,90,,88,,22.4,19.3,1012.4,,1014.8,,0,,.44,,,,6,6,Sc,9,3218,,,22.8,,24.7,22.2,22.5,23.1
184,力林,2024-10-22 10:00,22.8,,,9,3.3,,70,,82,,22.7,19.5,1012.4,,1014.8,,.4,,.95,,,,9,9,Sc,8,4613,,,24.5,,24.8,22.3,22.5,23
184,力林,2024-10-22 11:00,24,,,9,2.7,,50,,79,,23.5,20.1,1011.8,,1014.2,,.3,,1.2,,,,9,9,Sc,7,4911,,,26.7,,25,22.6,22.5,23
184,力林,2024-10-22 12:00,24,,,9,3.3,,50,,82,,24.4,20.7,1011.2,,1013.6,,0,,.96,,,,8,8,Sc,7,3103,,,26.9,,25.5,22.9,22.7,23
184,力林,2024-10-22 13:00,23.8,,,9,3.3,,20,,81,,23.8,20.3,1010.8,,1013.2,,0,,.76,,,,8,8,Sc,7,3323,,,26.6,,25.9,23.3,23,23
184,力林,2024-10-22 14:00,24.3,,,9,2.5,,20,,80,,24.3,20.6,1010.1,,1012.5,,0,,1.05,,,,10,8,ScAs,6,2874,,,27,,26.2,23.7,23.3,23
184,力林,2024-10-22 15:00,23.8,,,9,2.3,,360,,82,,24.1,20.5,1010.3,,1012.7,,0,,.36,,,,10,8,ScAs,7,2565,,,25.8,,26.4,23.9,23.4,23.1
184,力林,2024-10-22 16:00,23.5,,,9,3.9,,290,,83,,24,20.4,1010.7,,1013.1,,0,,.34,,,,10,8,ScAs,8,3171,,,25,,26.6,24,23.6,23.2
184,力林,2024-10-22 17:00,22.7,,0,,4.2,,290,,83,,22.8,19.6,1011.1,,1013.5,,0,,.03,,,,10,8,StNs,4,2125,,01,23.6,,26.7,24.1,23.8,23.2
184,力林,2024-10-22 18:00,21.9,,.2,,4.6,,270,,83,,21.7,18.8,1011.5,,1013.9,,0,,0,,,,10,8,ScAs,6,5000,,01,22.7,,26.9,24.3,24,23.3
184,力林,2024-10-22 19:00,21.9,,,9,4.5,,270,,81,,21.2,18.4,1012,,1014.4,,,9,,9,,,10,5,,5,5000,,,21.7,,26.6,24,23.8,23.4
184,力林,2024-10-22 20:00,21.9,,,9,4.6,,270,,79,,20.6,18,1011.5,,1013.9,,,9,,9,,,10,7,,5,4982,,,21.4,,26.5,23.8,23.8,23.4
184,力林,2024-10-22 21:00,21.8,,,9,4.4,,270,,83,,21.6,18.7,1011.7,,1014.1,,,9,,9,,,10,8,ScAs,8,5000,,,21.5,,26.4,23.9,23.9,23.5
184,力林,2024-10-22 22:00,19.9,,.3,,6.2,,290,,85,,19.6,17.2,1012.8,,1015.2,,,9,,9,,,10,5,StNs,4,649,,1901,20.7,,26.2,23.6,23.7,23.5
184,力林,2024-10-22 23:00,20.1,,.2,,6.2,,290,,80,,18.8,16.5,1012.9,,1015.3,,,9,,9,,,10,5,StNs,6,3946,,1901,20.2,,26,23.4,23.6,23.6
184,力林,2024-10-23 00:00,19.5,,0,,5.8,,290,,81,,18.3,16.1,1013.3,,1015.7,,,9,,9,,,10,5,StNs,4,3563,,01,19.8,,25.9,23.3,23.6,23.6
184,力林,2024-10-23 01:00,19.5,,0,,7.7,,320,,79,,17.8,15.7,1013.4,,1015.8,,,9,,9,,,10,5,StNs,5,2889,,01,19.2,,25.7,23.2,23.5,23.6
184,力林,2024-10-23 02:00,19.1,,0,,7,,320,,76,,16.7,14.7,1013.8,,1016.2,,,9,,9,,,10,8,ScAs,8,3657,,01,18.7,,25.5,22.9,23.3,23.5
184,力林,2024-10-23 03:00,19,,0,,7.7,,320,,65,,14.2,12.2,1013.8,,1016.2,,,9,,9,,,9,9,Sc,10,3114,,01,18.2,,25.5,22.9,23.3,23.5
184,力林,2024-10-23 04:00,18.7,,,9,6.4,,320,,56,,12,9.7,1013.9,,1016.3,,,9,,9,,,5,5,Sc,12,4708,,,16.5,,25.1,22.6,23,23.5
184,力林,2024-10-23 05:00,18.4,,0,,8.1,,320,,67,,14.1,12.1,1014.3,,1016.7,,,9,,9,,,8,6,Sc,8,3300,,01,16.9,,24.9,22.3,22.9,23.4
184,力林,2024-10-23 06:00,17.9,,,9,7.7,,340,,61,,12.4,10.2,1015,,1017.4,,,9,,9,,,8,8,Sc,10,4440,,,16.2,,24.7,22.2,22.8,23.4
184,力林,2024-10-23 07:00,17.6,,,9,6.6,,320,,61,,12.2,9.9,1015.6,,1018.1,,0,,0,,,,8,6,ScCi,11,4438,,,15.8,,24.5,22,22.7,23.3
184,力林,2024-10-23 08:00,17.6,,,9,6.6,,340,,58,,11.6,9.2,1016.4,,1018.9,,0,,0,,,,9,9,Sc,10,4473,,,16,,24.1,21.7,22.3,23.3
184,力林,2024-10-23 09:00,17.8,,,9,5.9,,340,,52,,10.6,7.8,1017.3,,1019.8,,0,,.15,,,,9,9,Sc,11,5000,,,16.9,,24.1,21.6,22.3,23.2
184,力林,2024-10-23 10:00,18.2,,,9,5,,340,,55,,11.5,9,1017.4,,1019.8,,.1,,.57,,,,9,9,Sc,11,4987,,,18.3,,24,21.6,22.2,23.2
184,力林,2024-10-23 11:00,18.7,,,9,5.5,,320,,55,,11.8,9.4,1017.5,,1019.9,,0,,.75,,,,9,9,Sc,11,5000,,,19.6,,23.9,21.5,22,23.1
184,力林,2024-10-23 12:00,18.9,,,9,5.5,,320,,55,,11.9,9.6,1017.3,,1019.7,,.1,,.85,,,,9,9,Sc,12,5000,,,20.6,,24,21.6,22,23
184,力林,2024-10-23 13:00,19.1,,,9,5.6,,340,,58,,12.8,10.6,1016.9,,1019.3,,.1,,1.01,,,,7,7,Sc,10,4792,,,21.7,,24.1,21.7,22,23
184,力林,2024-10-23 14:00,19.7,,,9,4.9,,340,,53,,12.1,9.8,1016.6,,1019,,.7,,2.25,,,,7,7,Sc,10,4489,,,23.3,,24.3,21.9,22.1,23
184,力林,2024-10-23 15:00,19.8,,,9,4.3,,320,,51,,11.7,9.3,1016.5,,1018.9,,.7,,1.8,,,,6,6,Sc,10,4950,,,22.2,,24.7,22.2,22.2,22.9
184,力林,2024-10-23 16:00,19.5,,,9,4.8,,320,,50,,11.2,8.7,1016.6,,1019,,.6,,1.22,,,,4,4,Sc,10,5000,,,19.8,,25,22.5,22.4,22.9
184,力林,2024-10-23 17:00,18.6,,,9,4.2,,320,,53,,11.3,8.8,1016.7,,1019.1,,.6,,.56,,,,3,3,Sc,10,4357,,,17.9,,25.1,22.5,22.5,22.9
184,力林,2024-10-23 18:00,17.2,,,9,3.5,,320,,58,,11.3,8.8,1016.7,,1019.2,,.1,,.07,,,,1,1,Sc,11,4305,,,16.3,,25,22.4,22.5,22.9
184,力林,2024-10-23 19:00,16.9,,,9,3.6,,360,,57,,10.9,8.3,1017.1,,1019.6,,,9,,9,,,0,0,,,4430,,,15.7,,24.7,22.1,22.5,22.9
184,力林,2024-10-23 20:00,16.5,,,9,2.9,,360,,60,,11.2,8.6,1017.5,,1020,,,9,,9,,,1,1,,11,4460,,,15.1,,24.5,21.9,22.4,22.9
184,力林,2024-10-23 21:00,16.2,,,9,3.1,,360,,62,,11.4,8.9,1018,,1020.5,,,9,,9,,,2,2,Sc,11,4631,,,14.8,,24.2,21.7,22.2,22.9
184,力林,2024-10-23 22:00,16,,,9,3.7,,360,,63,,11.4,8.9,1018.3,,1020.8,,,9,,9,,,0,0,,,4900,,,14.3,,24,21.4,22,22.9
184,力林,2024-10-23 23:00,15.4,,,9,2,,160,,64,,11.2,8.6,1018.3,,1020.8,,,9,,9,,,0,0,,,4829,,,14.1,,23.7,21.2,21.9,22.8
184,力林,2024-10-24 00:00,14.7,,,9,1.9,,200,,67,,11.2,8.6,1018.3,,1020.8,,,9,,9,,,2,2,Sc,,4998,,,14.2,,23.5,21,21.7,22.8
184,力林,2024-10-24 01:00,14.6,,,,2.1,,160,,68,,11.2,8.7,1018.2,,1020.7,,,9,,9,,,1,1,,9,5000,,,14.6,,23.3,20.8,21.5,22.7
184,力林,2024-10-24 02:00,14.7,,,,1.4,,160,,68,,11.3,8.8,1018.2,,1020.7,,,9,,9,,,1,1,,9,5000,,,14.3,,23.2,20.6,21.3,22.6
184,力林,2024-10-24 03:00,14.7,,,,2.1,,360,,68,,11.3,8.8,1017.8,,1020.3,,,9,,9,,,3,3,Sc,11,5000,,,13.8,,23,20.4,21.2,22.5
184,力林,2024-10-24 04:00,15.5,,,,4,,20,,63,,11,8.4,1017.8,,1020.3,,,9,,9,,,6,6,Sc,10,5000,,,14.1,,22.9,20.3,21,22.5
184,力林,2024-10-24 05:00,15.7,,,,3.8,,20,,64,,11.3,8.8,1017.6,,1020.1,,,9,,9,,,6,6,Sc,10,5000,,,14.2,,22.7,20.1,20.9,22.4
184,力林,2024-10-24 06:00,15.8,,,,3.2,,50,,63,,11.2,8.7,1017.7,,1020.2,,,9,,9,,,5,5,Sc,9,5000,,,14.3,,22.6,20,20.8,22.3
184,力林,2024-10-24 07:00,15.4,,,,3.2,,20,,61,,10.6,7.9,1018,,1020.5,,0,,0,,,,2,2,Sc,10,5000,,,13.7,,22.5,19.9,20.7,22.2
184,力林,2024-10-24 08:00,15.3,,,,3.2,,360,,62,,10.7,8,1018.5,,1021,,.7,,.33,,,,0,0,,,5000,,,13.6,,22.4,19.8,20.5,22.1
184,力林,2024-10-24 09:00,17,,,,3.3,,360,,57,,11,8.4,1018.9,,1021.4,,1,,1.07,,,,0,0,,,5000,,,14.4,,22.2,19.6,20.4,22.1
184,力林,2024-10-24 10:00,18.9,,,,3.3,,340,,47,,10.2,7.3,1018.9,,1021.3,,1,,1.77,,,,0,0,,,5000,,,19,,22.2,19.7,20.3,22
184,力林,2024-10-24 11:00,19.5,,,,2,,20,,47,,10.6,7.8,1018.3,,1020.7,,1,,2.31,,,,0,0,,,5000,,,23.7,,22.4,19.9,20.3,21.9
184,力林,2024-10-24 12:00,19.8,,,,3,,20,,43,,9.9,6.8,1017.8,,1020.2,,1,,2.62,,,,0,0,,,5000,,,25.6,,22.9,20.3,20.4,21.8
184,力林,2024-10-24 13:00,19.9,,,,4,,20,,36,,8.3,4.3,1017.4,,1019.8,,1,,2.7,,,,0,0,,,5000,,,26.1,,23.5,20.9,20.7,21.8
184,力林,2024-10-24 14:00,20,,,,2.5,,70,,44,,10.2,7.3,1016.4,,1018.8,,1,,2.51,,,,0,0,,,5000,,,26.4,,24.1,21.5,21.1,21.8
184,力林,2024-10-24 15:00,20,,,,3.2,,50,,45,,10.4,7.6,1016.7,,1019.1,,1,,2.1,,,,0,0,,,5000,,,23.9,,24.7,22,21.4,21.8
184,力林,2024-10-24 16:00,20,,,,2.9,,50,,44,,10.2,7.3,1017,,1019.4,,1,,1.49,,,,0,0,,,5000,,,19.5,,25.1,22.3,21.9,21.9
184,力林,2024-10-24 17:00,19.6,,,,2.3,,50,,41,,9.3,5.9,1017.3,,1019.7,,1,,.76,,,,0,0,,,5000,,,16.9,,25,22.2,21.8,22
184,力林,2024-10-24 18:00,18.2,,,,1.3,,90,,46,,9.5,6.3,1017.4,,1019.8,,.7,,.12,,,,0,0,,,5000,,,15.9,,25.1,22.3,22.1,22.1
184,力林,2024-10-24 19:00,16.8,,,,2.3,,140,,47,,9,5.4,1018,,1020.5,,,9,,9,,,0,0,,,5000,,,14.8,,24.8,21.9,22.1,22.1
184,力林,2024-10-24 20:00,16.2,,,,2.1,,140,,51,,9.3,6,1018.3,,1020.8,,,9,,9,,,0,0,,,5000,,,14.2,,24.4,21.6,21.9,22.2
184,力林,2024-10-24 21:00,16.1,,,,1.8,,110,,52,,9.5,6.2,1018.6,,1021.1,,,9,,9,,,0,0,,,5000,,,13.8,,23.9,21.1,21.5,22.2
184,力林,2024-10-24 22:00,16.1,,,,1.7,,140,,54,,9.8,6.7,1018.7,,1021.2,,,9,,9,,,0,0,,,5000,,,13.7,,23.8,21,21.5,22.2
184,力林,2024-10-24 23:00,16.4,,,,2.2,,140,,57,,10.6,7.8,1018.8,,1021.3,,,9,,9,,,0,0,,,5000,,,13.6,,23.4,20.7,21.2,22.2
184,力林,2024-10-25 00:00,16.4,,,,1.8,,140,,66,,12.3,10,1019,,1021.5,,,9,,9,,,1,1,Sc,,5000,,,13.9,,23.3,20.6,21.2,22.1
184,力林,2024-10-25 01:00,16.7,,,,1.8,,140,,76,,14.4,12.4,1018.9,,1021.4,,,9,,9,,,0,0,,,4951,,,14.4,,23,20.3,20.9,22.1
184,力林,2024-10-25 02:00,17.6,,,,2.4,,110,,73,,14.6,12.6,1018.7,,1021.2,,,9,,9,,,0,0,,,5000,,,14.5,,22.7,20,20.6,22
184,力林,2024-10-25 03:00,17.4,,,,2,,110,,75,,14.9,12.9,1018.3,,1020.8,,,9,,9,,,3,3,Sc,11,5000,,,14.4,,22.5,19.9,20.5,21.9
184,力林,2024-10-25 04:00,17.6,,,,2.8,,110,,78,,15.7,13.7,1018.1,,1020.6,,,9,,9,,,3,3,Sc,11,4991,,,15.1,,22.6,19.9,20.5,21.8
184,力林,2024-10-25 05:00,18.4,,,,2.4,,90,,77,,16.2,14.2,1018.6,,1021,,,9,,9,,,5,5,Sc,9,4857,,,16.1,,22.4,19.8,20.4,21.8
184,力林,2024-10-25 06:00,19,,,,3.2,,90,,79,,17.3,15.2,1018.8,,1021.2,,,9,,9,,,3,3,Sc,8,4114,,,16.9,,22.5,19.9,20.4,21.7
184,力林,2024-10-25 07:00,19.2,,,,1.9,,90,,79,,17.5,15.4,1019.2,,1021.6,,0,,0,,,,8,5,ScCi,7,4374,,,17.2,,22.4,19.8,20.2,21.6
184,力林,2024-10-25 08:00,19.3,,,,1.9,,90,,72,,16.1,14.1,1019.7,,1022.1,,.3,,.2,,,,7,6,ScCi,11,4988,,,17.3,,22.3,19.8,20.1,21.6
184,力林,2024-10-25 09:00,21.5,,,,4,,70,,74,,18.9,16.6,1019.9,,1022.3,,.5,,.78,,,,7,7,Sc,11,4101,,,20.4,,22.4,19.8,20.2,21.5
184,力林,2024-10-25 10:00,23.2,,,,4.8,,50,,61,,17.3,15.2,1020.2,,1022.6,,.5,,1.53,,,,8,8,Sc,11,4685,,,23.6,,22.8,20.2,20.3,21.5
184,力林,2024-10-25 11:00,23.1,,,,4.8,,70,,58,,16.3,14.3,1019.9,,1022.3,,.4,,1.39,,,,6,6,Sc,10,4985,,,24,,23.1,20.6,20.4,21.5
184,力林,2024-10-25 12:00,24,,,,5.6,,70,,57,,16.9,14.9,1019.3,,1021.7,,.7,,2.12,,,,6,5,ScCi,10,4508,,,28,,23.5,20.9,20.7,21.4
184,力林,2024-10-25 13:00,24.3,,,,5.2,,70,,57,,17.3,15.2,1018.5,,1020.9,,.9,,2.38,,,,6,0,Ci,,4956,,,28.3,,24.2,21.5,21,21.5
184,力林,2024-10-25 14:00,24.8,,,,4.2,,70,,55,,17.2,15.1,1018.2,,1020.6,,.9,,2.34,,,,7,4,ScCi,11,4998,,,28.9,,24.9,22.1,21.5,21.5
184,力林,2024-10-25 15:00,24.8,,,,5.4,,70,,58,,18.1,15.9,1018.1,,1020.5,,.8,,1.88,,,,7,5,ScCi,9,4945,,,27.2,,25.3,22.4,21.7,21.6
184,力林,2024-10-25 16:00,23.5,,,,5.8,,70,,63,,18.2,16,1018.5,,1020.9,,.5,,.92,,,,6,4,ScCi,10,4478,,,24,,25.8,22.9,22.2,21.7
184,力林,2024-10-25 17:00,22.7,,,,4.5,,90,,66,,18.2,16,1018.1,,1020.5,,.7,,.5,,,,7,0,Ci,,4448,,,21.6,,25.9,23,22.4,21.8
184,力林,2024-10-25 18:00,21.9,,,,3.6,,70,,67,,17.5,15.4,1018.3,,1020.7,,.2,,.08,,,,6,0,Ci,,4579,,,20.5,,26.1,23.1,22.7,21.9
184,力林,2024-10-25 19:00,21.6,,,,3.8,,70,,71,,18.3,16.1,1018.6,,1021,,,9,,9,,,7,5,,8,4445,,,19.7,,25.7,22.7,22.6,22.1
184,力林,2024-10-25 20:00,21.7,,,,4,,90,,74,,19.1,16.8,1018.4,,1020.8,,,9,,9,,,7,7,,7,3668,,,19.9,,25.5,22.6,22.5,22.2
184,力林,2024-10-25 21:00,21.7,,0,,3,,70,,76,,19.6,17.2,1019.2,,1021.6,,,9,,9,,,8,5,ScAc,9,3316,,01,20.4,,25.3,22.4,22.4,22.2
184,力林,2024-10-25 22:00,21.8,,,9,3.6,,70,,72,,18.8,16.5,1019,,1021.4,,,9,,9,,,4,4,,9,4188,,,20.2,,25.3,22.4,22.4,22.3
184,力林,2024-10-25 23:00,21.7,,,9,2.6,,90,,71,,18.4,16.2,1018.4,,1020.8,,,9,,9,,,0,0,,,4165,,,19.8,,25.2,22.3,22.4,22.3
184,力林,2024-10-26 00:00,21.3,,,9,2.9,,70,,73,,18.4,16.2,1018.3,,1020.7,,,9,,9,,,3,3,Sc,10,3850,,,19,,25.1,22.2,22.3,22.3
184,力林,2024-10-26 01:00,21.2,,,,2.6,,90,,75,,18.8,16.5,1018.1,,1020.5,,,9,,9,,,9,1,,7,3801,,,19.3,,24.9,22.1,22.2,22.3
184,力林,2024-10-26 02:00,21.3,,,,2.7,,90,,75,,18.9,16.6,1017.7,,1020.1,,,9,,9,,,9,6,,8,3786,,,19.6,,24.9,22,22.2,22.3
184,力林,2024-10-26 03:00,21.2,,,,2.8,,90,,74,,18.5,16.3,1017.3,,1019.7,,,9,,9,,,9,6,ScAc,8,3715,,,19.6,,24.8,22,22.1,22.3
184,力林,2024-10-26 04:00,21.2,,,,2.8,,70,,75,,18.8,16.5,1017.1,,1019.5,,,9,,9,,,8,6,ScAc,8,3837,,,19.5,,24.7,21.9,22.1,22.3
184,力林,2024-10-26 05:00,21.2,,,,3,,70,,74,,18.5,16.3,1017.1,,1019.5,,,9,,9,,,10,7,ScAs,8,4234,,,19.7,,24.6,21.8,22,22.3
184,力林,2024-10-26 06:00,21.2,,,,3.1,,70,,75,,18.8,16.5,1017.2,,1019.6,,,9,,9,,,10,8,ScAs,8,3942,,,19.9,,24.6,21.8,22,22.3
184,力林,2024-10-26 07:00,21.3,,0,,2.7,,70,,76,,19.1,16.8,1017.2,,1019.6,,0,,0,,,,10,9,ScAs,6,3237,,01,20,,24.6,21.8,22,22.3
184,力林,2024-10-26 08:00,21.3,,0,,5.5,,70,,79,,20,17.5,1017.6,,1020,,0,,0,,,,10,8,ScAs,6,2649,,01,20.2,,24.6,21.8,21.9,22.3
184,力林,2024-10-26 09:00,21,,,9,5.1,,70,,79,,19.6,17.2,1018.1,,1020.5,,0,,0,,,,10,7,ScAs,6,2768,,,20.4,,24.6,21.8,21.9,22.2
184,力林,2024-10-26 10:00,21,,0,,2.7,,70,,81,,20.1,17.6,1017.8,,1020.2,,0,,.09,,,,10,8,ScAs,6,2432,,01,21.1,,24.6,21.8,21.9,22.3
184,力林,2024-10-26 11:00,21.6,,,9,4.4,,70,,77,,19.7,17.3,1017.4,,1019.8,,0,,.24,,,,10,8,ScAs,8,2992,,,22,,24.6,21.8,21.9,22.3
184,力林,2024-10-26 12:00,21.6,,,9,4.9,,70,,77,,19.7,17.3,1017,,1019.4,,0,,.23,,,,10,6,ScAs,8,2916,,,22,,24.7,22,22,22.2
184,力林,2024-10-26 13:00,21.3,,,9,3.5,,70,,78,,19.7,17.3,1016,,1018.4,,0,,.2,,,,10,8,ScAs,8,2983,,,22,,24.8,22,22,22.3
184,力林,2024-10-26 14:00,22.1,,,9,3.5,,90,,74,,19.6,17.2,1015.2,,1017.6,,0,,.57,,,,10,8,ScAs,8,3417,,,23.6,,24.9,22.1,22.1,22.3
184,力林,2024-10-26 15:00,22.4,,,9,3.3,,90,,73,,19.7,17.3,1014.4,,1016.8,,0,,.52,,,,10,7,ScAs,8,3313,,,23.8,,25.1,22.3,22.2,22.3
184,力林,2024-10-26 16:00,22.9,,,9,3.9,,90,,72,,20,17.5,1013.9,,1016.3,,.2,,.77,,,,9,8,ScAc,8,3615,,,23.9,,25.2,22.4,22.2,22.3
184,力林,2024-10-26 17:00,22.2,,,9,3.1,,90,,76,,20.2,17.7,1014.5,,1016.9,,0,,.11,,,,10,8,ScAs,8,3449,,,22.3,,25.4,22.6,22.4,22.3
184,力林,2024-10-26 18:00,21.5,,,9,2.6,,90,,81,,20.6,18,1015.2,,1017.6,,0,,0,,,,10,8,ScAs,8,1995,,,21.5,,25.5,22.6,22.5,22.4
184,力林,2024-10-26 19:00,21,,,9,2.6,,110,,82,,20.4,17.8,1015.3,,1017.7,,,9,,9,,,10,10,,5,2760,,,21.1,,25.4,22.6,22.5,22.4
184,力林,2024-10-26 20:00,21.3,,,9,2.4,,110,,77,,19.4,17,1015.4,,1017.8,,,9,,9,,,10,10,,6,3892,,,20.8,,25.4,22.6,22.5,22.4
184,力林,2024-10-26 21:00,21.4,,,9,2.7,,90,,76,,19.2,16.9,1015.4,,1017.8,,,9,,9,,,9,9,Sc,8,4063,,,20.7,,25.3,22.5,22.5,22.5
184,力林,2024-10-26 22:00,21.5,,,9,3.2,,70,,75,,19.1,16.8,1015.4,,1017.8,,,9,,9,,,9,9,,6,4140,,,20.5,,25.3,22.4,22.5,22.5
184,力林,2024-10-26 23:00,21.5,,,9,1.6,,90,,75,,19.1,16.8,1015.1,,1017.5,,,9,,9,,,6,6,,6,4548,,,20.5,,25.2,22.4,22.5,22.5
184,力林,2024-10-27 00:00,21.4,,,9,2.6,,70,,77,,19.5,17.1,1014.9,,1017.3,,,9,,9,,,9,9,Sc,,3714,,,20.5,,25,22.2,22.3,22.5
184,力林,2024-10-27 01:00,21.2,,,,3.1,,110,,78,,19.6,17.2,1014.5,,1016.9,,,9,,9,,,10,8,,5,3624,,,20.3,,25,22.2,22.3,22.5
184,力林,2024-10-27 02:00,20.9,,,,2.5,,70,,79,,19.5,17.1,1013.8,,1016.2,,,9,,9,,,10,0,,,3701,,,20.1,,24.9,22.2,22.3,22.5
184,力林,2024-10-27 03:00,20.9,,0,,2.4,,90,,77,,19,16.7,1013.2,,1015.6,,,9,,9,,,10,8,StNs,6,3183,,01,20.1,,24.9,22.1,22.2,22.5
184,力林,2024-10-27 04:00,20.6,,0,,2.6,,70,,80,,19.4,17,1012.3,,1014.7,,,9,,9,,,10,8,StNs,8,2198,,01,20,,24.8,22.1,22.2,22.5
184,力林,2024-10-27 05:00,20.4,,.1,,2.9,,70,,84,,20,17.5,1012,,1014.4,,,9,,9,,,10,8,ScAs,9,3296,,01,19.9,,24.8,22,22.2,22.5
184,力林,2024-10-27 06:00,20.3,,0,,1.9,,70,,85,,20.1,17.6,1012.5,,1014.9,,,9,,9,,,10,9,StNs,6,1472,,01,20,,24.7,22,22.2,22.5
184,力林,2024-10-27 07:00,20,,.1,,3.1,,70,,83,,19.4,17,1012.5,,1014.9,,0,,0,,,,10,9,StNs,6,1367,,01,20.1,,24.7,21.9,22.1,22.5
184,力林,2024-10-27 08:00,19.6,,1.7,,2,,70,,87,,19.7,17.3,1012.3,,1014.7,,0,,.04,,,,10,9,StNs,4,993,,1901,20.6,,24.7,21.9,22.1,22.5
184,力林,2024-10-27 09:00,19.5,,1.2,,2.4,,70,,88,,19.9,17.4,1012.4,,1014.8,,0,,.09,,,,10,9,StNs,3,595,,1901,21,,24.6,21.9,22.1,22.4
184,力林,2024-10-27 10:00,19.6,,.6,,4.1,,70,,85,,19.4,17,1012.5,,1014.9,,0,,.18,,,,10,9,StNs,2,577,,1901,21.2,,24.6,21.9,22,22.4
184,力林,2024-10-27 11:00,19.2,,2.5,,4,,70,,88,,19.5,17.1,1012.4,,1014.8,,0,,.15,,,,10,9,StNs,2,389,,1901,21.1,,24.7,22,22.1,22.4
184,力林,2024-10-27 12:00,18.8,,2.4,,3.1,,70,,87,,18.8,16.5,1012.1,,1014.5,,0,,.22,,,,10,9,StNs,2,385,,1901,21.3,,24.7,22,22.1,22.4
184,力林,2024-10-27 13:00,18.5,,3.9,,1.5,,90,,89,,18.9,16.6,1011.5,,1013.9,,0,,.24,,,,10,9,StNs,2,309,,1901,21.2,,24.8,22,22.2,22.4
184,力林,2024-10-27 14:00,18.5,,2,,2.6,,140,,88,,18.6,16.4,1010,,1012.4,,0,,.41,,,,10,6,ScAs,6,2248,,1901,22.3,,24.8,22.1,22.1,22.4
184,力林,2024-10-27 15:00,18.6,,.5,,1.3,,140,,84,,17.9,15.8,1010.1,,1012.5,,0,,.21,,,,10,6,StNs,4,1151,,01,21.6,,24.8,22.1,22.2,22.4
184,力林,2024-10-27 16:00,18.8,,.1,,1.6,,160,,83,,17.9,15.8,1009.9,,1012.3,,0,,.19,,,,10,3,ScAs,8,4296,,01,21.2,,24.9,22.1,22.2,22.4
184,力林,2024-10-27 17:00,19,,0,,1.7,,340,,84,,18.4,16.2,1011.2,,1013.6,,0,,.06,,,,10,3,ScAs,6,3225,,01,20.5,,24.9,22.1,22.2,22.4
184,力林,2024-10-27 18:00,19,,.1,,2.2,,20,,78,,17,15,1010.9,,1013.3,,0,,0,,,,10,8,ScAs,6,2785,,01,19.8,,24.9,22.1,22.2,22.4
184,力林,2024-10-27 19:00,19.2,,0,,2.9,,20,,78,,17.3,15.2,1011.4,,1013.8,,,9,,9,,,10,6,StNs,5,2652,,01,19.4,,24.8,22,22.2,22.4
184,力林,2024-10-27 20:00,19,,.6,,5.3,,20,,81,,17.7,15.6,1011.5,,1013.9,,,9,,9,,,10,6,StNs,5,1567,,01,19.1,,24.7,21.9,22.1,22.4
184,力林,2024-10-27 21:00,18.5,,0,9,1.9,,90,,78,,16.5,14.5,1011.2,,1013.6,,,9,,9,,,10,5,StNs,6,3491,,01,18.7,,24.6,21.9,22.1,22.4
184,力林,2024-10-27 22:00,18,,.1,,4.8,,20,,71,,14.6,12.6,1011.3,,1013.7,,,9,,9,,,10,4,ScAs,8,5000,,01,18.2,,24.5,21.7,22,22.4
184,力林,2024-10-27 23:00,18.4,,,9,3,,20,,62,,13,10.9,1011.1,,1013.5,,,9,,9,,,10,6,,26,5000,,,17.7,,24.3,21.6,21.9,22.3
184,力林,2024-10-28 00:00,18.4,,,9,2.8,,360,,72,,15.2,13.2,1010.9,,1013.3,,,9,,9,,,10,8,ScAs,,4680,,,17.8,,24.2,21.5,21.8,22.3
184,力林,2024-10-28 01:00,18.2,,,,3,,20,,71,,14.8,12.8,1010.6,,1013,,,9,,9,,,10,10,,8,4011,,,17.9,,24.1,21.4,21.7,22.3
184,力林,2024-10-28 02:00,18.7,,,,4.4,,20,,58,,12.4,10.2,1010.7,,1013.1,,,9,,9,,,9,9,,11,4973,,,17.5,,24,21.3,21.7,22.3
184,力林,2024-10-28 03:00,18.5,,,,3.7,,360,,66,,14,12,1010.9,,1013.3,,,9,,9,,,8,8,Sc,8,3290,,,17.3,,23.9,21.2,21.6,22.3
184,力林,2024-10-28 04:00,17.8,,,,3.1,,360,,69,,14,12,1010.4,,1012.8,,,9,,9,,,5,4,ScAc,9,2142,,,16.5,,23.7,21.1,21.5,22.2
184,力林,2024-10-28 05:00,17.9,,,,2.9,,360,,70,,14.3,12.3,1010.6,,1013,,,9,,9,,,8,3,ScAcCi,8,1889,,,16.5,,23.6,21,21.4,22.2
184,力林,2024-10-28 06:00,17.9,,,,2.3,,360,,73,,14.9,12.9,1010.6,,1013,,,9,,9,,,10,7,ScAs,8,1725,,,16.9,,23.5,20.8,21.3,22.1
184,力林,2024-10-28 07:00,18.2,,,,4.4,,20,,72,,15,13,1010.8,,1013.2,,0,,0,,,,10,8,ScAs,7,1637,,,17.2,,23.4,20.8,21.2,22.1
184,力林,2024-10-28 08:00,18.2,,,,3.5,,360,,68,,14.1,12.1,1011.8,,1014.2,,0,,0,,,,10,8,ScAs,7,2295,,,17.3,,23.3,20.7,21.1,22
184,力林,2024-10-28 09:00,18.2,,,,4.4,,20,,66,,13.7,11.7,1011.9,,1014.3,,0,,.09,,,,10,7,ScAs,9,3181,,,17.6,,23.2,20.6,21.1,22
184,力林,2024-10-28 10:00,18.5,,,,3.8,,20,,64,,13.6,11.5,1012.3,,1014.7,,0,,.32,,,,10,8,ScAs,9,3394,,,19,,23.2,20.6,21,21.9
184,力林,2024-10-28 11:00,18.8,,,,3.5,,360,,61,,13.2,11.1,1012,,1014.4,,0,,.5,,,,10,5,ScAs,9,3359,,,19.8,,23.3,20.7,21,21.9
184,力林,2024-10-28 12:00,19,,,,3.4,,360,,64,,14,12,1011.7,,1014.1,,0,,.62,,,,10,7,ScAs,8,3126,,,20.6,,23.3,20.7,21,21.9
184,力林,2024-10-28 13:00,19,,,,3,,360,,63,,13.7,11.7,1011.4,,1013.8,,0,,.65,,,,10,7,ScAs,8,3122,,,21,,23.5,20.9,21.1,21.8
184,力林,2024-10-28 14:00,18.7,,,,4,,20,,62,,13.3,11.2,1011.1,,1013.5,,0,,.39,,,,10,8,ScAs,9,3154,,,20,,23.8,21.1,21.2,21.8
184,力林,2024-10-28 15:00,18.5,,,,3.5,,20,,64,,13.6,11.5,1011.1,,1013.5,,0,,.2,,,,10,8,ScAs,8,2982,,,19.3,,23.8,21.2,21.2,21.8
184,力林,2024-10-28 16:00,18.5,,,,2.8,,50,,62,,13.1,11,1010.8,,1013.2,,0,,.11,,,,10,8,ScAs,9,3235,,,18.7,,23.9,21.2,21.3,21.8
184,力林,2024-10-28 17:00,18.5,,,,1.3,,20,,61,,12.9,10.8,1011.1,,1013.5,,0,,.15,,,,9,7,ScCcCi,10,3223,,,18.5,,23.9,21.2,21.3,21.8
184,力林,2024-10-28 18:00,18.2,,,,.8,,70,,62,,12.9,10.7,1011.6,,1014,,0,,.01,,,,8,5,ScCc,10,2824,,,17.8,,23.8,21.2,21.3,21.8
184,力林,2024-10-28 19:00,17.4,,,,1,,140,,71,,14,12,1012.3,,1014.7,,,9,,9,,,6,6,,9,2082,,,16.8,,23.7,21,21.3,21.8
184,力林,2024-10-28 20:00,16.6,,,,1.3,,180,,73,,13.7,11.7,1013,,1015.5,,,9,,9,,,8,6,,76,1931,,,16.2,,23.6,20.9,21.2,21.8
184,力林,2024-10-28 21:00,16.1,,,,1.5,,160,,74,,13.5,11.4,1013.4,,1015.9,,,9,,9,,,8,0,Ci,,1976,,,15.9,,23.4,20.7,21.1,21.8
184,力林,2024-10-28 22:00,15.8,,,,2.2,,180,,74,,13.2,11.1,1013,,1015.5,,,9,,9,,,8,1,,75,2201,,,15.7,,23.2,20.5,21,21.8
184,力林,2024-10-28 23:00,15.6,,,,2.1,,160,,73,,12.9,10.7,1013.4,,1015.9,,,9,,9,,,9,8,,76,2523,,,15.5,,23,20.4,20.9,21.7
184,力林,2024-10-29 00:00,16.2,,,,1.9,,160,,73,,13.4,11.3,1013.4,,1015.9,,,9,,9,,,9,0,Ci,,2551,,,16.2,,22.9,20.2,20.8,21.7
184,力林,2024-10-29 01:00,16.9,,,,1.3,,160,,74,,14.2,12.2,1013.5,,1016,,,9,,9,,,10,10,,4,2377,,,16.8,,22.8,20.2,20.7,21.7
184,力林,2024-10-29 02:00,16.4,,.7,,1.2,,160,,84,,15.6,13.6,1013.7,,1016.2,,,9,,9,,,10,9,StNs,5,288,,1901,16.9,,22.8,20.1,20.6,21.6
184,力林,2024-10-29 03:00,15.9,,1.1,,1.6,,160,,88,,15.9,13.9,1013.6,,1016.1,,,9,,9,,,10,9,StNs,5,279,,1901,17,,22.7,20.1,20.6,21.5
184,力林,2024-10-29 04:00,16.1,,.8,,1.5,,110,,87,,15.9,13.9,1013.2,,1015.7,,,9,,9,,,10,9,StNs,5,404,,1901,17.1,,22.7,20.1,20.5,21.5
184,力林,2024-10-29 05:00,16.4,,.5,,2.1,,110,,88,,16.4,14.4,1013.1,,1015.6,,,9,,9,,,10,9,StNs,6,897,,1901,17.2,,22.6,20,20.4,21.5
184,力林,2024-10-29 06:00,16.7,,.5,,1.7,,110,,85,,16.1,14.1,1013.1,,1015.6,,,9,,9,,,10,9,StNs,7,1106,,1901,17.2,,22.6,20,20.4,21.4
184,力林,2024-10-29 07:00,17.1,,.2,,2.5,,110,,85,,16.5,14.5,1013.3,,1015.8,,0,,0,,,,10,9,StNs,7,1293,,01,17.3,,22.6,19.9,20.4,21.4
184,力林,2024-10-29 08:00,17.8,,.1,,3.3,,90,,81,,16.4,14.4,1013.8,,1016.2,,0,,0,,,,10,9,StNs,7,1837,,01,17.6,,22.5,19.9,20.3,21.4
184,力林,2024-10-29 09:00,18.4,,0,,2.9,,110,,78,,16.4,14.4,1014.4,,1016.8,,0,,.2,,,,10,8,StNs,7,2003,,01,19,,22.5,19.9,20.3,21.3
184,力林,2024-10-29 10:00,21.2,,0,,3.4,,70,,69,,17.3,15.2,1014.3,,1016.7,,.7,,1.43,,,,8,4,ScAcCi,9,3762,,01,22.7,,22.6,20,20.3,21.3
184,力林,2024-10-29 11:00,21.8,,,9,4.3,,90,,64,,16.6,14.6,1014.2,,1016.6,,.7,,1.69,,,,7,5,ScAc,8,3888,,,25,,22.9,20.3,20.4,21.3
184,力林,2024-10-29 12:00,22.1,,,9,5.1,,70,,64,,16.9,14.9,1014.1,,1016.5,,.6,,1.92,,,,8,7,ScAc,8,3901,,,25.5,,23.4,20.8,20.6,21.3
184,力林,2024-10-29 13:00,22.7,,,9,4.4,,70,,62,,17,15,1013,,1015.4,,.7,,2.15,,,,8,7,ScAc,9,4453,,,27.4,,23.9,21.2,20.8,21.2
184,力林,2024-10-29 14:00,21.9,,,9,4.8,,50,,65,,17,15,1013,,1015.4,,.6,,1.75,,,,7,5,ScAc,8,4359,,,26.2,,24.5,21.8,21.2,21.3
184,力林,2024-10-29 15:00,22.1,,,9,4.2,,70,,65,,17.3,15.2,1013.1,,1015.5,,.4,,1.4,,,,7,6,ScAc,8,4752,,,25.3,,25,22.2,21.6,21.4
184,力林,2024-10-29 16:00,21.6,,,9,3.2,,70,,66,,16.9,14.9,1013.4,,1015.8,,.3,,.93,,,,7,6,ScAc,7,4610,,,23.2,,25.2,22.4,21.8,21.4
184,力林,2024-10-29 17:00,21.2,,,9,2.6,,70,,67,,16.8,14.8,1013.5,,1015.9,,.5,,.49,,,,8,7,ScAc,7,4646,,,21.3,,25.3,22.5,22,21.5
184,力林,2024-10-29 18:00,20.2,,,9,2.6,,90,,70,,16.5,14.5,1014,,1016.4,,.1,,.05,,,,8,7,ScAc,7,4549,,,20,,25.4,22.5,22.1,21.6
184,力林,2024-10-29 19:00,19.8,,,9,2,,110,,73,,16.8,14.8,1014.6,,1017,,,9,,9,,,8,7,,7,4454,,,19.8,,25.3,22.4,22.2,21.7
184,力林,2024-10-29 20:00,20,,,9,3.8,,70,,71,,16.5,14.5,1015.4,,1017.8,,,9,,9,,,8,8,,7,4995,,,19.4,,25.1,22.2,22.2,21.8
184,力林,2024-10-29 21:00,20.2,,,9,3.5,,70,,70,,16.5,14.5,1015.6,,1018,,,9,,9,,,9,9,Sc,7,4976,,,19.2,,24.9,22,22,21.9
184,力林,2024-10-29 22:00,20.2,,,9,4,,70,,69,,16.3,14.3,1016,,1018.4,,,9,,9,,,8,8,,7,4995,,,18.9,,24.8,21.9,22,21.9
184,力林,2024-10-29 23:00,19.6,,,9,2.3,,110,,73,,16.6,14.6,1016.2,,1018.6,,,9,,9,,,9,9,,7,4890,,,18.8,,24.7,21.9,22,21.9
184,力林,2024-10-30 00:00,19.1,,,9,2,,110,,74,,16.3,14.3,1016.5,,1018.9,,,9,,9,,,8,7,,,4981,,,18.4,,24.6,21.7,21.9,21.9
184,力林,2024-10-30 01:00,18.9,,,,1.5,,110,,75,,16.3,14.3,1016.5,,1018.9,,,9,,9,,,8,8,,7,4969,,,18.3,,24.4,21.6,21.8,21.9
184,力林,2024-10-30 02:00,18.5,,,,1.3,,110,,77,,16.3,14.3,1016.9,,1019.3,,,9,,9,,,6,6,,7,4957,,,17.9,,24.3,21.5,21.7,21.9
184,力林,2024-10-30 03:00,18.5,,,,1.2,,90,,76,,16.1,14.1,1017.2,,1019.6,,,9,,9,,,9,8,ScCi,7,4896,,,18,,24.1,21.3,21.6,21.9
184,力林,2024-10-30 04:00,19.4,,,,3.9,,50,,67,,15.1,13.1,1017.5,,1019.9,,,9,,9,,,8,7,ScCi,10,5000,,,17.8,,24,21.3,21.5,21.9
184,力林,2024-10-30 05:00,19.2,,,,3,,20,,68,,15.1,13.1,1017.7,,1020.1,,,9,,9,,,7,5,ScCi,8,5000,,,17.1,,23.9,21.2,21.5,21.9
184,力林,2024-10-30 06:00,19,,,,3.3,,50,,66,,14.4,12.4,1018,,1020.4,,,9,,9,,,6,4,ScCi,8,5000,,,16.8,,23.7,21,21.4,21.9
184,力林,2024-10-30 07:00,18.6,,,,2,,70,,67,,14.3,12.3,1018.3,,1020.7,,0,,0,,,,7,1,ScAcCi,13,4833,,,16.4,,23.6,20.9,21.3,21.8
184,力林,2024-10-30 08:00,19,,,,2.9,,50,,65,,14.2,12.2,1018.8,,1021.2,,.1,,.14,,,,7,1,ScCi,9,5000,,,17,,23.5,20.8,21.2,21.8
184,力林,2024-10-30 09:00,20.2,,,,5.3,,20,,59,,13.9,11.9,1019.6,,1022,,.9,,.79,,,,7,1,ScCi,10,5000,,,17.4,,23.3,20.6,21,21.8
184,力林,2024-10-30 10:00,20.8,,,,4.8,,50,,57,,13.9,11.9,1019.7,,1022.1,,1,,1.36,,,,8,1,ScCi,10,5000,,,19.8,,23.3,20.6,21,21.7
184,力林,2024-10-30 11:00,21.4,,,,3.4,,70,,56,,14.2,12.2,1019.7,,1022.1,,.7,,1.31,,,,9,0,Ci,,5000,,,22.3,,23.4,20.8,21,21.7
184,力林,2024-10-30 12:00,21.4,,,,4,,50,,57,,14.5,12.5,1019.2,,1021.6,,.7,,1.5,,,,9,1,ScCi,9,5000,,,23.5,,23.7,21.1,21.1,21.6
184,力林,2024-10-30 13:00,21.7,,,,3.9,,50,,55,,14.2,12.2,1018.6,,1021,,.9,,1.87,,,,9,1,ScCi,9,5000,,,24.5,,24.1,21.4,21.2,21.6
184,力林,2024-10-30 14:00,22.1,,,,4.1,,50,,53,,14,12,1017.9,,1020.3,,1,,2.01,,,,8,1,ScCi,10,5000,,,25.3,,24.5,21.8,21.4,21.6
184,力林,2024-10-30 15:00,23,,,,3,,70,,50,,14,12,1017.4,,1019.8,,1,,2,,,,6,0,Ci,,5000,,,24.6,,24.8,22.1,21.7,21.7
184,力林,2024-10-30 16:00,21.6,,,,3.3,,70,,52,,13.4,11.3,1017.3,,1019.7,,.9,,.84,,,,7,0,Ci,,5000,,,20.7,,25.2,22.4,21.9,21.7
184,力林,2024-10-30 17:00,20.8,,,,2.7,,70,,57,,13.9,11.9,1017.9,,1020.3,,.6,,.42,,,,9,0,Ci,,5000,,,19.6,,25.3,22.5,22.1,21.8
184,力林,2024-10-30 18:00,19.5,,,,1.5,,110,,65,,14.7,12.7,1018,,1020.4,,0,,.05,,,,7,0,Ci,,4995,,,18.1,,25.2,22.4,22.2,21.9
184,力林,2024-10-30 19:00,18.6,,,,2.6,,160,,68,,14.5,12.5,1018.8,,1021.2,,,9,,9,,,0,0,,,4608,,,17.2,,25,22.2,22.1,21.9
184,力林,2024-10-30 20:00,18,,,,1.7,,140,,69,,14.2,12.2,1018.8,,1021.3,,,9,,9,,,4,0,,,4553,,,16.6,,24.8,21.9,22,22
184,力林,2024-10-30 21:00,17.7,,,,1.4,,140,,64,,12.9,10.7,1019.1,,1021.6,,,9,,9,,,6,0,Ci,,5000,,,16,,24.5,21.6,21.9,22
184,力林,2024-10-30 22:00,17.6,,,,2.2,,140,,66,,13.2,11.1,1019.1,,1021.6,,,9,,9,,,9,0,,,5000,,,15.9,,24.2,21.4,21.7,22
184,力林,2024-10-30 23:00,17.8,,,,2.3,,110,,67,,13.6,11.5,1018.9,,1021.4,,,9,,9,,,10,1,,,4683,,,16,,24,21.2,21.6,22
184,力林,2024-10-31 00:00,18.1,,,,1.9,,110,,69,,14.3,12.3,1019.3,,1021.8,,,9,,9,,,9,2,,,3822,,,16.3,,23.7,21,21.4,21.9
184,力林,2024-10-31 01:00,18.3,,,,1.6,,110,,66,,13.8,11.8,1019.2,,1021.7,,,9,,9,,,9,1,,71,4907,,,16.3,,23.6,20.9,21.3,21.9
184,力林,2024-10-31 02:00,18.7,,,,2.1,,90,,71,,15.3,13.3,1019.1,,1021.5,,,9,,9,,,10,1,,9,4765,,,16.7,,23.2,20.5,20.9,21.8
184,力林,2024-10-31 03:00,18.7,,,,2.3,,90,,68,,14.6,12.6,1018.4,,1020.8,,,9,,9,,,9,2,ScCi,12,5000,,,16.7,,23.2,20.5,20.9,21.8
184,力林,2024-10-31 04:00,18.8,,,,1.7,,90,,66,,14.3,12.3,1017.8,,1020.2,,,9,,9,,,9,2,ScCi,12,4982,,,16.7,,23.1,20.4,20.8,21.7
184,力林,2024-10-31 05:00,18.7,,,,2.2,,90,,72,,15.5,13.5,1017.4,,1019.8,,,9,,9,,,9,3,ScCi,10,4509,,,16.8,,23,20.4,20.8,21.7
184,力林,2024-10-31 06:00,18.8,,,,2.1,,90,,70,,15.2,13.2,1017.9,,1020.3,,,9,,9,,,9,1,ScCi,10,4721,,,16.9,,23,20.3,20.7,21.6
184,力林,2024-10-31 07:00,18.9,,,,2.3,,90,,68,,14.8,12.8,1017.6,,1020,,0,,0,,,,9,4,ScCi,10,4975,,,16.8,,22.9,20.3,20.7,21.6
184,力林,2024-10-31 08:00,19.3,,,,3.1,,70,,68,,15.2,13.2,1017.7,,1020.1,,0,,.05,,,,9,2,ScCi,9,4978,,,17.4,,22.8,20.2,20.6,21.6
184,力林,2024-10-31 09:00,19.9,,,,2.1,,70,,67,,15.5,13.5,1019.2,,1021.6,,0,,.23,,,,10,4,ScCs,10,4733,,,18.8,,22.8,20.2,20.6,21.5
184,力林,2024-10-31 10:00,21.2,,,,2.5,,90,,62,,15.6,13.6,1019.1,,1021.5,,0,,.63,,,,10,4,ScCs,11,4903,,,20.4,,23.3,20.2,20.4,21.5
184,力林,2024-10-31 11:00,23,,,,3.9,,90,,56,,15.7,13.7,1018.8,,1021.2,,.5,,1.42,,,,9,2,ScCi,9,5000,,,24.2,,23.5,20.4,20.5,21.4
184,力林,2024-10-31 12:00,23,,,,4.4,,90,,52,,14.6,12.6,1018.2,,1020.6,,.4,,1.49,,,,9,2,ScAcCi,9,5000,,,23.8,,23.9,20.7,20.6,21.4
184,力林,2024-10-31 13:00,22.8,,,,3.7,,90,,52,,14.4,12.4,1017.8,,1020.2,,.1,,1.19,,,,9,1,ScAcCi,9,5000,,,23.5,,24.2,21.1,20.9,21.4
184,力林,2024-10-31 14:00,22.6,,,,4.1,,90,,53,,14.5,12.5,1017,,1019.4,,.1,,1.03,,,,9,8,AcCi,36,5000,,,23.7,,24.6,21.3,21.1,21.4
184,力林,2024-10-31 15:00,22.1,,,,3.8,,90,,57,,15.1,13.1,1016.9,,1019.3,,0,,.75,,,,10,0,Cs,,5000,,,22.1,,24.8,21.6,21.3,21.5
184,力林,2024-10-31 16:00,21.7,,,,3.6,,90,,60,,15.5,13.5,1017,,1019.4,,0,,.42,,,,10,6,AcCs,35,4929,,,21.2,,25,21.7,21.5,21.5
184,力林,2024-10-31 17:00,21.3,,,,2.3,,90,,63,,15.9,13.9,1017.1,,1019.5,,0,,.21,,,,9,1,ScAcCi,11,4946,,,20.1,,25,21.7,21.6,21.5
184,力林,2024-10-31 18:00,20.6,,,,2.7,,70,,66,,16,14,1017.3,,1019.7,,0,,.01,,,,10,1,ScAs,10,4941,,,19.2,,25,21.8,21.7,21.6
184,力林,2024-10-31 19:00,20.6,,0,,2.5,,90,,67,,16.2,14.2,1017.7,,1020.1,,,9,,9,,,10,8,ScAs,8,4714,,01,19.1,,25,21.7,21.7,21.6
184,力林,2024-10-31 20:00,19.7,,.1,,3.2,,110,,73,,16.7,14.7,1017.7,,1020.1,,,9,,9,,,10,9,StNs,7,2012,,01,19.1,,24.8,21.5,21.6,21.7
184,力林,2024-10-31 21:00,19.6,,.1,,2.3,,90,,79,,17.9,15.8,1018.1,,1020.5,,,9,,9,,,10,9,StNs,7,4229,,01,19.1,,24.7,21.5,21.6,21.7
184,力林,2024-10-31 22:00,19.2,,.1,,2.1,,90,,85,,18.9,16.6,1018.1,,1020.5,,,9,,9,,,10,8,ScAs,10,3892,,01,19.2,,24.7,21.4,21.6,21.7
184,力林,2024-10-31 23:00,19.5,,.1,,1.8,,90,,84,,19,16.7,1018,,1020.4,,,9,,9,,,10,8,StAs,8,4636,,01,19.3,,24.7,21.4,21.6,21.7
184,力林,2024-11-01 00:00,19.7,,.2,,2.8,,70,,82,,18.8,16.5,1017.1,,1019.5,,,9,,9,,,10,8,,,3813,,01,19.2,,24.5,21.4,21.4,21.7
184,力林,2024-11-01 01:00,19.7,,,9,2.8,,70,,80,,18.3,16.1,1016.7,,1019.1,,,9,,9,,,10,6,StNs,6,3383,,01,19.3,,24.5,21.3,21.6,21.7
184,力林,2024-11-01 02:00,19.6,,,9,3.6,,90,,80,,18.2,16,1016.7,,1019.1,,,9,,9,,,10,5,StNs,6,1672,,01,19.1,,24.4,21.2,21.3,21.7
184,力林,2024-11-01 03:00,19.5,,.9,,3.1,,70,,83,,18.8,16.5,1016.4,,1018.8,,,9,,9,,,10,8,StNs,6,1622,,01,19.3,,24.4,21.1,21.4,21.7
184,力林,2024-11-01 04:00,19.2,,,9,3.3,,70,,83,,18.4,16.2,1016,,1018.4,,,9,,9,,,10,9,StNs,4,930,,1901,19.2,,24.3,21.1,21.2,21.7
184,力林,2024-11-01 05:00,18.8,,,9,3.4,,70,,85,,18.4,16.2,1015.8,,1018.2,,,9,,9,,,10,9,StNs,2,439,,1901,19,,24.3,21.2,21.4,21.7
184,力林,2024-11-01 06:00,18.8,,6.8,,5,,70,,85,,18.4,16.2,1016.1,,1018.5,,,9,,9,,,10,9,StNs,3,451,,1901,19,,24.2,21,21.2,21.7
184,力林,2024-11-01 07:00,18.4,,,9,5,,70,,86,,18.2,16,1016.1,,1018.5,,0,,0,,,,10,9,StNs,2,308,,1901,18.9,,24.1,20.9,21.2,21.7
184,力林,2024-11-01 08:00,17.8,,,9,5.5,,50,,87,,17.7,15.6,1016.7,,1019.2,,0,,0,,,,10,9,StNs,3,233,,1901,18.4,,23.8,20.6,21,21.6
184,力林,2024-11-01 09:00,17.5,,34.9,,5.5,,70,,87,,17.4,15.3,1017.5,,1020,,0,,0,,,,10,8,StNs,3,250,,1901,18.2,,23.4,20.2,20.8,21.4
184,力林,2024-11-01 10:00,17.5,,,9,3.8,,90,,88,,17.5,15.4,1017.7,,1020.2,,0,,0,,,,10,9,StNs,3,180,,1901,18.1,,23,19.7,20.4,21.3
184,力林,2024-11-01 11:00,16.5,,,9,4.7,,70,,85,,15.9,13.9,1018.2,,1020.7,,0,,0,,,,10,9,StNs,2,152,,1901,17.8,,22.6,19.3,20.1,21.1
184,力林,2024-11-01 12:00,16.7,,48.2,,3.1,,90,,88,,16.6,14.6,1016.8,,1019.3,,0,,.01,,,,10,9,StNs,2,180,,1901,17.6,,22.3,19.1,19.8,20.8
184,力林,2024-11-01 13:00,16.9,,,9,3.4,,110,,89,,17,15,1015.1,,1017.6,,0,,0,,,,10,9,StNs,2,182,,1901,17.7,,22,18.8,19.5,20.6
184,力林,2024-11-01 14:00,17.3,,,9,2.8,,140,,89,,17.5,15.4,1015,,1017.5,,0,,0,,,,10,9,StNs,2,169,,1901,17.6,,21.8,18.6,19.1,20.3
184,力林,2024-11-01 15:00,18,,40.9,,3.8,,110,,89,,18.3,16.1,1013.8,,1016.2,,0,,.01,,,,10,8,StNs,3,383,,1901,17.9,,21.6,18.5,18.9,20
184,力林,2024-11-01 16:00,18.3,,,9,3.1,,90,,89,,18.6,16.4,1012.8,,1015.2,,0,,0,,,,10,8,StNs,4,380,,1901,18,,21.6,18.6,18.9,19.8
184,力林,2024-11-01 17:00,18.4,,,9,2.8,,110,,89,,18.8,16.5,1013,,1015.4,,0,,0,,,,10,9,StNs,2,131,,1901,18.1,,21.6,18.6,18.8,19.7
184,力林,2024-11-01 18:00,18.6,,28.9,,3.4,,110,,89,,19,16.7,1011.5,,1013.9,,0,,0,,,,10,8,StNs,2,168,,1901,18.3,,21.7,18.5,18.8,19.5
184,力林,2024-11-01 19:00,18.7,,,9,4.4,,90,,88,,18.9,16.6,1009.7,,1012.1,,,9,,9,,,10,8,StNs,2,161,,1901,18.4,,21.7,18.5,18.8,19.4
184,力林,2024-11-01 20:00,18.9,,,9,2.6,,110,,89,,19.4,17,1010.3,,1012.7,,,9,,9,,,10,8,StNs,2,121,,1901,18.4,,21.7,18.7,18.7,19.2
184,力林,2024-11-01 21:00,19.1,,50.5,,3.2,,110,,89,,19.6,17.2,1010.2,,1012.6,,,9,,9,,,10,9,StNs,3,162,,1901,18.5,,21.8,18.8,18.8,19.1
184,力林,2024-11-01 22:00,19.5,,,9,3.3,,90,,89,,20.1,17.6,1009.7,,1012.1,,,9,,9,,,10,8,StNs,3,213,,1901,18.6,,21.9,18.8,18.8,19
184,力林,2024-11-01 23:00,19.5,,,9,3.9,,90,,88,,19.9,17.4,1008.7,,1011.1,,,9,,9,,,10,9,StNs,3,383,,1901,18.8,,22,18.9,18.8,19
184,力林,2024-11-02 00:00,19.5,,27.3,,4.4,,70,,88,,19.9,17.4,1008.8,,1011.2,,,9,,9,,,10,9,,,260,,1901,18.8,,22,18.9,18.9,19
184,力林,2024-11-02 01:00,19.4,,,9,4.8,,70,,88,,19.7,17.3,1007.6,,1010,,,9,,9,,,10,9,StNs,2,261,,1901,18.9,,22.1,19.1,19,19
184,力林,2024-11-02 02:00,19.2,,,9,4.3,,90,,88,,19.5,17.1,1007.7,,1010.1,,,9,,9,,,10,9,StNs,2,197,,1901,19,,22.2,19.1,19.1,19
184,力林,2024-11-02 03:00,19.1,,30,,3.9,,90,,88,,19.4,17,1006.8,,1009.2,,,9,,9,,,10,9,StNs,3,356,,1901,18.9,,22.2,19.2,19.2,19.1
184,力林,2024-11-02 04:00,19.1,,,9,4,,70,,87,,19.1,16.8,1006.6,,1009,,,9,,9,,,10,9,StNs,3,781,,1901,18.7,,22.2,19.1,19.1,19.1
184,力林,2024-11-02 05:00,19.7,,,9,7.3,,50,,87,,19.9,17.4,1007.5,,1009.9,,,9,,9,,,10,8,StNs,4,623,,1901,19,,22.2,19.1,19.2,19.1
184,力林,2024-11-02 06:00,18.5,,6.3,,9.1,,20,,89,,18.9,16.6,1007.6,,1010,,,9,,9,,,10,6,ScAs,6,3587,,1901,18.3,,22.3,19.2,19.2,19.1
184,力林,2024-11-02 07:00,18.8,,,9,7.9,,20,,84,,18.2,16,1008.5,,1010.9,,0,,0,,,,10,6,ScAs,6,5000,,,18.2,,22.2,19.1,19.1,19.2
184,力林,2024-11-02 08:00,19.1,,,9,7.4,,20,,85,,18.8,16.5,1010.2,,1012.6,,0,,0,,,,10,7,ScAs,6,4713,,,18.3,,22.2,19.1,19.2,19.2
184,力林,2024-11-02 09:00,19.3,,,9,5.9,,20,,82,,18.3,16.1,1011.3,,1013.7,,0,,.1,,,,10,8,ScAs,7,4969,,,19,,22.2,19.1,19.2,19.2
184,力林,2024-11-02 10:00,19.7,,,9,5.2,,360,,82,,18.8,16.5,1012.4,,1014.8,,0,,.28,,,,10,8,ScAs,8,4912,,,19.7,,22.2,19.1,19.2,19.2
184,力林,2024-11-02 11:00,19.6,,,9,2.5,,20,,84,,19.1,16.8,1012.9,,1015.3,,0,,.31,,,,10,7,ScAs,7,3146,,01,20.2,,22.3,19.2,19.2,19.3
184,力林,2024-11-02 12:00,20,,0,,1.4,,250,,82,,19.1,16.8,1013,,1015.4,,0,,.38,,,,10,6,ScAs,8,4969,,,21.3,,22.4,19.3,19.2,19.3
184,力林,2024-11-02 13:00,20.1,,,9,2.1,,320,,83,,19.5,17.1,1013.4,,1015.8,,0,,.34,,,,10,7,ScAs,7,3701,,01,21.4,,22.5,19.5,19.3,19.3
184,力林,2024-11-02 14:00,19.9,,,9,2.2,,320,,82,,19,16.7,1013.5,,1015.9,,0,,.38,,,,10,8,ScAs,8,4557,,01,21.7,,22.7,19.6,19.4,19.4
184,力林,2024-11-02 15:00,20.6,,.2,,2,,340,,80,,19.4,17,1013.9,,1016.3,,.1,,.76,,,,8,5,ScAc,8,4502,,,22.6,,22.9,19.8,19.5,19.4
184,力林,2024-11-02 16:00,20.8,,,9,.9,,20,,76,,18.6,16.4,1014.4,,1016.8,,.1,,.73,,,,8,8,Ac,38,4970,,,22.6,,23.1,20,19.7,19.4
184,力林,2024-11-02 17:00,20.5,,,9,1.3,,50,,78,,18.8,16.5,1015,,1017.4,,.3,,.31,,,,4,4,Ac,38,4945,,,20.2,,23.3,20.1,19.8,19.5
184,力林,2024-11-02 18:00,20.1,,,9,1.1,,90,,80,,18.8,16.5,1015.7,,1018.1,,.4,,.04,,,,7,6,ScAc,13,4868,,,19.6,,23.4,20.2,20,19.6
184,力林,2024-11-02 19:00,19.5,,,9,1.6,,110,,83,,18.8,16.5,1016.6,,1019,,,9,,9,,,3,3,,16,4084,,,18.8,,23.3,20.2,20,19.6
184,力林,2024-11-02 20:00,19,,,9,2,,160,,80,,17.5,15.4,1017.5,,1019.9,,,9,,9,,,0,0,,,4392,,,17.9,,23.3,20.1,20.1,19.7
184,力林,2024-11-02 21:00,18.9,,,9,1.8,,140,,77,,16.7,14.7,1018.1,,1020.5,,,9,,9,,,3,3,Ac,37,4917,,,17.6,,23.1,20,20,19.7
184,力林,2024-11-02 22:00,18.6,,,9,2.1,,140,,77,,16.4,14.4,1018.7,,1021.1,,,9,,9,,,0,0,,,5000,,,16.8,,23,19.8,19.9,19.8
184,力林,2024-11-02 23:00,18.4,,,9,2.3,,140,,74,,15.6,13.6,1019.1,,1021.6,,,9,,9,,,0,0,,,5000,,,16.3,,22.8,19.6,19.8,19.8
184,力林,2024-11-03 00:00,17.8,,,9,2,,140,,76,,15.5,13.5,1019,,1021.5,,,9,,9,,,0,0,,,4920,,,15.8,,22.6,19.5,19.7,19.8
184,力林,2024-11-03 01:00,17.8,,,,2.1,,140,,76,,15.5,13.5,1019.1,,1021.6,,,9,,9,,,0,0,,,5000,,,15.6,,22.4,19.2,19.5,19.8
184,力林,2024-11-03 02:00,17.4,,,,1.4,,110,,77,,15.3,13.3,1019.2,,1021.7,,,9,,9,,,0,0,,,4854,,,15.5,,22.2,19.1,19.4,19.8
184,力林,2024-11-03 03:00,17.6,,,,2.3,,110,,76,,15.3,13.3,1019.2,,1021.7,,,9,,9,,,5,5,Sc,14,4434,,,15.3,,22.1,19,19.3,19.8
184,力林,2024-11-03 04:00,17.2,,,,2.3,,110,,78,,15.3,13.3,1019.4,,1021.9,,,9,,9,,,3,3,Sc,13,4211,,,15.1,,21.9,18.8,19.2,19.7
184,力林,2024-11-03 05:00,16.7,,,,1.9,,140,,79,,15,13,1018.9,,1021.4,,,9,,9,,,0,0,,,4233,,,14.5,,21.8,18.7,19.1,19.7
184,力林,2024-11-03 06:00,16.4,,,,1.4,,110,,80,,14.9,12.9,1019.3,,1021.8,,,9,,9,,,0,0,,,3598,,,14.1,,21.6,18.6,19,19.7
184,力林,2024-11-03 07:00,16.2,,,,1.7,,110,,82,,15.1,13.1,1019.9,,1022.4,,0,,0,,,,0,0,,,3011,,,13.8,,21.4,18.4,18.8,19.6
184,力林,2024-11-03 08:00,16.6,,,,1.4,,110,,82,,15.5,13.5,1020.3,,1022.8,,.5,,.17,,,,0,0,,,3006,,,14.5,,21.2,18.2,18.7,19.6
184,力林,2024-11-03 09:00,19.2,,,,2.2,,90,,71,,15.8,13.8,1020.5,,1022.9,,1,,.83,,,,0,0,,,3038,,,15.7,,21.1,18.1,18.6,19.5
184,力林,2024-11-03 10:00,21.7,,,,2.5,,90,,61,,15.8,13.8,1020.5,,1022.9,,1,,1.5,,,,1,1,Sc,12,3632,,,19,,21.1,18.2,18.5,19.4
184,力林,2024-11-03 11:00,22.5,,,,3.8,,70,,56,,15.2,13.2,1020,,1022.4,,1,,2.12,,,,1,1,Sc,13,4101,,,23.6,,21.4,18.4,18.5,19.4
184,力林,2024-11-03 12:00,22.5,,,,5.5,,50,,59,,16,14,1019.5,,1021.9,,1,,2.46,,,,2,2,Sc,12,3704,,,25.6,,21.9,19,18.7,19.4
184,力林,2024-11-03 13:00,22.1,,,,5.1,,50,,61,,16.2,14.2,1018.8,,1021.2,,.8,,2.12,,,,2,2,Sc,12,3855,,,25,,22.6,19.5,19.1,19.4
184,力林,2024-11-03 14:00,21.8,,,,4.9,,50,,64,,16.6,14.6,1018.2,,1020.6,,.6,,1.53,,,,3,3,Sc,10,3466,,,24.1,,23.1,20,19.5,19.4
184,力林,2024-11-03 15:00,21.7,,,,4.7,,50,,64,,16.5,14.5,1018,,1020.4,,.8,,1.52,,,,3,3,CuSc,7,3503,,,23.1,,23.5,20.4,19.8,19.5
184,力林,2024-11-03 16:00,21.3,,,,4.3,,50,,65,,16.4,14.4,1018.1,,1020.5,,.5,,.91,,,,2,2,Sc,8,3650,,,20.8,,23.8,20.7,20.1,19.5
184,力林,2024-11-03 17:00,21,,,,3.7,,70,,66,,16.3,14.3,1018.6,,1021,,.6,,.47,,,,3,3,Sc,8,4060,,,19.8,,23.9,20.8,20.3,19.6
184,力林,2024-11-03 18:00,20,,,,1.8,,90,,69,,16.1,14.1,1018.6,,1021,,.2,,.07,,,,0,0,,,3701,,,18.2,,23.9,20.8,20.5,19.7
184,力林,2024-11-03 19:00,19.2,,,,1.4,,140,,69,,15.3,13.3,1018.9,,1021.3,,,9,,9,,,0,0,,,3364,,,17.6,,23.8,20.5,20.4,19.8
184,力林,2024-11-03 20:00,18.5,,,,1.9,,110,,71,,15.1,13.1,1019.1,,1021.5,,,9,,9,,,0,0,,,3733,,,16.6,,23.6,20.4,20.3,19.9
184,力林,2024-11-03 21:00,17.8,,,,1.5,,140,,72,,14.6,12.6,1019.4,,1021.9,,,9,,9,,,0,0,,,3985,,,15.9,,23.4,20.2,20.3,20
184,力林,2024-11-03 22:00,17.3,,,,1.8,,160,,74,,14.6,12.6,1019.2,,1021.7,,,9,,9,,,0,0,,,4305,,,15.4,,23.1,20,20.2,20
184,力林,2024-11-03 23:00,16.7,,,,2.1,,160,,75,,14.2,12.2,1018.9,,1021.4,,,9,,9,,,0,0,,,4768,,,14.9,,22.9,19.7,20,20
184,力林,2024-11-04 00:00,16.2,,,,1.4,,180,,75,,13.7,11.7,1018.9,,1021.4,,,9,,9,,,0,0,,,4993,,,14.4,,22.6,19.4,19.8,20
184,力林,2024-11-04 01:00,15.5,,,,1.2,,180,,76,,13.3,11.2,1019.1,,1021.6,,,9,,9,,,0,0,,,5000,,,13.9,,22.4,19.3,19.7,20
184,力林,2024-11-04 02:00,14.9,,,,1.9,,160,,66,,11.1,8.5,1019.2,,1021.7,,,9,,9,,,0,0,,,5000,,,13.4,,22.1,19,19.5,19.9
184,力林,2024-11-04 03:00,14.9,,,,2.2,,160,,67,,11.3,8.8,1019,,1021.5,,,9,,9,,,0,0,,,5000,,,13.1,,21.9,18.8,19.3,19.9
184,力林,2024-11-04 04:00,14.8,,,,2.4,,180,,65,,10.9,8.2,1018.8,,1021.3,,,9,,9,,,0,0,,,5000,,,12.9,,21.6,18.6,19.1,19.8
184,力林,2024-11-04 05:00,15,,,,2.2,,160,,64,,10.9,8.2,1018.6,,1021.1,,,9,,9,,,0,0,,,5000,,,12.8,,21.4,18.4,18.9,19.8
184,力林,2024-11-04 06:00,15.1,,,,2.4,,160,,67,,11.5,9,1018.3,,1020.8,,,9,,9,,,0,0,,,5000,,,12.8,,21.2,18.2,18.7,19.7
184,力林,2024-11-04 07:00,15,,,,2.5,,160,,66,,11.2,8.6,1018.6,,1021.1,,0,,0,,,,0,0,,,5000,,,12.8,,21,18.1,18.6,19.6
184,力林,2024-11-04 08:00,16,,,,1.8,,180,,68,,12.3,10,1019.2,,1021.7,,.3,,.18,,,,4,4,Sc,16,5000,,,14.3,,20.9,17.9,18.4,19.6
184,力林,2024-11-04 09:00,18.8,,,,.9,,180,,60,,12.9,10.8,1019,,1021.4,,.9,,.83,,,,0,0,,,5000,,,14.8,,20.8,17.8,18.3,19.5
184,力林,2024-11-04 10:00,22.5,,,,1.9,,340,,50,,13.6,11.5,1019,,1021.4,,1,,1.48,,,,0,0,,,5000,,,18,,20.7,17.9,18.2,19.4
184,力林,2024-11-04 11:00,23.1,,,,2.9,,290,,55,,15.5,13.5,1018.8,,1021.2,,.7,,1.75,,,,7,7,Sc,14,5000,,,22.7,,21.1,18.2,18.3,19.3
184,力林,2024-11-04 12:00,23.2,,,,3,,270,,54,,15.3,13.3,1018.4,,1020.8,,.4,,1.68,,,,8,6,ScAc,13,5000,,,23.9,,21.5,18.6,18.5,19.3
184,力林,2024-11-04 13:00,19.4,,,9,4.2,,360,,73,,16.4,14.4,1018.4,,1020.8,,0,,.27,,,,10,8,StNs,9,2730,,01,19.7,,22.2,19.2,19,19.3
184,力林,2024-11-04 14:00,19.7,,,9,1.9,,320,,73,,16.7,14.7,1018.1,,1020.5,,0,,.47,,,,8,7,ScAc,12,5000,,01,21.9,,22.4,19.3,19.1,19.3
184,力林,2024-11-04 15:00,21.5,,0,,2,,340,,65,,16.6,14.6,1017.6,,1020,,.5,,1.31,,,,6,2,ScCi,14,4977,,,22.9,,22.6,19.5,19.3,19.4
184,力林,2024-11-04 16:00,21.6,,,9,.7,,360,,62,,15.9,13.9,1017.5,,1019.9,,.9,,1.03,,,,1,1,Sc,12,4720,,,20.5,,22.9,19.8,19.5,19.4
184,力林,2024-11-04 17:00,20.8,,,9,1.1,,340,,65,,15.9,13.9,1017.5,,1019.9,,.8,,.41,,,,0,0,,,3816,,,18.9,,23.2,20,19.7,19.5
184,力林,2024-11-04 18:00,19.3,,,9,3.7,,340,,65,,14.5,12.5,1018.2,,1020.6,,0,,.03,,,,0,0,,,1235,,,17.5,,23.2,20,19.8,19.6
184,力林,2024-11-04 19:00,19,,,9,5.3,,360,,64,,14,12,1018.6,,1021,,,9,,9,,,4,4,,10,1173,,,16.7,,23.1,19.9,19.8,19.6
184,力林,2024-11-04 20:00,18.4,,,9,6.2,,360,,54,,11.4,8.9,1019.3,,1021.8,,,9,,9,,,4,4,,13,4990,,,15.5,,22.9,19.7,19.8,19.7
184,力林,2024-11-04 21:00,17.5,,,9,6.3,,20,,65,,12.9,10.8,1019.8,,1022.3,,,9,,9,,,4,4,Sc,8,3424,,,15.1,,22.7,19.6,19.7,19.7
184,力林,2024-11-04 22:00,16.9,,,9,3.4,,360,,65,,12.4,10.2,1020.1,,1022.6,,,9,,9,,,4,4,,8,3094,,,14.8,,22.5,19.4,19.6,19.7
184,力林,2024-11-04 23:00,16.5,,,9,3.8,,360,,62,,11.6,9.1,1020.3,,1022.8,,,9,,9,,,4,4,,9,3132,,,14.7,,22.4,19.2,19.5,19.7
184,力林,2024-11-05 00:00,16,,,9,3.9,,340,,64,,11.6,9.1,1020.2,,1022.7,,,9,,9,,,4,4,,,3431,,,14.2,,22.2,19.1,19.4,19.7
184,力林,2024-11-05 01:00,15.5,,,,3.7,,340,,61,,10.7,8,1019.9,,1022.4,,,9,,9,,,4,4,,11,4141,,,13.6,,22,18.9,19.2,19.7
184,力林,2024-11-05 02:00,15.2,,,,3.4,,340,,62,,10.6,7.9,1019.8,,1022.3,,,9,,9,,,8,2,,10,4807,,,13.3,,21.8,18.7,19.1,19.7
184,力林,2024-11-05 03:00,14.7,,,,3.2,,340,,64,,10.6,7.9,1019.2,,1021.7,,,9,,9,,,4,4,Sc,9,5000,,,13,,21.6,18.5,19,19.7
184,力林,2024-11-05 04:00,14.5,,,,3.3,,320,,60,,9.9,6.8,1019.4,,1021.9,,,9,,9,,,7,7,Sc,9,5000,,,13,,21.4,18.4,18.9,19.6
184,力林,2024-11-05 05:00,14.6,,,,3.5,,320,,59,,9.7,6.6,1019.2,,1021.7,,,9,,9,,,8,8,Sc,10,5000,,,13,,21.2,18.2,18.7,19.6
184,力林,2024-11-05 06:00,14.6,,,,3.3,,340,,60,,9.9,6.9,1019.1,,1021.6,,,9,,9,,,9,9,Sc,9,5000,,,13.1,,21.1,18.1,18.6,19.5
184,力林,2024-11-05 07:00,14.6,,,,3.2,,340,,58,,9.6,6.4,1019.3,,1021.8,,0,,0,,,,10,6,ScAs,10,5000,,,13.2,,21,18,18.4,19.5
184,力林,2024-11-05 08:00,14.8,,,,3.2,,320,,58,,9.7,6.6,1020.1,,1022.6,,0,,.07,,,,10,4,ScAs,11,5000,,,13.7,,20.8,17.9,18.4,19.4
184,力林,2024-11-05 09:00,15.2,,,,3.5,,340,,58,,9.9,6.9,1020.6,,1023.1,,0,,.27,,,,10,6,ScAs,12,5000,,,14.8,,20.8,17.8,18.2,19.4
184,力林,2024-11-05 10:00,15.3,,,,3.5,,340,,57,,9.9,6.8,1020.7,,1023.2,,0,,.36,,,,10,8,ScAs,10,5000,,,15.3,,20.8,17.8,18.2,19.3
184,力林,2024-11-05 11:00,15.9,,,,4.2,,320,,54,,9.7,6.5,1020.3,,1022.8,,0,,.66,,,,8,7,ScAc,10,5000,,,16.2,,15.5,15.4,15.7,19.3
184,力林,2024-11-05 12:00,16.7,,,,4.6,,320,,53,,10,7,1019.8,,1022.3,,.2,,1.19,,,,8,8,Sc,10,5000,,,19,,15.7,15.6,18,18.5
184,力林,2024-11-05 13:00,17.1,,,,4.9,,320,,49,,9.5,6.2,1019.2,,1021.7,,.3,,1.38,,,,7,7,Sc,11,5000,,,21.1,,16.6,16.5,18.7,18.3
184,力林,2024-11-05 14:00,17.3,,,,5.2,,320,,50,,9.8,6.7,1018.7,,1021.2,,.4,,1.47,,,,6,6,Sc,11,5000,,,20.2,,16.5,16.4,18.5,18.4
184,力林,2024-11-05 15:00,16.5,,,,5.7,,320,,50,,9.3,6,1018.7,,1021.2,,.5,,1.3,,,,5,5,Sc,11,4979,,,16.1,,15.2,14.9,16.9,18.3
184,力林,2024-11-05 16:00,16.7,,,,5.6,,320,,46,,8.7,5,1018.9,,1021.4,,.9,,1.17,,,,1,1,Sc,13,5000,,,13.6,,16,15.6,17.7,18.3
184,力林,2024-11-05 17:00,15.8,,,,5.2,,320,,46,,8.2,4.1,1019.3,,1021.8,,.9,,.54,,,,1,1,Sc,13,5000,,,12,,16.3,15.9,18.1,18.3
184,力林,2024-11-05 18:00,14.6,,,,5.6,,320,,50,,8.2,4.2,1020,,1022.5,,.1,,.03,,,,4,4,Sc,14,5000,,,11,,16.4,16,18.3,18.3
184,力林,2024-11-05 19:00,14.6,,,,5.2,,320,,50,,8.2,4.2,1020.6,,1023.1,,,9,,9,,,4,4,,12,5000,,,11.4,,16.3,15.9,18.4,18.3
184,力林,2024-11-05 20:00,14.4,,,,4.2,,360,,51,,8.3,4.3,1020.7,,1023.2,,,9,,9,,,6,6,,12,5000,,,11.2,,16.2,15.8,18.4,18.4
184,力林,2024-11-05 21:00,14.1,,,,5.5,,340,,53,,8.5,4.6,1021,,1023.5,,,9,,9,,,7,7,Sc,14,5000,,,10.7,,16.1,15.8,18.3,18.4
184,力林,2024-11-05 22:00,14.2,,,,5.4,,340,,49,,7.9,3.6,1021.3,,1023.8,,,9,,9,,,6,6,,13,5000,,,10.7,,16,15.6,18.3,18.3
184,力林,2024-11-05 23:00,14.1,,,,5.1,,20,,51,,8.1,4,1021.6,,1024.1,,,9,,9,,,2,2,,13,5000,,,10.6,,15.8,15.5,18.2,18.3
184,力林,2024-11-06 00:00,14,,,,6,,360,,48,,7.6,3.1,1022,,1024.5,,,9,,9,,,7,7,,,5000,,,10.7,,15.7,15.4,18.1,18.3
184,力林,2024-11-06 01:00,14,,,,5.3,,360,,47,,7.5,2.8,1022.1,,1024.6,,,9,,9,,,6,6,,15,5000,,,10.2,,15.6,15.4,18.1,18.2
184,力林,2024-11-06 02:00,14,,,,4.7,,360,,44,,7,1.9,1022,,1024.5,,,9,,9,,,1,1,,15,5000,,,9.7,,15.5,15.3,18,18.1
184,力林,2024-11-06 03:00,14.1,,,,5.1,,360,,49,,7.8,3.5,1021.5,,1024,,,9,,9,,,4,4,Sc,16,5000,,,9.5,,15.4,15.2,18,18.1
184,力林,2024-11-06 04:00,14.4,,,,5.3,,360,,53,,8.7,4.9,1021.4,,1023.9,,,9,,9,,,8,8,Sc,13,5000,,,10.7,,15.2,15,17.8,18
184,力林,2024-11-06 05:00,14.5,,,,8.1,,360,,60,,9.9,6.8,1021.6,,1024.1,,,9,,9,,,8,8,Sc,10,5000,,,11.1,,15.1,15,17.7,18
184,力林,2024-11-06 06:00,14,,,,7.3,,20,,66,,10.5,7.7,1021.9,,1024.4,,,9,,9,,,6,6,Sc,8,5000,,,10.9,,15.1,14.9,17.7,17.9
184,力林,2024-11-06 07:00,13.8,,,,5.6,,360,,63,,9.9,6.8,1022.2,,1024.7,,0,,0,,,,6,6,Sc,9,4990,,,10.7,,15.1,14.9,17.6,17.8
184,力林,2024-11-06 08:00,14,,,,5.7,,20,,64,,10.2,7.2,1022.7,,1025.2,,.1,,.1,,,,6,6,Sc,10,5000,,,11.4,,15,14.8,17.5,17.7
184,力林,2024-11-06 09:00,14.5,,,,5.4,,360,,59,,9.7,6.5,1023.5,,1026,,.4,,.49,,,,7,7,Sc,9,5000,,,12.2,,14.9,14.7,17.4,17.7
184,力林,2024-11-06 10:00,15.6,,,,5.1,,360,,51,,9,5.4,1024.2,,1026.7,,.5,,1.01,,,,5,5,Sc,11,5000,,,13.8,,14.8,14.6,17.2,17.6
184,力林,2024-11-06 11:00,16.6,,,,4.7,,340,,47,,8.8,5.2,1024.3,,1026.8,,.9,,1.86,,,,1,1,Sc,12,4979,,,18,,14.6,14.5,17,17.5
184,力林,2024-11-06 12:00,16.6,,,,5.7,,360,,49,,9.2,5.8,1024.4,,1026.9,,1,,2.39,,,,1,1,Sc,13,5000,,,20.7,,14.8,14.7,16.9,17.5
184,力林,2024-11-06 13:00,15.7,,,,6.5,,20,,46,,8.1,4,1024.1,,1026.6,,.8,,2.01,,,,4,4,Sc,11,5000,,,19.8,,15.4,15.2,17.2,17.4
184,力林,2024-11-06 14:00,16,,,,4.9,,360,,46,,8.3,4.3,1023.5,,1026,,.7,,1.83,,,,5,5,Sc,13,4956,,,20.3,,15.9,15.7,17.5,17.3
184,力林,2024-11-06 15:00,15.7,,,,5,,360,,44,,7.8,3.4,1023.5,,1026,,.4,,1.01,,,,5,5,Sc,14,5000,,,18.1,,16.4,16.2,17.9,17.3
184,力林,2024-11-06 16:00,15.1,,,,4.1,,360,,46,,7.8,3.5,1023.6,,1026.1,,.3,,.63,,,,6,6,Sc,14,5000,,,16.2,,17.1,16.8,18.6,17.3
184,力林,2024-11-06 17:00,14.7,,,,4.8,,340,,45,,7.5,2.8,1024.1,,1026.6,,.3,,.3,,,,5,5,Sc,14,5000,,,13.8,,16.8,16.4,18.4,17.2
184,力林,2024-11-06 18:00,13.8,,,,6.6,,20,,48,,7.5,2.9,1024.5,,1027,,.1,,.03,,,,4,4,Sc,14,5000,,,12.1,,16.6,16.3,18.4,17.3
184,力林,2024-11-06 19:00,13.4,,,,5.2,,20,,49,,7.5,2.8,1024.6,,1027.1,,,9,,9,,,0,0,,,5000,,,11.2,,16.7,16.3,18.6,17.3
184,力林,2024-11-06 20:00,13.2,,,,5.1,,20,,52,,7.8,3.5,1024.9,,1027.4,,,9,,9,,,0,0,,,5000,,,10.7,,16.5,16.2,18.6,17.3
184,力林,2024-11-06 21:00,12.9,,,,3.9,,360,,53,,7.8,3.5,1025.3,,1027.8,,,9,,9,,,1,1,Sc,12,4948,,,10.3,,16.3,16,18.5,17.4
184,力林,2024-11-06 22:00,12.9,,,,4.9,,20,,49,,7.3,2.4,1025.4,,1027.9,,,9,,9,,,0,0,,,5000,,,10.1,,16.2,15.9,18.5,17.3
184,力林,2024-11-06 23:00,12.6,,,,3.8,,20,,52,,7.5,2.9,1025.6,,1028.1,,,9,,9,,,0,0,,,5000,,,9.6,,15.9,15.6,18.3,17.3
184,力林,2024-11-07 00:00,12.2,,,,1.9,,90,,54,,7.6,3.1,1025.3,,1027.8,,,9,,9,,,0,0,,,5000,,,9.2,,15.7,15.4,18.2,17.2
184,力林,2024-11-07 01:00,10.7,,,,2.3,,180,,60,,7.7,3.2,1025.4,,1028,,,9,,9,,,0,0,,,5000,,,8.8,,15.6,15.3,18.1,17.2
184,力林,2024-11-07 02:00,9.8,,,,1.8,,160,,63,,7.6,3,1025.1,,1027.7,,,9,,9,,,0,0,,,5000,,,8.4,,15.4,15.1,18,17.1
184,力林,2024-11-07 03:00,9.4,,,,2.1,,160,,65,,7.6,3.1,1024.6,,1027.2,,,9,,9,,,0,0,,,5000,,,8,,15.1,14.9,17.8,17
184,力林,2024-11-07 04:00,9.1,,,,2,,180,,66,,7.6,3,1024.9,,1027.5,,,9,,9,,,0,0,,,5000,,,7.8,,14.9,14.7,17.7,16.9
184,力林,2024-11-07 05:00,9,,,,2.7,,160,,66,,7.5,2.9,1024.9,,1027.5,,,9,,9,,,0,0,,,5000,,,7.7,,14.7,14.6,17.5,16.8
184,力林,2024-11-07 06:00,9.1,,,,2.4,,180,,68,,7.8,3.4,1025.5,,1028.1,,,9,,9,,,3,3,Sc,11,5000,,,7.7,,14.5,14.3,17.4,16.7
184,力林,2024-11-07 07:00,9.7,,,,1.6,,160,,71,,8.5,4.6,1026.1,,1028.7,,0,,0,,,,7,7,Sc,11,5000,,,8.2,,14.4,14.2,17.2,16.7
184,力林,2024-11-07 08:00,10.7,,,,2,,160,,72,,9.2,5.8,1026.7,,1029.3,,.1,,.1,,,,1,1,Sc,11,4954,,,8.8,,14.2,14,17,16.6
184,力林,2024-11-07 09:00,13.1,,,,1.3,,140,,64,,9.6,6.4,1027.1,,1029.6,,1,,.79,,,,0,0,,,4943,,,9.9,,14,13.9,16.8,16.6
184,力林,2024-11-07 10:00,16.8,,,,2.9,,70,,49,,9.3,6,1027,,1029.5,,1,,1.47,,,,0,0,,,4941,,,13.5,,14.1,14,16.8,16.5
184,力林,2024-11-07 11:00,17.5,,,,3.8,,50,,46,,9.2,5.7,1026.8,,1029.3,,1,,1.99,,,,0,0,,,5000,,,18.6,,15.1,15,17.5,16.5
184,力林,2024-11-07 12:00,17.9,,,,3.7,,50,,46,,9.4,6.1,1026.2,,1028.7,,1,,2.31,,,,0,0,,,5000,,,21.4,,15.1,15.1,17.2,16.4
184,力林,2024-11-07 13:00,17.8,,,,5,,50,,48,,9.7,6.6,1025.5,,1028,,1,,2.19,,,,5,0,Ci,,5000,,,21.3,,16.1,16.1,17.9,16.3
184,力林,2024-11-07 14:00,17.4,,,,4.3,,50,,52,,10.3,7.4,1025.2,,1027.7,,.8,,1.65,,,,7,0,Ci,,4992,,,21.5,,16.8,16.6,18.3,16.3
184,力林,2024-11-07 15:00,17.9,,,,3.8,,20,,53,,10.8,8.1,1025.2,,1027.7,,.9,,1.5,,,,2,1,ScCi,10,4952,,,,9,,,,16.3
184,力林,2024-11-07 16:00,17.2,,,,3.4,,50,,54,,10.5,7.7,1025.2,,1027.7,,.6,,.98,,,,8,8,Sc,10,5000,,,,9,,,,16.3
184,力林,2024-11-07 17:00,16.4,,,,2.7,,50,,57,,10.6,7.8,1025.5,,1028,,0,,.23,,,,4,4,Sc,10,4935,,,,9,,,,16.3
184,力林,2024-11-07 18:00,15.5,,,,.9,,110,,60,,10.5,7.7,1025.5,,1028,,0,,.02,,,,4,4,Sc,16,5000,,,,9,,,,16.4
184,力林,2024-11-07 19:00,15,,,,1.2,,160,,65,,11,8.4,1025.6,,1028.1,,,9,,9,,,4,2,,16,3631,,,,9,,,,16.4
184,力林,2024-11-07 20:00,14.1,,,,1.1,,160,,69,,11,8.4,1025.9,,1028.4,,,9,,9,,,2,0,,,3120,,,,9,,,,16.5
184,力林,2024-11-07 21:00,13.5,,,,.9,,160,,71,,10.9,8.3,1025.8,,1028.3,,,9,,9,,,2,2,Ac,40,4081,,,,9,,,,16.5
184,力林,2024-11-07 22:00,13.7,,,,1.6,,160,,69,,10.8,8.1,1025.8,,1028.3,,,9,,9,,,7,3,,19,4988,,,,9,,,,16.6
184,力林,2024-11-07 23:00,13.5,,,,1.4,,180,,71,,10.9,8.3,1026.1,,1028.6,,,9,,9,,,7,1,,9,4915,,,,9,,,,16.6
184,力林,2024-11-08 00:00,13.9,,,,1.1,,160,,70,,11.1,8.5,1025.6,,1028.1,,,9,,9,,,7,7,,,5000,,,,9,,,,16.6
184,力林,2024-11-08 01:00,14,,,,1.8,,160,,69,,10.9,8.3,1025.5,,1028,,,9,,9,,,4,1,,10,5000,,,,9,,,,16.6
184,力林,2024-11-08 02:00,14.5,,,,1.9,,140,,69,,11.3,8.8,1025.2,,1027.7,,,9,,9,,,4,4,,10,5000,,,,9,,,,16.6
184,力林,2024-11-08 03:00,14.4,,,,1.8,,160,,71,,11.6,9.2,1024.7,,1027.2,,,9,,9,,,9,9,Sc,10,5000,,,,9,,,,16.5
184,力林,2024-11-08 04:00,14.9,,,,1.4,,160,,71,,11.9,9.6,1024.3,,1026.8,,,9,,9,,,8,8,Sc,10,5000,,,,9,,,,16.5
184,力林,2024-11-08 05:00,15.2,,,,1.1,,110,,75,,12.9,10.7,1023.9,,1026.4,,,9,,9,,,8,8,Sc,10,4952,,,,9,,,,16.5
184,力林,2024-11-08 06:00,15.6,,.1,,2.7,,110,,79,,13.9,11.9,1023.5,,1026,,,9,,9,,,6,6,Sc,11,5000,,01,,9,,,,16.5
184,力林,2024-11-08 07:00,15.4,,,9,1.8,,140,,69,,12,9.7,1023.8,,1026.3,,0,,0,,,,5,2,ScCi,11,5000,,,,9,,,,16.4
184,力林,2024-11-08 08:00,15.4,,,9,1.6,,140,,68,,11.9,9.5,1024.3,,1026.8,,.1,,.13,,,,7,2,ScAcCc,16,3210,,,,9,,,,16.4
184,力林,2024-11-08 09:00,17.2,,,9,1.6,,160,,64,,12.5,10.3,1024.4,,1026.9,,.7,,.59,,,,4,1,ScCi,10,4043,,,,9,,,,16.3
184,力林,2024-11-08 10:00,19.9,,,9,3.7,,110,,54,,12.5,10.3,1024.5,,1026.9,,1,,1.41,,,,6,1,ScAcCi,10,5000,,,,9,,,,16.4
184,力林,2024-11-08 11:00,21.1,,,9,4.2,,90,,47,,11.7,9.3,1024.1,,1026.5,,1,,1.95,,,,3,1,ScCi,10,5000,,,,9,,,,16.4
184,力林,2024-11-08 12:00,21.4,,,9,4,,90,,45,,11.4,8.9,1023.5,,1025.9,,1,,2.08,,,,7,1,ScAc,10,5000,,,,9,,,,16.3
184,力林,2024-11-08 13:00,21.1,,,9,4.3,,70,,48,,11.9,9.6,1023,,1025.4,,.2,,1.57,,,,9,1,ScAc,12,5000,,,,9,,,,16.3
184,力林,2024-11-08 14:00,21.1,,,9,3.5,,70,,49,,12.2,9.9,1022.4,,1024.8,,.4,,1.48,,,,9,8,AcCi,45,5000,,,,9,,,,16.2
184,力林,2024-11-08 15:00,21,,,9,3.2,,70,,48,,11.9,9.5,1022.3,,1024.7,,.7,,1.4,,,,9,1,ScAc,10,5000,,,,9,,,,16.3
184,力林,2024-11-08 16:00,20.2,,,9,3.3,,70,,50,,11.8,9.4,1022.9,,1025.4,,.2,,.84,,,,9,1,ScAcCi,10,5000,,,,9,,,,16.3
184,力林,2024-11-08 17:00,19.3,,,9,2.8,,70,,53,,11.8,9.4,1022.9,,1025.3,,.1,,.32,,,,8,1,ScAcCi,10,5000,,,,9,,,,16.4
184,力林,2024-11-08 18:00,18.1,,,9,1.8,,110,,60,,12.4,10.2,1023.1,,1025.6,,0,,.02,,,,8,1,ScAcCi,10,5000,,,,9,,,,16.5
184,力林,2024-11-08 19:00,17.3,,,9,2.5,,140,,61,,11.9,9.6,1023,,1025.5,,,9,,9,,,9,9,,67,5000,,,,9,,,,16.6
184,力林,2024-11-08 20:00,17.2,,,9,1.7,,140,,61,,11.9,9.6,1023.2,,1025.7,,,9,,9,,,9,9,,66,5000,,,,9,,,,16.7
184,力林,2024-11-08 21:00,17.1,,,9,1.7,,140,,64,,12.4,10.2,1023.4,,1025.9,,,9,,9,,,8,1,ScAcCi,10,5000,,,,9,,,,16.7
184,力林,2024-11-08 22:00,17,,,9,2.1,,140,,64,,12.4,10.1,1023.5,,1026,,,9,,9,,,10,10,,62,5000,,,,9,,,,16.8
184,力林,2024-11-08 23:00,16.7,,,9,1.8,,140,,65,,12.3,10,1023.3,,1025.8,,,9,,9,,,8,8,,60,5000,,,,9,,,,16.8
184,力林,2024-11-09 00:00,16.5,,,9,2,,160,,65,,12.1,9.8,1023.1,,1025.6,,,9,,9,,,8,1,ScAcCi,11,5000,,,,9,,,,16.9
184,力林,2024-11-09 01:00,16.2,,,,1.4,,140,,68,,12.4,10.2,1022.9,,1025.4,,,9,,9,,,7,0,,,5000,,,,9,,,,16.9
184,力林,2024-11-09 02:00,15.9,,,,1.5,,140,,68,,12.2,9.9,1022.7,,1025.2,,,9,,9,,,7,1,,10,5000,,,,9,,,,16.9
184,力林,2024-11-09 03:00,15.7,,,,1.4,,110,,71,,12.6,10.4,1022.5,,1025,,,9,,9,,,7,7,Sc,9,5000,,,,9,,,,16.9
184,力林,2024-11-09 04:00,16.1,,,,1.9,,140,,74,,13.5,11.4,1022.3,,1024.8,,,9,,9,,,8,8,Sc,9,5000,,,,9,,,,16.9
184,力林,2024-11-09 05:00,16.6,,,,2.1,,110,,75,,14.1,12.1,1021.7,,1024.2,,,9,,9,,,7,7,Sc,8,5000,,,,9,,,,16.9
184,力林,2024-11-09 06:00,16.3,,,,2.3,,110,,76,,14,12,1021.9,,1024.4,,,9,,9,,,4,4,Sc,8,5000,,,,9,,,,16.9
184,力林,2024-11-09 07:00,15.8,,,,2.1,,140,,78,,13.9,11.9,1022.1,,1024.6,,0,,0,,,,4,4,Sc,8,4987,,,,9,,,,16.8
184,力林,2024-11-09 08:00,16.2,,,,2.5,,110,,78,,14.3,12.3,1022.4,,1024.9,,0,,.08,,,,9,8,ScCi,8,4995,,,,9,,,,16.9
184,力林,2024-11-09 09:00,17.6,,,,2.1,,90,,73,,14.6,12.6,1022.6,,1025.1,,.4,,.51,,,,9,7,ScCi,8,5000,,,,9,,,,16.8
184,力林,2024-11-09 10:00,18.8,,,,3.7,,70,,67,,14.5,12.5,1022.7,,1025.2,,.3,,.73,,,,9,4,ScCi,7,5000,,,,9,,,,16.8
184,力林,2024-11-09 11:00,19.6,,,,4.1,,70,,64,,14.5,12.5,1022.6,,1025,,.2,,1.01,,,,8,3,ScAc,8,5000,,,,9,,,,16.8
184,力林,2024-11-09 12:00,20.1,,,,4.5,,50,,59,,13.8,11.8,1022.2,,1024.7,,.3,,1.52,,,,9,3,ScAc,8,5000,,,,9,,,,16.8
184,力林,2024-11-09 13:00,20,,,,4.5,,50,,63,,14.7,12.7,1021.5,,1024,,.1,,1.2,,,,9,3,ScAc,8,5000,,,,9,,,,16.8
184,力林,2024-11-09 14:00,19.8,,,,4.6,,70,,63,,14.5,12.5,1021,,1023.4,,.1,,.99,,,,9,6,ScAc,8,5000,,,,9,,,,16.9
184,力林,2024-11-09 15:00,19.9,,,,5.4,,50,,66,,15.3,13.3,1020.8,,1023.2,,.2,,1.12,,,,9,4,ScAcCi,8,5000,,,,9,,,,16.9
184,力林,2024-11-09 16:00,19.5,,,,3.6,,50,,68,,15.4,13.4,1021,,1023.4,,.1,,.49,,,,9,6,ScAcCi,8,5000,,,,9,,,,16.9
184,力林,2024-11-09 17:00,19.1,,,,3.5,,70,,70,,15.4,13.4,1020.7,,1023.1,,0,,.13,,,,9,4,ScAcCi,8,5000,,,,9,,,,17
184,力林,2024-11-09 18:00,18.8,,,,2.4,,70,,71,,15.4,13.4,1021.1,,1023.5,,0,,.01,,,,10,6,ScAs,8,5000,,,,9,,,,17.1
184,力林,2024-11-09 19:00,18.6,,,,1.7,,90,,71,,15.2,13.2,1021.3,,1023.8,,,9,,9,,,10,3,,10,5000,,,,9,,,,17.1
184,力林,2024-11-09 20:00,18.3,,,,2.3,,90,,64,,13.4,11.3,1021.2,,1023.7,,,9,,9,,,10,1,,15,5000,,,,9,,,,17.2
184,力林,2024-11-09 21:00,18.3,,,,2,,90,,65,,13.6,11.5,1021.2,,1023.7,,,9,,9,,,9,8,AcCi,34,5000,,,,9,,,,17.3
184,力林,2024-11-09 22:00,18.3,,,,1.7,,70,,65,,13.6,11.5,1021,,1023.5,,,9,,9,,,10,1,,18,5000,,,,9,,,,17.3
184,力林,2024-11-09 23:00,18.4,,,,2.1,,90,,64,,13.5,11.4,1020.3,,1022.8,,,9,,9,,,9,6,,53,5000,,,,9,,,,17.4
184,力林,2024-11-10 00:00,18.4,,,,2.8,,90,,65,,13.7,11.6,1019.8,,1022.3,,,9,,9,,,8,5,AcCi,33,5000,,,,9,,,,17.5
184,力林,2024-11-10 01:00,18.4,,,,1.8,,70,,67,,14.1,12.1,1019.5,,1022,,,9,,9,,,10,8,,9,5000,,,,9,,,,17.5
184,力林,2024-11-10 02:00,18.6,,,9,1.3,,90,,70,,15,13,1019.4,,1021.8,,,9,,9,,,10,10,,8,5000,,,,9,,,,17.5
184,力林,2024-11-10 03:00,18.8,,,,1.6,,90,,71,,15.4,13.4,1019,,1021.4,,,9,,9,,,10,9,ScAs,9,5000,,,,9,,,,17.5
184,力林,2024-11-10 04:00,18.4,,,9,1.7,,90,,77,,16.2,14.2,1019.1,,1021.6,,,9,,9,,,10,9,StNs,8,748,,1901,,9,,,,17.5
184,力林,2024-11-10 05:00,17.6,,,9,2.5,,110,,84,,16.8,14.8,1019.2,,1021.7,,,9,,9,,,10,9,StNs,7,592,,1901,,9,,,,17.5
184,力林,2024-11-10 06:00,17.2,,8.5,,2,,90,,87,,17,15,1019.2,,1021.7,,,9,,9,,,10,9,StNs,8,854,,1901,,9,,,,17.5
184,力林,2024-11-10 07:00,17.2,,,9,3,,110,,86,,16.8,14.8,1019.2,,1021.7,,,9,,9,,,10,9,StNs,8,4372,,1901,,9,,,,17.5
184,力林,2024-11-10 08:00,17.6,,,9,3.1,,110,,83,,16.6,14.6,1019.3,,1021.8,,0,,0,,,,10,8,StNs,8,5000,,01,,9,,,,17.5
184,力林,2024-11-10 09:00,17.8,,.3,,2.7,,90,,85,,17.3,15.2,1019.2,,1021.7,,0,,.07,,,,10,6,StNs,8,4541,,01,,9,,,,17.6
184,力林,2024-11-10 10:00,18.1,,,9,3.1,,110,,83,,17.2,15.1,1019,,1021.5,,0,,.09,,,,10,9,StNs,7,1652,,01,,9,,,,17.6
184,力林,2024-11-10 11:00,18.6,,,9,2.7,,110,,85,,18.2,16,1018.2,,1020.6,,0,,.31,,,,10,8,StNs,7,3623,,01,,9,,,,17.6
184,力林,2024-11-10 12:00,19.4,,.7,,2.7,,90,,83,,18.6,16.4,1017.4,,1019.8,,0,,.53,,,,10,9,StNs,7,3930,,01,,9,,,,17.6
184,力林,2024-11-10 13:00,19.8,,,9,3.1,,90,,81,,18.6,16.4,1016.4,,1018.8,,0,,.51,,,,10,7,StNs,8,3560,,01,,9,,,,17.6
184,力林,2024-11-10 14:00,19.3,,,9,3.8,,50,,82,,18.3,16.1,1016.2,,1018.6,,0,,.13,,,,10,6,StNs,8,3207,,01,,9,,,,17.6
184,力林,2024-11-10 15:00,18.9,,1.9,,2.6,,70,,86,,18.6,16.4,1016.6,,1019,,0,,.09,,,,10,8,StNs,7,577,,1901,,9,,,,17.6
184,力林,2024-11-10 16:00,18.4,,,9,2.5,,110,,88,,18.5,16.3,1016.4,,1018.8,,0,,0,,,,10,9,StNs,6,699,,1901,,9,,,,17.7
184,力林,2024-11-10 17:00,18,,,9,1.8,,140,,85,,17.5,15.4,1016.3,,1018.7,,0,,0,,,,10,8,StNs,6,1501,,1901,,9,,,,17.7
184,力林,2024-11-10 18:00,17.8,,6,,1.9,,110,,87,,17.7,15.6,1016.5,,1019,,0,,0,,,,10,7,StNs,6,3283,,01,,9,,,,17.7
184,力林,2024-11-10 19:00,17.7,,,9,1.2,,70,,87,,17.6,15.5,1017,,1019.5,,,9,,9,,,10,6,ScAs,8,3587,,01,,9,,,,17.8
184,力林,2024-11-10 20:00,17.6,,,9,1,,90,,85,,17,15,1017.8,,1020.3,,,9,,9,,,10,8,ScAs,8,5000,,01,,9,,,,17.8
184,力林,2024-11-10 21:00,17.9,,0,,2.6,,70,,86,,17.6,15.5,1018.1,,1020.6,,,9,,9,,,10,8,ScAs,6,4973,,,,9,,,,17.8
184,力林,2024-11-10 22:00,18.1,,,9,3.7,,50,,82,,16.9,14.9,1018.4,,1020.9,,,9,,9,,,10,10,,4,5000,,,,9,,,,17.9
184,力林,2024-11-10 23:00,18,,,9,1.7,,70,,82,,16.8,14.8,1018.1,,1020.6,,,9,,9,,,8,8,,5,5000,,,,9,,,,17.9
184,力林,2024-11-11 00:00,17.7,,,9,1.4,,140,,83,,16.7,14.7,1018,,1020.5,,,9,,9,,,9,9,,,4716,,,,9,,,,17.9
184,力林,2024-11-11 01:00,17.6,,,,1,,50,,84,,16.8,14.8,1017.9,,1020.4,,,9,,9,,,8,8,,5,4248,,,,9,,,,17.9
184,力林,2024-11-11 02:00,17.1,,,,.5,,140,,84,,16.3,14.3,1017.6,,1020.1,,,9,,9,,,1,1,,5,3873,,,,9,,,,17.9
184,力林,2024-11-11 03:00,16.5,,,,0,,0,,87,,16.3,14.3,1017.5,,1020,,,9,,9,,,5,5,Sc,10,2596,,,,9,,,,17.9
184,力林,2024-11-11 04:00,16.2,,,,1.9,,180,,87,,16,14,1017.5,,1020,,,9,,9,,,7,7,Sc,8,3392,,,,9,,,,17.9
184,力林,2024-11-11 05:00,16.2,,,,.9,,140,,86,,15.8,13.8,1017.5,,1020,,,9,,9,,,7,7,Sc,8,3818,,,,9,,,,17.9
184,力林,2024-11-11 06:00,16,,,,1.1,,180,,86,,15.6,13.6,1017.7,,1020.2,,,9,,9,,,7,7,Sc,8,3737,,,,9,,,,17.9
184,力林,2024-11-11 07:00,15.7,,,,1,,160,,82,,14.6,12.6,1018.2,,1020.7,,,9,,9,,,1,1,Sc,9,3392,,,,9,,,,17.9
184,力林,2024-11-11 08:00,15.4,,,,2.1,,180,,82,,14.3,12.3,1018.5,,1021,,0,,.03,,,,0,0,,,3400,,,,9,,,,17.9
184,力林,2024-11-11 09:00,16.8,,,,.8,,270,,75,,14.3,12.3,1018.8,,1021.3,,1,,.7,,,,0,0,,,4238,,,,9,,,,17.8
184,力林,2024-11-11 10:00,19.9,,,,3.1,,20,,62,,14.3,12.3,1018.5,,1020.9,,1,,1.31,,,,0,0,,,4006,,,,9,,,,17.9
184,力林,2024-11-11 11:00,20.4,,,,2.6,,20,,56,,13.4,11.3,1018.1,,1020.5,,1,,1.85,,,,0,0,,,4670,,,,9,,,,17.9
184,力林,2024-11-11 12:00,20.8,,,,2.5,,20,,52,,12.7,10.5,1017.6,,1020,,1,,2.19,,,,0,0,,,4958,,,,9,,,,17.9
184,力林,2024-11-11 13:00,20.9,,,,3,,20,,55,,13.6,11.5,1016.3,,1018.7,,1,,2.28,,,,0,0,,,4689,,,,9,,,,17.8
184,力林,2024-11-11 14:00,21,,,,3.1,,20,,56,,13.8,11.8,1015.8,,1018.2,,1,,2.11,,,,0,0,,,4785,,,,9,,,,17.9
184,力林,2024-11-11 15:00,20.7,,,,3.1,,20,,52,,12.6,10.4,1015.4,,1017.8,,1,,1.72,,,,0,0,,,5000,,,,9,,,,17.9
184,力林,2024-11-11 16:00,20.2,,,,2.9,,70,,53,,12.5,10.3,1015.3,,1017.7,,1,,1.15,,,,0,0,,,4822,,,,9,,,,18
184,力林,2024-11-11 17:00,19.6,,,,2.3,,70,,58,,13.2,11.1,1015.6,,1018,,1,,.47,,,,0,0,,,4608,,,,9,,,,18.1
184,力林,2024-11-11 18:00,18,,,,1,,110,,62,,12.8,10.6,1016.1,,1018.5,,.3,,.02,,,,0,0,,,4576,,,,9,,,,18.2
184,力林,2024-11-11 19:00,17.1,,,,1.7,,140,,67,,13,10.9,1016.7,,1019.2,,,9,,9,,,0,0,,,3276,,,,9,,,,18.2
184,力林,2024-11-11 20:00,16.1,,,,2.6,,160,,68,,12.4,10.1,1017,,1019.5,,,9,,9,,,0,0,,,3882,,,,9,,,,18.3
184,力林,2024-11-11 21:00,15.6,,,,2.5,,160,,68,,12,9.7,1017.2,,1019.7,,,9,,9,,,0,0,,,4854,,,,9,,,,18.4
184,力林,2024-11-11 22:00,14.9,,,,2.7,,160,,62,,10.4,7.6,1017.3,,1019.8,,,9,,9,,,0,0,,,5000,,,,9,,,,18.4
184,力林,2024-11-11 23:00,14.4,,,,2,,160,,67,,10.9,8.3,1017.3,,1019.8,,,9,,9,,,0,0,,,5000,,,,9,,,,18.4
184,力林,2024-11-12 00:00,14.2,,,,2.2,,160,,71,,11.5,9,1016.9,,1019.4,,,9,,9,,,2,2,Ac,38,5000,,,12.3,,18.2,17.9,20.4,18.4
184,力林,2024-11-12 01:00,14.3,,,,2.1,,160,,72,,11.7,9.3,1016.5,,1019,,,9,,9,,,0,0,,,4996,,,,9,,,,18.4
184,力林,2024-11-12 02:00,14.3,,,,2.2,,160,,69,,11.2,8.6,1016.3,,1018.8,,,9,,9,,,3,3,,10,5000,,,,9,,,,18.4
184,力林,2024-11-12 03:00,14.2,,,,2,,160,,70,,11.2,8.7,1016.4,,1018.9,,,9,,9,,,1,1,Ac,40,5000,,,,9,,,,18.4
184,力林,2024-11-12 04:00,14.6,,,,2.3,,180,,74,,12.3,10,1016.4,,1018.9,,,9,,9,,,8,8,Sc,10,4993,,,,9,,,,18.3
184,力林,2024-11-12 05:00,15.4,,,,1.3,,230,,75,,13,10.9,1016.6,,1019.1,,,9,,9,,,8,8,Sc,10,3559,,,,9,,,,18.3
184,力林,2024-11-12 06:00,16.5,,,,3.6,,340,,78,,14.6,12.6,1017,,1019.5,,,9,,9,,,6,6,Sc,9,1849,,,,9,,,,18.2
184,力林,2024-11-12 07:00,16.4,,,9,2.9,,320,,76,,14.1,12.1,1017.4,,1019.9,,,9,,9,,,5,5,Sc,8,1631,,,,9,,,,18.2
184,力林,2024-11-12 08:00,16.6,,,,2,,320,,75,,14.1,12.1,1017.7,,1020.2,,0,,.04,,,,6,6,Sc,8,1916,,,,9,,,,18.1
184,力林,2024-11-12 09:00,17.2,,,,4,,360,,74,,14.5,12.5,1018.6,,1021.1,,.1,,.26,,,,8,8,Sc,8,1702,,,,9,,,,18
184,力林,2024-11-12 10:00,17.9,,,,2.7,,360,,69,,14.1,12.1,1018.7,,1021.2,,.2,,.6,,,,4,4,Sc,9,1952,,,,9,,,,18
184,力林,2024-11-12 11:00,19.8,,,,2.8,,360,,61,,14,12,1018.5,,1020.9,,.9,,1.65,,,,3,3,Sc,9,2392,,,,9,,,,18
184,力林,2024-11-12 12:00,20.6,,,,2.9,,360,,57,,13.7,11.7,1017.8,,1020.2,,1,,2.1,,,,0,0,,,2624,,,,9,,,,18
184,力林,2024-11-12 13:00,20.8,,,,2.8,,360,,53,,12.9,10.8,1017.2,,1019.6,,1,,2.09,,,,0,0,,,2459,,,,9,,,,17.9
184,力林,2024-11-12 14:00,20.6,,,,2,,250,,56,,13.6,11.5,1016.7,,1019.1,,1,,1.92,,,,1,1,Sc,10,2182,,,,9,,,,17.9
184,力林,2024-11-12 15:00,20.7,,,,3.1,,290,,59,,14.3,12.3,1016.5,,1018.9,,1,,1.49,,,,1,1,Sc,10,1999,,,,9,,,,18
184,力林,2024-11-12 16:00,19.7,,,,2.9,,270,,62,,14.2,12.2,1016.5,,1018.9,,.7,,.86,,,,2,2,Sc,10,1917,,,,9,,,,18
184,力林,2024-11-12 17:00,18.9,,,,2.2,,270,,66,,14.4,12.4,1016.5,,1018.9,,.3,,.32,,,,8,8,Sc,9,1819,,,,9,,,,18.1
184,力林,2024-11-12 18:00,18,,,,2.6,,270,,71,,14.6,12.6,1016.8,,1019.3,,0,,.01,,,,8,8,Sc,9,1464,,,,9,,,,18.2
184,力林,2024-11-12 19:00,17.6,,,,1.9,,270,,73,,14.6,12.6,1017.1,,1019.6,,,9,,9,,,0,0,,,1341,,,,9,,,,18.2
184,力林,2024-11-12 20:00,17.5,,,,1.7,,340,,74,,14.8,12.8,1017.7,,1020.2,,,9,,9,,,0,0,,,1336,,,,9,,,,18.3
184,力林,2024-11-12 21:00,17.2,,,,.9,,320,,74,,14.5,12.5,1017.8,,1020.3,,,9,,9,,,5,5,Sc,10,1373,,,,9,,,,18.4
184,力林,2024-11-12 22:00,17,,,,2.6,,360,,71,,13.7,11.6,1017.9,,1020.4,,,9,,9,,,0,0,,,1902,,,,9,,,,18.4
184,力林,2024-11-12 23:00,16.1,,,,2.2,,360,,72,,13.1,11,1018,,1020.5,,,9,,9,,,0,0,,,3663,,,,9,,,,18.5
184,力林,2024-11-13 00:00,15.5,,,,1.5,,250,,73,,12.8,10.6,1017.7,,1020.2,,,9,,9,,,1,1,,,2889,,,12.9,,18.4,18.2,20.5,18.5
184,力林,2024-11-13 01:00,14.4,,,,2.1,,180,,75,,12.3,10,1017.5,,1020,,,9,,9,,,0,0,,,2367,,,,9,,,,18.5
184,力林,2024-11-13 02:00,13.6,,,,2.6,,180,,75,,11.6,9.2,1017.3,,1019.8,,,9,,9,,,0,0,,,3028,,,,9,,,,18.5
184,力林,2024-11-13 03:00,13.4,,,,2.6,,180,,75,,11.5,9,1017.4,,1019.9,,,9,,9,,,0,0,,,3119,,,,9,,,,18.5
184,力林,2024-11-13 04:00,13.2,,,,1.8,,160,,77,,11.6,9.2,1017.8,,1020.3,,,9,,9,,,0,0,,,2826,,,,9,,,,18.4
184,力林,2024-11-13 05:00,13,,,,2.5,,140,,75,,11.2,8.6,1017.5,,1020,,,9,,9,,,0,0,,,2953,,,,9,,,,18.4
184,力林,2024-11-13 06:00,13.1,,,,2.4,,160,,77,,11.6,9.1,1017.5,,1020,,,9,,9,,,0,0,,,2355,,,,9,,,,18.3
184,力林,2024-11-13 07:00,13.8,,,,1.7,,140,,76,,11.9,9.6,1017.9,,1020.4,,,9,,9,,,0,0,,,1964,,,,9,,,,18.3
184,力林,2024-11-13 08:00,14.4,,,,1.7,,140,,81,,13.2,11.1,1018.4,,1020.9,,0,,.07,,,,0,0,,,1473,,,,9,,,,18.2
184,力林,2024-11-13 09:00,16.2,,,,.7,,110,,76,,13.9,11.9,1018.6,,1021.1,,.8,,.55,,,,4,4,Sc,10,1815,,,,9,,,,18.2
184,力林,2024-11-13 10:00,19.9,,,,2.7,,50,,67,,15.5,13.5,1018.5,,1020.9,,.9,,1.19,,,,2,2,Sc,11,2868,,,,9,,,,18.1
184,力林,2024-11-13 11:00,21.1,,,,4.5,,70,,67,,16.7,14.7,1018.5,,1020.9,,.9,,1.68,,,,4,4,CuSc,7,3035,,,,9,,,,18.1
184,力林,2024-11-13 12:00,21.2,,,,5.5,,50,,68,,17,15,1018.2,,1020.6,,.7,,1.84,,,,2,2,Sc,10,3190,,,,9,,,,18
184,力林,2024-11-13 13:00,21.6,,,,6.2,,50,,66,,16.9,14.9,1017.7,,1020.1,,1,,2.18,,,,1,1,Sc,10,2948,,,,9,,,,18
184,力林,2024-11-13 14:00,22.3,,,,5.2,,50,,55,,14.8,12.8,1017.3,,1019.7,,1,,2.04,,,,1,1,Sc,11,4299,,,,9,,,,18
184,力林,2024-11-13 15:00,22.8,,,,4,,70,,54,,14.9,12.9,1017.3,,1019.7,,.9,,1.53,,,,1,1,Sc,11,4514,,,,9,,,,18
184,力林,2024-11-13 16:00,22,,,,3.6,,70,,53,,13.9,11.9,1017.7,,1020.1,,1,,1.08,,,,0,0,,,4274,,,,9,,,,18.1
184,力林,2024-11-13 17:00,20.8,,,,2.8,,90,,55,,13.5,11.4,1018.2,,1020.6,,.9,,.41,,,,0,0,,,4264,,,,9,,,,18.1
184,力林,2024-11-13 18:00,19.1,,,,1.6,,90,,60,,13.2,11.1,1018.4,,1020.8,,0,,.02,,,,0,0,,,4067,,,,9,,,,18.2
184,力林,2024-11-13 19:00,18.3,,,,1.8,,90,,62,,12.9,10.8,1018.7,,1021.2,,,9,,9,,,0,0,,,3839,,,,9,,,,18.3
184,力林,2024-11-13 20:00,18,,,,1.6,,110,,61,,12.5,10.3,1019.3,,1021.8,,,9,,9,,,3,0,,,4203,,,,9,,,,18.4
184,力林,2024-11-13 21:00,17.2,,,,1.4,,70,,66,,12.9,10.7,1019.1,,1021.6,,,9,,9,,,0,0,,,4166,,,,9,,,,18.4
184,力林,2024-11-13 22:00,17.1,,,,1.1,,90,,66,,12.8,10.6,1019.7,,1022.2,,,9,,9,,,4,0,,,4315,,,,9,,,,18.4
184,力林,2024-11-13 23:00,17.4,,,,1.9,,90,,64,,12.7,10.5,1019.4,,1021.9,,,9,,9,,,3,1,,,4655,,,,9,,,,18.5
184,力林,2024-11-14 00:00,17.1,,,,2.6,,110,,62,,12,9.7,1018.9,,1021.4,,,9,,9,,,0,0,,,4970,,,,9,,,,18.5
184,力林,2024-11-14 01:00,17,,,,2.5,,110,,63,,12.1,9.8,1019,,1021.5,,,9,,9,,,4,0,,,4967,,,,9,,,,18.4
184,力林,2024-11-14 02:00,16.6,,,,2.3,,90,,64,,12,9.7,1018.7,,1021.2,,,9,,9,,,4,1,,,4995,,,,9,,,,18.4
184,力林,2024-11-14 03:00,16.2,,,,1.5,,110,,65,,11.9,9.6,1018.8,,1021.3,,,9,,9,,,4,1,ScAc,10,4987,,,,9,,,,18.4
184,力林,2024-11-14 04:00,15.8,,,,1.4,,140,,66,,11.8,9.4,1017.9,,1020.4,,,9,,9,,,7,7,Ac,38,5000,,,,9,,,,18.4
184,力林,2024-11-14 05:00,15.7,,,,1.1,,140,,67,,11.9,9.5,1018.1,,1020.6,,,9,,9,,,8,1,ScAc,10,4987,,,,9,,,,18.3
184,力林,2024-11-14 06:00,15.8,,,,2.1,,110,,66,,11.8,9.4,1018.3,,1020.8,,,9,,9,,,8,1,ScAc,10,5000,,,,9,,,,18.3
184,力林,2024-11-14 07:00,16,,,9,1.6,,140,,68,,12.3,10,1018.5,,1021,,,9,,9,,,10,8,ScAs,9,4959,,01,,9,,,,18.2
184,力林,2024-11-14 08:00,16.7,,,9,1.9,,90,,66,,12.5,10.3,1018,,1020.5,,0,,.06,,,,8,6,ScAc,9,5000,,,,9,,,,18.2
184,力林,2024-11-14 09:00,17.6,,0,,2.7,,110,,64,,12.9,10.7,1018.2,,1020.7,,0,,.22,,,,5,1,ScAc,11,4787,,,,9,,,,18.2
184,力林,2024-11-14 10:00,19.2,,,9,2.9,,90,,61,,13.5,11.4,1017.6,,1020,,.5,,.73,,,,4,4,Ac,40,5000,,,,9,,,,18.1
184,力林,2024-11-14 11:00,21.5,,,9,4.3,,90,,52,,13.3,11.2,1017.1,,1019.5,,1,,1.82,,,,0,0,,,4999,,,,9,,,,18
184,力林,2024-11-14 12:00,22.3,,,9,3.9,,90,,52,,13.9,11.9,1016.8,,1019.2,,1,,2.17,,,,2,2,Ac,42,5000,,,,9,,,,18
184,力林,2024-11-14 13:00,23.4,,,9,3.8,,70,,48,,13.7,11.7,1016.1,,1018.5,,1,,2.27,,,,0,0,,,5000,,,,9,,,,18
184,力林,2024-11-14 14:00,21.9,,,9,6.3,,50,,65,,17,15,1015.2,,1017.6,,1,,2.03,,,,0,0,,,3929,,,,9,,,,18
184,力林,2024-11-14 15:00,21.9,,,9,5.3,,50,,62,,16.2,14.2,1014.7,,1017.1,,1,,1.64,,,,0,0,,,4369,,,,9,,,,18
184,力林,2024-11-14 16:00,21.8,,,9,4.2,,50,,66,,17.2,15.1,1015.4,,1017.8,,.9,,.94,,,,6,2,AcCi,40,4269,,,,9,,,,18.1
184,力林,2024-11-14 17:00,19.9,,,9,3.4,,70,,73,,16.9,14.9,1015,,1017.4,,0,,.2,,,,8,4,AcCi,45,3253,,,,9,,,,18.1
184,力林,2024-11-14 18:00,19.2,,,9,3.6,,70,,77,,17,15,1014.9,,1017.3,,0,,.01,,,,9,9,Ac,45,2785,,,,9,,,,18.2
184,力林,2024-11-14 19:00,19,,,9,2.7,,90,,78,,17,15,1015.5,,1017.9,,,9,,9,,,7,0,,,2504,,,,9,,,,18.3
184,力林,2024-11-14 20:00,18.8,,,9,1.8,,110,,78,,16.8,14.8,1015.4,,1017.8,,,9,,9,,,8,4,,75,2573,,,,9,,,,18.4
184,力林,2024-11-14 21:00,18.4,,,9,.9,,200,,74,,15.6,13.6,1015.2,,1017.6,,,9,,9,,,9,0,Ci,,3351,,,,9,,,,18.5
184,力林,2024-11-14 22:00,18.3,,,9,1.6,,160,,75,,15.7,13.7,1015.2,,1017.6,,,9,,9,,,10,1,,19,3096,,,,9,,,,18.5
184,力林,2024-11-14 23:00,18.3,,,9,.5,,160,,73,,15.3,13.3,1015.1,,1017.5,,,9,,9,,,10,2,,36,3807,,,,9,,,,18.5
184,力林,2024-11-15 00:00,18.2,,,9,1.5,,200,,71,,14.8,12.8,1015.8,,1018.2,,,9,,9,,,10,6,ScAs,12,4633,,,,9,,,,
184,力林,2024-11-15 01:00,18.4,,,9,1.7,,160,,70,,14.8,12.8,1015.1,,1017.5,,,9,,9,,,10,8,StNs,9,4757,,01,,9,,,,18.6
184,力林,2024-11-15 02:00,18,,,9,1.3,,180,,76,,15.6,13.6,1014.3,,1016.7,,,9,,9,,,10,7,StNs,8,3266,,1901,,9,,,,18.6
184,力林,2024-11-15 03:00,17.5,,2.8,,.8,,200,,81,,16.1,14.1,1014.8,,1017.3,,,9,,9,,,10,7,StNs,8,1265,,1901,,9,,,,18.6
184,力林,2024-11-15 04:00,17.2,,,9,1.1,,180,,83,,16.2,14.2,1014.5,,1017,,,9,,9,,,10,9,StNs,7,153,,1901,,9,,,,18.6
184,力林,2024-11-15 05:00,17,,,9,.5,,50,,85,,16.4,14.4,1014,,1016.5,,,9,,9,,,10,9,StNs,7,275,,1901,,9,,,,18.6
184,力林,2024-11-15 06:00,16.8,,9.8,,.9,,110,,90,,17.2,15.1,1014.3,,1016.8,,,9,,9,,,10,8,StNs,7,614,,1901,,9,,,,18.6
184,力林,2024-11-15 07:00,16.9,,,9,1.7,,110,,88,,16.8,14.8,1014.4,,1016.9,,,9,,9,,,10,9,StNs,6,234,,1901,,9,,,,18.5
184,力林,2024-11-15 08:00,17,,,9,1.7,,90,,91,,17.6,15.5,1014.9,,1017.4,,0,,0,,,,10,7,ScAs,8,1194,,1901,,9,,,,18.5
184,力林,2024-11-15 09:00,17.2,,3.5,,1.8,,20,,90,,17.6,15.5,1015.2,,1017.7,,0,,.09,,,,10,5,ScAs,7,4988,,01,,9,,,,18.4
184,力林,2024-11-15 10:00,18.2,,,9,3.1,,90,,87,,18.1,15.9,1015.1,,1017.5,,0,,.42,,,,10,4,ScAs,8,4251,,,,9,,,,18.4
184,力林,2024-11-15 11:00,19.4,,,9,3.6,,70,,84,,18.9,16.6,1015,,1017.4,,0,,.83,,,,9,4,ScAc,9,4136,,,,9,,,,18.4
184,力林,2024-11-15 12:00,19.8,,,9,3.6,,90,,82,,18.9,16.6,1014.5,,1016.9,,0,,.9,,,,10,3,ScAs,7,3861,,,,9,,,,18.4
184,力林,2024-11-15 13:00,19.8,,,9,3.5,,90,,82,,18.9,16.6,1013.8,,1016.2,,0,,.8,,,,10,8,ScAs,8,2308,,,,9,,,,18.4
184,力林,2024-11-15 14:00,19.1,,,9,4.1,,70,,85,,18.8,16.5,1013.2,,1015.6,,0,,.19,,,,10,7,StNs,5,981,,1901,,9,,,,18.5
184,力林,2024-11-15 15:00,18.9,,0,,3.9,,70,,87,,18.9,16.6,1013.1,,1015.5,,0,,.19,,,,10,8,ScAs,6,807,,190201,,9,,,,18.5
184,力林,2024-11-15 16:00,18.7,,,9,2.7,,70,,88,,18.9,16.6,1013.8,,1016.2,,0,,.08,,,,10,8,StNs,6,984,,1901,,9,,,,18.5
184,力林,2024-11-15 17:00,18.4,,,9,3,,70,,88,,18.5,16.3,1014.3,,1016.7,,0,,0,,,,10,8,StNs,5,979,,1901,,9,,,,18.6
184,力林,2024-11-15 18:00,18.2,,0,,3,,70,,87,,18.1,15.9,1013.9,,1016.3,,0,,0,,,,10,6,ScAs,7,2769,,1901,,9,,,,18.6
184,力林,2024-11-15 19:00,18.4,,,9,2.2,,90,,83,,17.5,15.4,1014.4,,1016.8,,,9,,9,,,10,10,,6,4117,,,,9,,,,18.7
184,力林,2024-11-15 20:00,18.5,,,9,2.7,,90,,80,,16.9,14.9,1014.2,,1016.6,,,9,,9,,,8,8,,7,4703,,,,9,,,,18.7
184,力林,2024-11-15 21:00,18.4,,,9,2.3,,90,,79,,16.6,14.6,1014.1,,1016.5,,,9,,9,,,10,0,Cs,,4992,,,,9,,,,18.7
184,力林,2024-11-15 22:00,18.9,,,9,2.1,,90,,82,,17.8,15.7,1014.3,,1016.7,,,9,,9,,,10,9,,5,4315,,,,9,,,,18.7
184,力林,2024-11-15 23:00,19.1,,,9,2.8,,70,,83,,18.3,16.1,1014.2,,1016.6,,,9,,9,,,10,5,,72,3827,,,,9,,,,18.8
184,力林,2024-11-16 00:00,19.1,,,9,3.3,,70,,83,,18.3,16.1,1014.3,,1016.7,,,9,,9,,,10,1,,,3880,,,,9,,,,18.8
184,力林,2024-11-16 01:00,19,,,,2.4,,70,,83,,18.2,16,1014,,1016.4,,,9,,9,,,10,3,,18,3808,,,,9,,,,18.8
184,力林,2024-11-16 02:00,19.1,,,,2.5,,90,,82,,18.1,15.9,1014,,1016.4,,,9,,9,,,10,3,,6,3717,,,,9,,,,18.7
184,力林,2024-11-16 03:00,19.2,,,,2.7,,70,,83,,18.4,16.2,1014.2,,1016.6,,,9,,9,,,10,6,ScAs,8,3526,,,,9,,,,18.7
184,力林,2024-11-16 04:00,19.2,,,,2.2,,90,,81,,17.9,15.8,1013.8,,1016.2,,,9,,9,,,10,8,ScAs,8,3331,,,,9,,,,18.7
184,力林,2024-11-16 05:00,19.2,,,,2.5,,70,,81,,17.9,15.8,1014.1,,1016.5,,,9,,9,,,10,8,ScAs,7,3122,,,,9,,,,18.7
184,力林,2024-11-16 06:00,19.1,,0,,1.9,,90,,80,,17.6,15.5,1014.1,,1016.5,,,9,,9,,,10,8,StNs,6,2961,,01,,9,,,,18.7
184,力林,2024-11-16 07:00,19,,,9,2.5,,90,,80,,17.5,15.4,1014,,1016.4,,,9,,9,,,10,7,ScAs,7,2777,,01,,9,,,,18.7
184,力林,2024-11-16 08:00,19,,0,,3.4,,110,,83,,18.2,16,1013.9,,1016.3,,0,,.01,,,,10,6,ScAs,10,2082,,01,,9,,,,18.7
184,力林,2024-11-16 09:00,19.3,,0,,2.5,,90,,82,,18.3,16.1,1014.1,,1016.5,,0,,.15,,,,7,4,ScCi,11,1993,,01,,9,,,,18.7
184,力林,2024-11-16 10:00,21.4,,,9,3.8,,90,,74,,18.8,16.5,1013.9,,1016.3,,.7,,1.05,,,,4,0,Ci,,2503,,01,,9,,,,18.7
184,力林,2024-11-16 11:00,22.8,,,9,3.5,,70,,69,,19.1,16.8,1013.8,,1016.2,,1,,1.75,,,,3,3,Ac,40,3331,,,,9,,,,18.7
184,力林,2024-11-16 12:00,23.1,,0,,4.3,,50,,72,,20.2,17.7,1013.2,,1015.6,,1,,1.95,,,,4,4,Sc,12,2489,,,,9,,,,18.7
184,力林,2024-11-16 13:00,22.8,,,9,4.1,,50,,73,,20.1,17.6,1012.4,,1014.8,,.9,,1.93,,,,3,3,Sc,17,2794,,,,9,,,,18.7
184,力林,2024-11-16 14:00,22.7,,,9,4.2,,70,,74,,20.4,17.8,1011.5,,1013.9,,.7,,1.37,,,,3,3,Sc,15,2835,,,,9,,,,18.8
184,力林,2024-11-16 15:00,22.4,,,9,5.4,,50,,75,,20.2,17.7,1011.5,,1013.9,,.8,,1.3,,,,6,6,Sc,11,2965,,,,9,,,,18.8
184,力林,2024-11-16 16:00,22.1,,,9,3.5,,50,,76,,20.1,17.6,1011.7,,1014.1,,.6,,.78,,,,1,1,Sc,15,2984,,,,9,,,,18.8
184,力林,2024-11-16 17:00,21.3,,,9,2,,50,,78,,19.7,17.3,1012.3,,1014.7,,.5,,.27,,,,4,4,Sc,12,2674,,,,9,,,,18.9
184,力林,2024-11-16 18:00,20.7,,,9,.9,,50,,80,,19.5,17.1,1012.9,,1015.3,,0,,.01,,,,8,8,Sc,10,2446,,,,9,,,,18.9
184,力林,2024-11-16 19:00,20.5,,,9,.9,,110,,82,,19.7,17.3,1013.6,,1016,,,9,,9,,,9,9,,6,2510,,,,9,,,,19
184,力林,2024-11-16 20:00,20.4,,,9,1.2,,160,,81,,19.4,17,1013.7,,1016.1,,,9,,9,,,8,8,,18,1947,,,,9,,,,19.1
184,力林,2024-11-16 21:00,20.3,,,9,1.8,,290,,81,,19.2,16.9,1013.6,,1016,,,9,,9,,,5,5,Sc,9,2656,,,,9,,,,19.2
184,力林,2024-11-16 22:00,19.7,,,9,1.2,,290,,81,,18.5,16.3,1013.7,,1016.1,,,9,,9,,,0,0,,,2788,,,,9,,,,19.2
184,力林,2024-11-16 23:00,19.9,,,9,2.7,,320,,78,,18.1,15.9,1014,,1016.4,,,9,,9,,,9,2,,6,3952,,,,9,,,,19.3
184,力林,2024-11-17 00:00,19.3,,,9,3.3,,360,,84,,18.8,16.5,1014.1,,1016.5,,,9,,9,,,10,8,,,1719,,,18.5,,20.3,20.1,22,19.3
184,力林,2024-11-17 01:00,19.1,,,,3.6,,360,,82,,18.1,15.9,1014.3,,1016.7,,,9,,9,,,10,6,,3,3574,,,,9,,,,19.3
184,力林,2024-11-17 02:00,18.8,,,,2.3,,320,,80,,17.3,15.2,1014.2,,1016.6,,,9,,9,,,10,9,,4,4665,,,,9,,,,19.3
184,力林,2024-11-17 03:00,18.7,,,,3.2,,20,,78,,16.7,14.7,1014.4,,1016.8,,,9,,9,,,10,8,ScAs,9,3173,,,,9,,,,19.3
184,力林,2024-11-17 04:00,18.5,,,,4,,360,,74,,15.7,13.7,1014.4,,1016.8,,,9,,9,,,10,8,ScAs,8,1698,,,,9,,,,19.3
184,力林,2024-11-17 05:00,18.2,,,,5,,340,,73,,15.2,13.2,1015.2,,1017.6,,,9,,9,,,10,9,ScAs,7,1279,,,,9,,,,19.3
184,力林,2024-11-17 06:00,17.9,,,,4.5,,20,,69,,14.1,12.1,1016.1,,1018.6,,,9,,9,,,10,8,ScAs,9,1428,,,,9,,,,19.3
184,力林,2024-11-17 07:00,17.6,,,,5.8,,360,,70,,14,12,1016.5,,1019,,,9,,9,,,9,9,Sc,10,2449,,,,9,,,,19.3
184,力林,2024-11-17 08:00,16.9,,,,6.3,,360,,70,,13.4,11.3,1018,,1020.5,,0,,0,,,,10,6,ScAs,10,2325,,,,9,,,,19.3
184,力林,2024-11-17 09:00,16.7,,,,3.9,,360,,64,,12.1,9.8,1018.9,,1021.4,,.1,,.29,,,,8,6,ScAc,10,2874,,,,9,,,,19.3
184,力林,2024-11-17 10:00,17.5,,,,4.6,,360,,52,,10.4,7.5,1019,,1021.5,,.6,,1.1,,,,1,0,Ci,,3522,,,,9,,,,19.2
184,力林,2024-11-17 11:00,18.3,,,,3.9,,360,,49,,10.2,7.3,1019.1,,1021.6,,1,,1.79,,,,0,0,,,4470,,,,9,,,,19.2
184,力林,2024-11-17 12:00,18,,,,4.3,,340,,45,,9.2,5.8,1019.3,,1021.8,,1,,1.97,,,,2,2,Ac,40,4932,,,,9,,,,19.2
184,力林,2024-11-17 13:00,18.5,,,,4,,360,,41,,8.7,4.9,1019.1,,1021.5,,1,,2.2,,,,3,0,Ci,,5000,,,,9,,,,19.2
184,力林,2024-11-17 14:00,17.6,,,,4.8,,360,,44,,8.8,5.1,1018.8,,1021.3,,.7,,1.75,,,,3,2,ScCi,12,4999,,,,9,,,,19.2
184,力林,2024-11-17 15:00,16.8,,,,4.9,,20,,37,,7.1,2,1019.4,,1021.9,,.9,,1.51,,,,3,0,Ci,,5000,,,,9,,,,19.2
184,力林,2024-11-17 16:00,16,,,,4,,20,,41,,7.4,2.7,1020.2,,1022.7,,.9,,1.1,,,,4,4,Ac,34,5000,,,,9,,,,19.2
184,力林,2024-11-17 17:00,14.4,,,,4,,360,,43,,7,1.9,1021.2,,1023.7,,.3,,.29,,,,3,3,Ac,34,5000,,,,9,,,,19.2
184,力林,2024-11-17 18:00,13.6,,,,3.7,,360,,44,,6.8,1.5,1021.9,,1024.4,,0,,.01,,,,6,6,Ac,31,5000,,,,9,,,,19.2
184,力林,2024-11-17 19:00,13.4,,,,5.2,,360,,42,,6.4,.7,1022.7,,1025.2,,,9,,9,,,6,6,,36,5000,,,,9,,,,19.3
184,力林,2024-11-17 20:00,12.8,,,,5.3,,360,,47,,6.9,1.7,1023,,1025.5,,,9,,9,,,1,0,,,4956,,,,9,,,,19.3
184,力林,2024-11-17 21:00,12.4,,,,5.6,,360,,50,,7.2,2.2,1023.6,,1026.1,,,9,,9,,,0,0,,,5000,,,,9,,,,19.3
184,力林,2024-11-17 22:00,12.2,,,,5.3,,360,,56,,7.9,3.6,1024.4,,1026.9,,,9,,9,,,3,2,,12,4916,,,,9,,,,19.2
184,力林,2024-11-17 23:00,12,,,,4.9,,360,,55,,7.7,3.2,1024.7,,1027.2,,,9,,9,,,4,4,,11,4657,,,,9,,,,19.2
184,力林,2024-11-18 00:00,11.9,,,,5,,360,,57,,7.9,3.6,1024.8,,1027.3,,,9,,9,,,9,4,ScAc,11,4615,,,10.1,,17.9,17.7,20.6,19.1
184,力林,2024-11-18 01:00,11.9,,,,4.7,,360,,57,,7.9,3.6,1024.9,,1027.4,,,9,,9,,,8,6,,10,4139,,,,9,,,,19.1
184,力林,2024-11-18 02:00,11.6,,,,4.9,,20,,57,,7.7,3.3,1025.3,,1027.8,,,9,,9,,,4,4,,10,4107,,,,9,,,,19
184,力林,2024-11-18 03:00,11.2,,,,5.6,,360,,57,,7.5,2.9,1025.9,,1028.4,,,9,,9,,,7,7,Sc,10,4115,,,,9,,,,18.9
184,力林,2024-11-18 04:00,10.9,,,,6.5,,360,,54,,7,1.9,1026.2,,1028.8,,,9,,9,,,8,8,Sc,10,4197,,,,9,,,,18.8
184,力林,2024-11-18 05:00,10.3,,,,6.1,,20,,60,,7.5,2.8,1026.5,,1029.1,,,9,,9,,,7,7,Sc,8,4187,,,,9,,,,18.7
184,力林,2024-11-18 06:00,9.7,,,,7.4,,20,,63,,7.5,2.9,1027.1,,1029.7,,,9,,9,,,9,9,Sc,8,4303,,,,9,,,,18.6
184,力林,2024-11-18 07:00,9,,,,5.8,,20,,60,,6.9,1.6,1028,,1030.6,,,9,,9,,,7,7,Sc,9,4426,,,,9,,,,18.5
184,力林,2024-11-18 08:00,8.4,,,,7.9,,20,,50,,5.5,-1.4,1029.2,,1031.8,,0,,.07,,,,2,1,ScCi,12,4935,,,,9,,,,18.4
184,力林,2024-11-18 09:00,8.9,,,,10.8,,20,,36,,4.1,-5.3,1029,,1031.6,,.7,,.67,,,,3,0,Ci,,5000,,,,9,,,,18.3
184,力林,2024-11-18 10:00,10.2,,,,5.7,,360,,35,,4.3,-4.6,1029.8,,1032.4,,1,,1.51,,,,1,0,Ci,,5000,,,,9,,,,18.3
184,力林,2024-11-18 11:00,10.4,,,,5.3,,20,,32,,4,-5.6,1029.5,,1032.1,,1,,1.95,,,,2,0,Ci,,5000,,,,9,,,,18.3
184,力林,2024-11-18 12:00,10.5,,,,5,,20,,33,,4.2,-5.1,1028.8,,1031.4,,1,,1.93,,,,3,0,CcCi,,5000,,,,9,,,,18.2
184,力林,2024-11-18 13:00,11.1,,,,6.5,,20,,34,,4.5,-4.2,1027.8,,1030.4,,.9,,2.11,,,,1,0,Ci,,5000,,,,9,,,,18.1
184,力林,2024-11-18 14:00,11.9,,,,4.6,,20,,34,,4.8,-3.4,1027,,1029.5,,1,,2.16,,,,2,0,Ci,,5000,,,,9,,,,18
184,力林,2024-11-18 15:00,12.1,,,,4.8,,20,,36,,5.1,-2.5,1026.7,,1029.2,,1,,1.7,,,,3,0,Ci,,5000,,,,9,,,,17.9
184,力林,2024-11-18 16:00,12.2,,,,4.2,,20,,25,,3.6,-7.2,1026.3,,1028.8,,1,,1.23,,,,4,0,Ci,,5000,,,,9,,,,17.9
184,力林,2024-11-18 17:00,11.4,,,,3.4,,50,,27,,3.6,-6.9,1026.5,,1029,,1,,.48,,,,2,0,Ci,,5000,,,,9,,,,17.8
184,力林,2024-11-18 18:00,10.7,,,,4,,20,,36,,4.6,-3.7,1026.6,,1029.2,,.3,,.02,,,,3,0,Ci,,5000,,,,9,,,,17.8
184,力林,2024-11-18 19:00,10.3,,,,1.6,,290,,41,,5.1,-2.4,1026.9,,1029.5,,,9,,9,,,0,0,,,5000,,,,9,,,,17.8
184,力林,2024-11-18 20:00,9.1,,,,1.5,,140,,42,,4.9,-3.1,1027.3,,1029.9,,,9,,9,,,0,0,,,5000,,,,9,,,,17.7
184,力林,2024-11-18 21:00,8.5,,,,2.1,,160,,46,,5.1,-2.4,1027.6,,1030.2,,,9,,9,,,0,0,,,5000,,,,9,,,,17.7
184,力林,2024-11-18 22:00,8.1,,,,2.5,,180,,49,,5.3,-1.9,1027.6,,1030.2,,,9,,9,,,0,0,,,5000,,,,9,,,,17.7
184,力林,2024-11-18 23:00,7.9,,,,2.4,,160,,51,,5.4,-1.6,1027.6,,1030.2,,,9,,9,,,0,0,,,5000,,,,9,,,,17.7
184,力林,2024-11-19 00:00,7.7,,,,1.3,,160,,54,,5.7,-1,1027.7,,1030.3,,,9,,9,,,0,0,,,5000,,,6.1,,15.1,15,18.1,17.6
184,力林,2024-11-19 01:00,7.6,,,,1.2,,180,,57,,6,-.3,1027.9,,1030.5,,,9,,9,,,0,0,,,5000,,,,9,,,,17.5
184,力林,2024-11-19 02:00,7.7,,,,1.6,,160,,60,,6.3,.4,1027.4,,1030,,,9,,9,,,4,0,,,5000,,,,9,,,,17.4
184,力林,2024-11-19 03:00,8,,,,2.1,,160,,61,,6.5,.9,1027.1,,1029.7,,,9,,9,,,8,2,ScAc,10,5000,,,,9,,,,17.3
184,力林,2024-11-19 04:00,8.9,,,,1.2,,140,,61,,6.9,1.7,1027.1,,1029.7,,,9,,9,,,9,9,Ac,34,5000,,,,9,,,,17.2
184,力林,2024-11-19 05:00,10.2,,,,1.4,,140,,62,,7.7,3.2,1026.9,,1029.5,,,9,,9,,,10,8,ScAs,10,5000,,,,9,,,,17.1
184,力林,2024-11-19 06:00,10.9,,,,1.3,,140,,66,,8.5,4.7,1026.5,,1029.1,,,9,,9,,,9,2,ScAc,11,5000,,,,9,,,,17
184,力林,2024-11-19 07:00,11.2,,,,1.8,,110,,70,,9.3,5.9,1026.6,,1029.2,,,9,,9,,,10,8,ScAs,8,5000,,,,9,,,,16.9
184,力林,2024-11-19 08:00,11.6,,,,1.2,,140,,70,,9.5,6.3,1026.5,,1029,,0,,.01,,,,9,9,Sc,8,3970,,,,9,,,,16.9
184,力林,2024-11-19 09:00,12.4,,0,,1.7,,110,,70,,10,7,1026.7,,1029.2,,0,,.19,,,,8,8,CuSc,6,4675,,01,,9,,,,16.8
184,力林,2024-11-19 10:00,14.7,,,9,2.7,,90,,67,,11.2,8.6,1026.5,,1029,,.4,,.97,,,,9,9,CuSc,6,4970,,01,,9,,,,16.7
184,力林,2024-11-19 11:00,14.6,,,9,2.7,,70,,71,,11.7,9.3,1025.8,,1028.3,,0,,.62,,,,9,9,CuSc,5,4342,,01,,9,,,,16.7
184,力林,2024-11-19 12:00,13.7,,2.2,,3.5,,70,,76,,11.9,9.5,1025.3,,1027.8,,0,,.25,,,,9,9,CuSc,5,1407,,01,,9,,,,16.6
184,力林,2024-11-19 13:00,15.4,,,9,3.8,,50,,73,,12.7,10.5,1024.3,,1026.8,,.4,,1.36,,,,8,8,CuSc,6,4918,,01,,9,,,,16.5
184,力林,2024-11-19 14:00,15.6,,,9,2.6,,110,,69,,12.2,9.9,1023.6,,1026.1,,.3,,1.24,,,,9,8,CuScAc,6,4959,,01,,9,,,,16.6
184,力林,2024-11-19 15:00,15.1,,.4,,3.3,,50,,70,,11.9,9.6,1023.3,,1025.8,,0,,.56,,,,9,8,CuScAc,6,4045,,01,,9,,,,16.6
184,力林,2024-11-19 16:00,14.7,,,9,3.2,,70,,70,,11.6,9.2,1023.1,,1025.6,,0,,.34,,,,9,2,ScAc,8,4923,,01,16.6,,16.3,16.6,18.3,16.5
184,力林,2024-11-19 17:00,14.5,,,9,1.8,,90,,69,,11.3,8.8,1023.2,,1025.7,,0,,.11,,,,9,1,ScAc,8,5000,,,15.8,,16.2,16.7,18.5,16.5
184,力林,2024-11-19 18:00,14.1,,0,,1.7,,140,,70,,11.2,8.7,1023.2,,1025.7,,0,,0,,,,9,2,ScAc,10,5000,,,14.8,,15.9,16.6,18.6,16.6
184,力林,2024-11-19 19:00,14,,,9,1.4,,160,,66,,10.5,7.7,1023.6,,1026.1,,,9,,9,,,10,9,,21,5000,,,14.5,,15.7,16.6,18.6,16.6
184,力林,2024-11-19 20:00,14.1,,,9,1.2,,110,,64,,10.2,7.3,1023.2,,1025.7,,,9,,9,,,9,2,,19,5000,,,14.3,,15.5,16.5,18.6,16.7
184,力林,2024-11-19 21:00,14.1,,,9,1.3,,140,,64,,10.2,7.3,1023.1,,1025.6,,,9,,9,,,10,8,ScAs,11,5000,,,14.2,,15.4,16.4,18.6,16.7
184,力林,2024-11-19 22:00,14.1,,,9,1,,340,,66,,10.6,7.8,1023,,1025.5,,,9,,9,,,10,8,StNs,8,5000,,01,14.2,,15.3,16.3,18.6,16.7
184,力林,2024-11-19 23:00,14.2,,,9,5.5,,20,,72,,11.6,9.2,1022.9,,1025.4,,,9,,9,,,10,9,ScAs,9,4969,,01,14.1,,15.2,16.3,18.6,16.7
184,力林,2024-11-20 00:00,14.1,,0,,4.3,,20,,72,,11.6,9.1,1022.8,,1025.3,,,9,,9,,,10,8,ScAs,9,5000,,,13.9,,15.2,16.2,18.5,16.7
184,力林,2024-11-20 01:00,14,,,9,3.5,,360,,70,,11.2,8.6,1022.7,,1025.2,,,9,,9,,,10,9,StNs,7,4840,,01,13.9,,15.1,16.1,18.5,16.7
184,力林,2024-11-20 02:00,13.5,,,9,2.5,,20,,70,,10.8,8.1,1022.4,,1024.9,,,9,,9,,,10,9,StNs,8,4598,,01,13.7,,15,16.1,18.5,16.7
184,力林,2024-11-20 03:00,13.3,,0,,3,,360,,71,,10.8,8.1,1022.2,,1024.7,,,9,,9,,,10,9,ScAs,9,4542,,01,13.6,,14.9,16,18.4,16.7
184,力林,2024-11-20 04:00,13.3,,,9,2.3,,360,,70,,10.6,7.9,1022.1,,1024.6,,,9,,9,,,10,9,ScAs,9,4392,,,13.5,,14.8,16,18.4,16.7
184,力林,2024-11-20 05:00,12.3,,,9,4.4,,360,,80,,11.4,8.9,1022.3,,1024.8,,,9,,9,,,10,9,StNs,7,2567,,01,13.4,,14.7,15.9,18.3,16.7
184,力林,2024-11-20 06:00,11.6,,.1,,4.3,,20,,86,,11.7,9.3,1022,,1024.5,,,9,,9,,,10,9,StNs,6,1065,,1901,13.3,,14.6,15.8,18.3,16.7
184,力林,2024-11-20 07:00,11.7,,,9,3.9,,20,,84,,11.5,9,1022,,1024.5,,,9,,9,,,10,9,ScAs,8,3296,,01,13.2,,14.5,15.8,18.3,16.7
184,力林,2024-11-20 08:00,11.7,,,9,1.8,,20,,84,,11.5,9,1022.1,,1024.6,,0,,0,,,,10,7,StNs,3,409,,1901,13.2,,14.4,15.7,18.2,16.7
184,力林,2024-11-20 09:00,11.6,,.6,,1.3,,360,,84,,11.4,8.9,1022.3,,1024.8,,0,,0,,,,10,8,StNs,3,464,,1901,13.4,,14.4,15.7,18.1,16.7
184,力林,2024-11-20 10:00,11.8,,,9,2.6,,360,,74,,10.2,7.3,1022.4,,1024.9,,0,,.05,,,,10,8,ScAs,6,2227,,1901,13.5,,14.4,15.6,18.1,16.7
184,力林,2024-11-20 11:00,12.2,,,9,3.1,,340,,68,,9.6,6.4,1022.4,,1024.9,,0,,.18,,,,10,8,ScAs,8,3999,,01,13.7,,14.5,15.6,18.1,16.6
184,力林,2024-11-20 12:00,12.6,,.2,,3.4,,320,,60,,8.7,5,1021.3,,1023.8,,0,,.35,,,,10,7,ScAs,10,4823,,,14.1,,14.5,15.6,18.1,16.6
184,力林,2024-11-20 13:00,13.2,,,9,2.4,,340,,47,,7.1,2.1,1020.3,,1022.8,,0,,.56,,,,10,6,ScAs,11,5000,,,14.9,,14.8,15.7,18.1,16.6
184,力林,2024-11-20 14:00,13.1,,,9,2.8,,270,,45,,6.8,1.4,1019.9,,1022.4,,0,,.37,,,,9,5,ScAc,17,5000,,,14.6,,14.9,15.8,18.1,16.6
184,力林,2024-11-20 15:00,13.7,,0,,3.1,,290,,46,,7.2,2.2,1019.7,,1022.2,,0,,.76,,,,10,8,ScAs,12,4939,,01,15.2,,15.2,15.9,18.1,16.6
184,力林,2024-11-20 16:00,13.4,,,9,1.9,,270,,45,,6.9,1.6,1019.6,,1022.1,,0,,.36,,,,10,7,ScAs,14,5000,,01,14.7,,15.2,16,18.2,16.6
184,力林,2024-11-20 17:00,13.3,,,9,2.5,,360,,45,,6.8,1.5,1019.7,,1022.2,,0,,.07,,,,10,1,ScAs,10,4615,,01,13.9,,15.1,16,18.3,16.6
184,力林,2024-11-20 18:00,13,,0,,.9,,270,,52,,7.7,3.3,1019.7,,1022.2,,0,,.01,,,,9,4,ScAc,10,4537,,01,13.3,,14.9,15.9,18.3,16.6
184,力林,2024-11-20 19:00,12.3,,,9,1,,230,,57,,8.1,4,1020.1,,1022.6,,,9,,9,,,9,9,,28,4197,,,12.9,,14.6,15.8,18.3,16.6
184,力林,2024-11-20 20:00,12.6,,,9,1.7,,320,,56,,8.1,4,1020.2,,1022.7,,,9,,9,,,8,2,,12,2969,,,12.6,,14.4,15.7,18.2,16.6
184,力林,2024-11-20 21:00,12.8,,,9,3,,360,,55,,8.1,3.9,1020.2,,1022.7,,,9,,9,,,4,4,Sc,9,2747,,,12.2,,14.2,15.6,18.1,16.6
184,力林,2024-11-20 22:00,12.6,,,9,3.2,,360,,57,,8.2,4.2,1020.3,,1022.8,,,9,,9,,,7,5,,11,2655,,,11.8,,14,15.5,18.1,16.6
184,力林,2024-11-20 23:00,12.8,,,9,3.9,,20,,59,,8.7,4.9,1020.2,,1022.7,,,9,,9,,,6,5,,10,2520,,,11.7,,13.9,15.3,18,16.5
184,力林,2024-11-21 00:00,12.8,,,9,4.1,,360,,59,,8.7,4.9,1020.1,,1022.6,,,9,,9,,,8,8,Sc,10,2627,,,11.7,,13.8,15.2,17.9,16.5
184,力林,2024-11-21 01:00,12.7,,,,5.5,,20,,59,,8.6,4.8,1019.8,,1022.3,,,9,,9,,,4,4,,11,2716,,,11.6,,13.7,15.1,17.8,16.5
184,力林,2024-11-21 02:00,12.8,,,,4.9,,20,,62,,9.1,5.6,1019.7,,1022.2,,,9,,9,,,3,3,,9,3067,,,11.6,,13.6,15,17.7,16.5
184,力林,2024-11-21 03:00,12.8,,,,5,,20,,60,,8.8,5.2,1019.7,,1022.2,,,9,,9,,,9,9,Sc,10,3131,,,11.5,,13.5,14.9,17.6,16.4
184,力林,2024-11-21 04:00,12.9,,,,5.2,,20,,61,,9,5.5,1019.5,,1022,,,9,,9,,,8,8,Sc,9,2935,,,11.6,,13.5,14.8,17.5,16.4
184,力林,2024-11-21 05:00,13,,,,4.5,,20,,59,,8.8,5.1,1019.5,,1022,,,9,,9,,,8,8,Sc,9,3161,,,11.6,,13.4,14.8,17.5,16.4
184,力林,2024-11-21 06:00,13,,,,3.2,,20,,57,,8.5,4.6,1019.4,,1021.9,,,9,,9,,,6,6,Sc,10,3320,,,11.5,,13.4,14.7,17.4,16.3
184,力林,2024-11-21 07:00,12.9,,,,1.8,,360,,57,,8.4,4.5,1020,,1022.5,,,9,,9,,,7,7,Sc,9,3350,,,11.4,,13.3,14.7,17.3,16.3
184,力林,2024-11-21 08:00,12.1,,,,1.5,,200,,65,,9.2,5.7,1020.3,,1022.8,,0,,.02,,,,6,6,Sc,11,2439,,,11.3,,13.2,14.6,17.3,16.2
184,力林,2024-11-21 09:00,12.9,,,,2,,180,,60,,8.9,5.3,1020.6,,1023.1,,.3,,.36,,,,3,1,ScCi,11,2727,,,11.9,,13.4,14.6,17.2,16.2
184,力林,2024-11-21 10:00,16,,,,.9,,20,,48,,8.7,4.9,1020.6,,1023.1,,1,,1.2,,,,1,1,Sc,10,3422,,,13.6,,14,14.6,17.1,16.2
184,力林,2024-11-21 11:00,17.1,,,,1.2,,340,,42,,8.1,4,1020.3,,1022.8,,1,,1.7,,,,0,0,,,3609,,,16.3,,15,14.9,17.2,16.1
184,力林,2024-11-21 12:00,17.4,,,,1.7,,340,,42,,8.3,4.3,1019.6,,1022.1,,1,,2,,,,2,2,Sc,10,3374,,,18.5,,15.9,15.4,17.3,16.1
184,力林,2024-11-21 13:00,17.4,,,,2.3,,250,,42,,8.3,4.3,1018.6,,1021.1,,1,,2.11,,,,0,0,,,3967,,,20.1,,16.9,15.9,17.5,16.1
184,力林,2024-11-21 14:00,18.2,,,,2.9,,290,,44,,9.2,5.7,1018.4,,1020.9,,1,,1.97,,,,6,6,Sc,10,3704,,,20.4,,17.5,16.5,17.9,16.1
184,力林,2024-11-21 15:00,17.4,,,,3.1,,320,,47,,9.3,5.9,1018.5,,1021,,.8,,1.31,,,,6,6,Sc,15,4035,,,19.2,,17.7,17,18.2,16.1
184,力林,2024-11-21 16:00,16.7,,,,2.5,,290,,50,,9.5,6.2,1018.6,,1021.1,,.6,,.82,,,,6,6,Sc,11,3948,,,17.1,,17.5,17.2,18.5,16.2
184,力林,2024-11-21 17:00,15.4,,,,3.4,,290,,55,,9.5,6.3,1018.7,,1021.2,,.1,,.26,,,,5,5,Sc,10,3762,,,15.9,,17.1,17.2,18.7,16.2
184,力林,2024-11-21 18:00,14.5,,,,3.2,,320,,57,,9.3,6,1018.9,,1021.4,,0,,.02,,,,3,3,Sc,11,3660,,,14.1,,16.6,17.1,18.9,16.3
184,力林,2024-11-21 19:00,14.5,,,,3.9,,290,,60,,9.9,6.8,1019.3,,1021.8,,,9,,9,,,4,4,,10,3228,,,13.5,,16.1,16.9,18.9,16.4
184,力林,2024-11-21 20:00,14.9,,,,5.3,,320,,56,,9.4,6.1,1019.3,,1021.8,,,9,,9,,,3,3,,10,2305,,,13.3,,15.8,16.7,18.8,16.5
184,力林,2024-11-21 21:00,14.6,,,,5,,320,,55,,9.1,5.6,1019.5,,1022,,,9,,9,,,2,2,Sc,11,2254,,,12.7,,15.5,16.5,18.8,16.5
184,力林,2024-11-21 22:00,14.2,,,,4.1,,320,,51,,8.2,4.1,1020.1,,1022.6,,,9,,9,,,4,4,,13,2842,,,12.2,,15.2,16.3,18.7,16.6
184,力林,2024-11-21 23:00,13.9,,,,4.6,,320,,49,,7.7,3.3,1020.3,,1022.8,,,9,,9,,,4,4,,13,4061,,,12,,15,16.1,18.6,16.6
184,力林,2024-11-22 00:00,13.8,,,,4.2,,320,,50,,7.8,3.5,1020.1,,1022.6,,,9,,9,,,5,5,Sc,12,3257,,,11.9,,14.8,15.9,18.4,16.6
184,力林,2024-11-22 01:00,13.8,,,,4,,320,,51,,8,3.8,1019.8,,1022.3,,,9,,9,,,4,3,,15,3002,,,11.4,,14.5,15.8,18.3,16.6
184,力林,2024-11-22 02:00,13.7,,,,4.8,,320,,47,,7.3,2.5,1019.8,,1022.3,,,9,,9,,,4,4,,14,3443,,,11.3,,14.3,15.6,18.2,16.6
184,力林,2024-11-22 03:00,13.6,,,,4.3,,290,,48,,7.4,2.7,1019.9,,1022.4,,,9,,9,,,1,1,Sc,8,3089,,,11,,14.1,15.4,18.1,16.6
184,力林,2024-11-22 04:00,13.5,,,,4.1,,320,,48,,7.4,2.6,1019.5,,1022,,,9,,9,,,1,1,Sc,10,3456,,,10.7,,13.9,15.3,18,16.5
184,力林,2024-11-22 05:00,13.9,,,,4.1,,320,,49,,7.7,3.3,1019.3,,1021.8,,,9,,9,,,3,3,Sc,10,2492,,,10.8,,13.8,15.1,17.8,16.5
184,力林,2024-11-22 06:00,13.6,,,,3.1,,290,,50,,7.7,3.3,1019.2,,1021.7,,,9,,9,,,0,0,,,1938,,,10.4,,13.6,15,17.7,16.5
184,力林,2024-11-22 07:00,14.2,,,,4.1,,320,,50,,8.1,3.9,1019.4,,1021.9,,,9,,9,,,8,5,ScAc,11,1890,,,11,,13.6,14.9,17.6,16.4
184,力林,2024-11-22 08:00,14.5,,,,5,,360,,59,,9.7,6.5,1020.1,,1022.6,,0,,.01,,,,10,7,ScAs,10,2288,,,11.8,,13.7,14.9,17.5,16.4
184,力林,2024-11-22 09:00,14.5,,,,4.9,,360,,57,,9.3,6,1020.5,,1023,,0,,.2,,,,7,7,Sc,10,2428,,,12.4,,13.8,14.9,17.4,16.3
184,力林,2024-11-22 10:00,14.9,,,,5.1,,340,,52,,8.8,5.1,1021,,1023.5,,.2,,.64,,,,5,5,Sc,11,3549,,,13.6,,14.1,14.9,17.4,16.3
184,力林,2024-11-22 11:00,16.3,,,,4.7,,320,,43,,7.9,3.6,1020.8,,1023.3,,.6,,1.44,,,,5,5,Sc,11,5000,,,15.6,,14.7,15.1,17.4,16.2
184,力林,2024-11-22 12:00,16.2,,,,4.5,,360,,52,,9.5,6.3,1020.4,,1022.9,,.5,,1.44,,,,7,7,Sc,10,4419,,,17.2,,15.3,15.4,17.5,16.2
184,力林,2024-11-22 13:00,15.1,,,,5.4,,340,,51,,8.7,5,1020.1,,1022.6,,.3,,1.25,,,,4,4,Sc,10,4704,,,17,,15.6,15.7,17.6,16.2
184,力林,2024-11-22 14:00,15.2,,,,4.9,,320,,49,,8.4,4.5,1020,,1022.5,,.5,,1.43,,,,7,7,Sc,11,4966,,,17.2,,15.9,16,17.8,16.2
184,力林,2024-11-22 15:00,14.2,,,,4.5,,340,,47,,7.6,3,1020.2,,1022.7,,.3,,.79,,,,6,6,Sc,11,5000,,,15.9,,15.9,16.2,18,16.2
184,力林,2024-11-22 16:00,14.5,,,,4.5,,320,,48,,7.9,3.6,1020.3,,1022.8,,.5,,.76,,,,6,6,Sc,11,4823,,,15.2,,15.8,16.2,18.1,16.2
184,力林,2024-11-22 17:00,13.3,,,,3.2,,340,,52,,7.9,3.6,1020.5,,1023,,.2,,.24,,,,5,5,Sc,11,5000,,,13.7,,15.5,16.2,18.2,16.2
184,力林,2024-11-22 18:00,12.6,,,,3.6,,360,,52,,7.5,2.9,1020.6,,1023.1,,0,,.01,,,,1,1,Sc,10,5000,,,12.4,,15.1,16.1,18.2,16.2
184,力林,2024-11-22 19:00,12.1,,,,2.7,,340,,57,,8,3.8,1021.5,,1024,,,9,,9,,,0,0,,,5000,,,11.6,,14.7,15.9,18.2,16.3
184,力林,2024-11-22 20:00,11.8,,,,3.2,,320,,56,,7.7,3.2,1021.8,,1024.3,,,9,,9,,,0,0,,,5000,,,11,,14.3,15.6,18.1,16.3
184,力林,2024-11-22 21:00,11.7,,,,3.8,,340,,58,,7.9,3.6,1022,,1024.5,,,9,,9,,,4,4,Sc,10,5000,,,10.7,,14,15.4,18,16.3
184,力林,2024-11-22 22:00,11.4,,,,4.4,,360,,59,,7.9,3.6,1022.4,,1024.9,,,9,,9,,,0,0,,,5000,,,10.4,,13.8,15.2,17.8,16.3
184,力林,2024-11-22 23:00,11,,,,2.1,,360,,61,,8,3.7,1022.4,,1024.9,,,9,,9,,,0,0,,,5000,,,10.2,,13.5,15,17.7,16.3
184,力林,2024-11-23 00:00,11,,,,3.3,,20,,57,,7.4,2.7,1022.7,,1025.2,,,9,,9,,,7,7,Sc,10,5000,,,10.1,,13.3,14.8,17.6,16.3
184,力林,2024-11-23 01:00,11.1,,,,3.6,,360,,56,,7.4,2.6,1022.5,,1025,,,9,,9,,,4,4,,10,5000,,,10,,13.2,14.7,17.4,16.2
184,力林,2024-11-23 02:00,11.1,,,,3.8,,20,,57,,7.5,2.8,1022.4,,1024.9,,,9,,9,,,4,4,,11,5000,,,9.9,,13,14.5,17.3,16.2
184,力林,2024-11-23 03:00,11.1,,,,4.4,,20,,61,,8,3.8,1022.7,,1025.2,,,9,,9,,,8,8,Sc,9,5000,,,10.2,,12.9,14.4,17.2,16.1
184,力林,2024-11-23 04:00,11.1,,,,4,,20,,60,,7.9,3.6,1022.7,,1025.2,,,9,,9,,,9,9,Sc,10,5000,,,10.5,,12.9,14.3,17.1,16.1
184,力林,2024-11-23 05:00,11,,,,3.9,,20,,58,,7.6,3,1023,,1025.5,,,9,,9,,,8,8,Sc,10,5000,,,10.4,,12.8,14.3,17,16
184,力林,2024-11-23 06:00,10.9,,,,4.4,,360,,57,,7.4,2.7,1023.5,,1026,,,9,,9,,,9,9,Sc,11,5000,,,10.2,,12.7,14.2,16.9,16
184,力林,2024-11-23 07:00,10.9,,,,4.4,,20,,55,,7.1,2.1,1023.7,,1026.2,,,9,,9,,,9,9,Sc,11,5000,,,10.2,,12.7,14.1,16.8,16
184,力林,2024-11-23 08:00,11,,,,3.4,,360,,56,,7.3,2.5,1024.3,,1026.8,,0,,.02,,,,7,7,Sc,11,5000,,,10.4,,12.6,14,16.8,15.9
184,力林,2024-11-23 09:00,11.2,,,,2.6,,360,,55,,7.3,2.4,1025,,1027.5,,0,,.18,,,,9,9,Sc,11,5000,,,11.1,,12.7,14,16.7,15.9
184,力林,2024-11-23 10:00,11.5,,,,4,,20,,56,,7.6,3,1025.2,,1027.7,,0,,.35,,,,9,9,Sc,10,5000,,,12,,12.8,14,16.6,15.8
184,力林,2024-11-23 11:00,11.7,,,,3.7,,20,,55,,7.5,2.9,1025.1,,1027.6,,0,,.4,,,,9,9,Sc,10,5000,,,12.7,,13.1,14.1,16.6,15.8
184,力林,2024-11-23 12:00,12,,,,3,,360,,53,,7.4,2.7,1024.7,,1027.2,,0,,.46,,,,10,6,ScAs,11,5000,,,13.4,,13.3,14.2,16.6,15.7
184,力林,2024-11-23 13:00,12.1,,,,3.6,,340,,52,,7.3,2.5,1023.9,,1026.4,,0,,.53,,,,9,7,ScAs,11,5000,,,13.7,,13.5,14.4,16.7,15.7
184,力林,2024-11-23 14:00,12.5,,,,3.5,,320,,49,,7.1,2,1023.4,,1025.9,,0,,.72,,,,8,6,ScAs,11,5000,,,14.7,,13.9,14.5,16.8,15.7
184,力林,2024-11-23 15:00,12.3,,,,3,,320,,51,,7.3,2.4,1023.3,,1025.8,,0,,.54,,,,10,6,ScAs,11,5000,,,14.2,,14.1,14.7,16.9,15.6
184,力林,2024-11-23 16:00,11.9,,,,3.4,,320,,49,,6.8,1.5,1023.4,,1025.9,,0,,.17,,,,10,6,ScAs,11,5000,,,13.2,,14,14.8,16.9,15.6
184,力林,2024-11-23 17:00,11.8,,,,3.1,,320,,51,,7,1.9,1023.5,,1026,,0,,.04,,,,10,8,ScAs,11,5000,,,12.5,,13.8,14.8,17,15.6
184,力林,2024-11-23 18:00,11.7,,,,2.7,,270,,50,,6.9,1.6,1023.9,,1026.4,,0,,0,,,,10,8,ScAs,11,5000,,,11.9,,13.6,14.7,17,15.6
184,力林,2024-11-23 19:00,11.7,,,,1.9,,360,,53,,7.3,2.4,1023.9,,1026.4,,,9,,9,,,9,9,,12,5000,,,11.6,,13.5,14.6,17,15.6
184,力林,2024-11-23 20:00,11.7,,,,2.5,,20,,52,,7.1,2.1,1024.1,,1026.6,,,9,,9,,,6,6,,12,5000,,,11.5,,13.4,14.6,17,15.6
184,力林,2024-11-23 21:00,11.4,,,,1.8,,140,,55,,7.4,2.6,1024.4,,1026.9,,,9,,9,,,9,7,ScAc,11,5000,,,11.3,,13.2,14.4,17,15.6
184,力林,2024-11-23 22:00,11,,,,1.5,,160,,57,,7.4,2.7,1024.9,,1027.4,,,9,,9,,,9,9,,12,5000,,,11.3,,13.1,14.4,16.9,15.6
184,力林,2024-11-23 23:00,10.3,,,,2.1,,160,,60,,7.5,2.8,1025.1,,1027.7,,,9,,9,,,4,4,,14,5000,,,10.3,,12.9,14.3,16.8,15.6
184,力林,2024-11-24 00:00,9.9,,,,1.6,,160,,61,,7.4,2.7,1025,,1027.6,,,9,,9,,,9,8,ScAc,10,5000,,,10.4,,12.7,14.1,16.8,15.6
184,力林,2024-11-24 01:00,9.6,,,,1.4,,160,,63,,7.5,2.8,1024.7,,1027.3,,,9,,9,,,4,4,,10,5000,,,9.8,,12.5,14,16.7,15.6
184,力林,2024-11-24 02:00,9.1,,,,1.3,,180,,66,,7.6,3,1025,,1027.6,,,9,,9,,,4,4,,9,4347,,,9.7,,12.3,13.9,16.6,15.5
184,力林,2024-11-24 03:00,8.9,,,,1.8,,180,,69,,7.8,3.5,1025.1,,1027.7,,,9,,9,,,7,3,ScAc,10,3836,,,9.3,,12.1,13.7,16.5,15.5
184,力林,2024-11-24 04:00,9,,,,1.3,,180,,70,,8,3.8,1024.9,,1027.5,,,9,,9,,,7,2,ScAc,9,3137,,,9.3,,11.9,13.6,16.4,15.4
184,力林,2024-11-24 05:00,9.2,,,,1.9,,160,,70,,8.1,4,1024.9,,1027.5,,,9,,9,,,9,9,Ac,32,3075,,,9.5,,11.9,13.5,16.3,15.4
184,力林,2024-11-24 06:00,9.5,,,,1.5,,160,,70,,8.2,4.2,1024.9,,1027.5,,,9,,9,,,0,0,,,2762,,,9.4,,11.8,13.4,16.2,15.4
184,力林,2024-11-24 07:00,9,,,,1.8,,160,,73,,8.4,4.4,1025.3,,1027.9,,,9,,9,,,7,6,ScAcCi,11,2489,,,8.9,,11.6,13.2,16.1,15.3
184,力林,2024-11-24 08:00,9.6,,,,1.2,,160,,70,,8.3,4.3,1025.6,,1028.2,,0,,.04,,,,10,10,As,28,2878,,,9.9,,11.7,13.2,16,15.3
184,力林,2024-11-24 09:00,11,,,,1.8,,180,,67,,8.7,5,1026.2,,1028.8,,0,,.16,,,,10,4,ScAs,9,3073,,,11.2,,11.9,13.2,15.9,15.2
184,力林,2024-11-24 10:00,12.3,,,,1.5,,90,,67,,9.5,6.3,1026.5,,1029,,0,,.23,,,,10,7,ScAs,9,2809,,,12.2,,12.3,13.3,15.9,15.2
184,力林,2024-11-24 11:00,12.1,,,9,1.1,,160,,77,,10.8,8.1,1026.5,,1029,,0,,.16,,,,10,8,StNs,6,341,,1901,12.7,,12.6,13.5,15.9,15.1
184,力林,2024-11-24 12:00,11.7,,1.2,,1.2,,180,,83,,11.4,8.9,1025.6,,1028.1,,0,,.14,,,,10,8,StNs,4,295,,1901,13,,12.8,13.6,16,15.1
184,力林,2024-11-24 13:00,12.1,,,9,3.6,,360,,87,,12.2,9.9,1024.5,,1027,,0,,.12,,,,10,8,StNs,4,165,,1901,13.2,,13,13.8,16,15
184,力林,2024-11-24 14:00,13.3,,,9,3.1,,180,,89,,13.6,11.5,1023.8,,1026.3,,0,,.55,,,,10,6,ScAs,7,4633,,1901,15.1,,13.3,13.9,16.1,15
184,力林,2024-11-24 15:00,14,,6.3,,2,,230,,81,,12.9,10.7,1023.7,,1026.2,,0,,.8,,,,10,6,ScAs,10,5000,,01,16.2,,14,14.2,16.2,15
184,力林,2024-11-24 16:00,14.3,,,9,.9,,180,,80,,12.9,10.8,1023.7,,1026.2,,.2,,.51,,,,8,8,Sc,11,4999,,01,16.1,,14.4,14.5,16.4,15
184,力林,2024-11-24 17:00,14.5,,,9,1,,70,,79,,12.9,10.8,1024,,1026.5,,.2,,.27,,,,7,7,Sc,11,5000,,,15.1,,14.5,14.7,16.6,15
184,力林,2024-11-24 18:00,13.8,,0,,1.4,,110,,83,,13,10.9,1024.3,,1026.8,,0,,.01,,,,4,4,Sc,12,4989,,,13.7,,14.2,14.8,16.7,15
184,力林,2024-11-24 19:00,12.9,,,9,1.9,,140,,87,,12.9,10.7,1024.9,,1027.4,,,9,,9,,,5,0,,,2610,,,12.7,,13.9,14.7,16.8,15.1
184,力林,2024-11-24 20:00,12.5,,,9,1.5,,110,,88,,12.7,10.5,1025.1,,1027.6,,,9,,9,,,1,1,,20,3786,,,12.1,,13.6,14.6,16.9,15.1
184,力林,2024-11-24 21:00,12.2,,,9,2.1,,110,,80,,11.3,8.8,1024.6,,1027.1,,,9,,9,,,3,0,Ci,,5000,,,11.6,,13.3,14.5,16.8,15.1
184,力林,2024-11-24 22:00,12.3,,,9,1.8,,110,,78,,11.1,8.5,1025,,1027.5,,,9,,9,,,5,0,,,5000,,,11.1,,13.1,14.3,16.8,15.2
184,力林,2024-11-24 23:00,12.4,,,9,1.4,,110,,78,,11.2,8.6,1024.8,,1027.3,,,9,,9,,,6,0,,,5000,,,10.9,,12.9,14.2,16.7,15.2
184,力林,2024-11-25 00:00,13,,,9,2.1,,110,,75,,11.2,8.6,1024.8,,1027.3,,,9,,9,,,6,2,ScCi,16,5000,,,10.8,,12.7,14,16.6,15.2
184,力林,2024-11-25 01:00,14,,,,2,,140,,70,,11.2,8.6,1024.8,,1027.3,,,9,,9,,,7,7,,73,5000,,,10.9,,12.7,13.9,16.5,15.2
184,力林,2024-11-25 02:00,14,,,,2.8,,110,,69,,10.9,8.3,1024.3,,1026.8,,,9,,9,,,4,1,,57,5000,,,10.8,,12.6,13.8,16.4,15.1
184,力林,2024-11-25 03:00,13.6,,,,2.3,,160,,69,,10.7,8,1023.7,,1026.2,,,9,,9,,,5,0,Ci,,5000,,,10.6,,12.5,13.7,16.3,15.1
184,力林,2024-11-25 04:00,13.6,,,,2.5,,110,,67,,10.4,7.5,1023.3,,1025.8,,,9,,9,,,0,0,,,5000,,,10.4,,12.4,13.6,16.3,15.1
184,力林,2024-11-25 05:00,13.7,,,,3,,140,,66,,10.3,7.4,1023.1,,1025.6,,,9,,9,,,0,0,,,5000,,,10.3,,12.3,13.6,16.2,15
184,力林,2024-11-25 06:00,13.6,,,,3.4,,140,,66,,10.2,7.3,1023,,1025.5,,,9,,9,,,3,3,Sc,15,5000,,,10.4,,12.3,13.5,16.1,15
184,力林,2024-11-25 07:00,14.3,,,,3.4,,110,,67,,10.9,8.2,1022.8,,1025.3,,,9,,9,,,2,2,Sc,10,5000,,,10.3,,12.2,13.5,16.1,15
184,力林,2024-11-25 08:00,14.8,,,,3.1,,140,,68,,11.4,8.9,1023.5,,1026,,0,,.04,,,,6,2,ScAcCi,11,5000,,,11,,12.3,13.4,16,15
184,力林,2024-11-25 09:00,15.7,,,,3.6,,110,,62,,11,8.4,1023.5,,1026,,.5,,.42,,,,7,2,ScAcCi,10,5000,,,11.6,,12.5,13.4,15.9,15
184,力林,2024-11-25 10:00,17.5,,,,4.4,,140,,54,,10.7,8,1023.6,,1026.1,,.9,,1.06,,,,6,3,ScAc,11,5000,,,13.5,,13.1,13.5,15.9,14.9
184,力林,2024-11-25 11:00,17.4,,,,4,,110,,56,,11.1,8.5,1023.2,,1025.7,,.4,,1.03,,,,9,7,ScAcCi,10,5000,,,14.9,,13.7,13.8,16,14.9
184,力林,2024-11-25 12:00,17.6,,,,4.4,,110,,53,,10.6,7.8,1021.7,,1024.2,,.6,,1.43,,,,8,2,ScCi,10,5000,,,16.3,,14.5,14.2,16.1,14.9
184,力林,2024-11-25 13:00,17.8,,,,3.7,,110,,54,,10.9,8.3,1020.8,,1023.3,,.5,,1.36,,,,9,3,ScAc,10,5000,,,17.3,,15.1,14.7,16.3,14.9
184,力林,2024-11-25 14:00,17.3,,,,4,,110,,57,,11.2,8.6,1019.7,,1022.2,,0,,.83,,,,10,3,ScAs,10,5000,,,16.9,,15.5,15,16.6,14.9
184,力林,2024-11-25 15:00,16.7,,,,3.8,,90,,57,,10.8,8.1,1019,,1021.5,,0,,.6,,,,10,10,As,36,5000,,,16.1,,15.6,15.3,16.9,14.9
184,力林,2024-11-25 16:00,16,,,,3.9,,90,,59,,10.6,7.9,1018.5,,1021,,0,,.14,,,,10,5,ScAs,9,5000,,,14.9,,15.4,15.4,17.1,14.9
184,力林,2024-11-25 17:00,15.9,,,,4.2,,90,,58,,10.4,7.6,1017.3,,1019.8,,0,,.03,,,,10,10,As,24,5000,,,14.1,,15.2,15.5,17.2,15
184,力林,2024-11-25 18:00,15.9,,0,,5.4,,110,,58,,10.4,7.6,1016.7,,1019.2,,0,,0,,,,10,8,StNs,8,4069,,01,13.7,,15,15.4,17.3,15.1
184,力林,2024-11-25 19:00,14.9,,,9,3.6,,70,,72,,12.1,9.8,1017,,1019.5,,,9,,9,,,10,8,StNs,7,4985,,1901,13.6,,14.7,15.4,17.4,15.1
184,力林,2024-11-25 20:00,15,,,9,3.9,,90,,79,,13.4,11.3,1014.7,,1017.2,,,9,,9,,,10,7,StNs,7,5000,,01,13.7,,14.6,15.3,17.4,15.2
184,力林,2024-11-25 21:00,16.2,,1.5,,3.6,,90,,80,,14.7,12.7,1013.7,,1016.2,,,9,,9,,,10,8,StNs,7,1220,,01,14.1,,14.7,15.3,17.4,15.2
184,力林,2024-11-25 22:00,15.9,,,9,4.3,,200,,80,,14.4,12.4,1012.7,,1015.2,,,9,,9,,,10,8,StNs,7,3246,,01,14.3,,14.7,15.3,17.3,15.3
184,力林,2024-11-25 23:00,15.3,,,9,1.9,,160,,85,,14.7,12.7,1011.6,,1014.1,,,9,,9,,,10,10,Ns,22,5000,,01,14.3,,14.7,15.3,17.4,15.3
184,力林,2024-11-26 00:00,16.5,,.8,,1.3,,340,,81,,15.2,13.2,1011.2,,1013.7,,,9,,9,,,10,6,StNs,8,4894,,01,14.5,,14.8,15.3,17.4,15.3
184,力林,2024-11-26 01:00,17,,,9,3.5,,250,,79,,15.3,13.3,1010.4,,1012.8,,,9,,9,,,10,4,ScAs,10,4891,,01,14.7,,14.8,15.3,17.4,15.3
184,力林,2024-11-26 02:00,17.2,,,9,5,,250,,81,,15.9,13.9,1011.2,,1013.6,,,9,,9,,,10,4,StNs,6,2040,,01,15.1,,15,15.4,17.4,15.3
184,力林,2024-11-26 03:00,16.6,,0,,4.4,,250,,79,,14.9,12.9,1011,,1013.5,,,9,,9,,,10,8,StNs,5,3304,,01,15,,15,15.4,17.4,15.4
184,力林,2024-11-26 04:00,15.4,,,9,7.8,,290,,83,,14.5,12.5,1010.7,,1013.2,,,9,,9,,,10,9,StNs,4,618,,1901,14.9,,15,15.5,17.5,15.4
184,力林,2024-11-26 05:00,14.5,,,9,9.2,,320,,81,,13.3,11.2,1011.3,,1013.8,,,9,,9,,,10,9,StNs,5,970,,1901,14.5,,15,15.5,17.5,15.4
184,力林,2024-11-26 06:00,13.5,,3.2,,8.9,,290,,81,,12.4,10.2,1012.2,,1014.7,,,9,,9,,,10,9,StNs,4,515,,1901,13.8,,14.8,15.5,17.5,15.4
184,力林,2024-11-26 07:00,13.1,,,9,8.3,,320,,75,,11.2,8.7,1013,,1015.5,,,9,,9,,,10,9,StNs,7,2155,,1901,13.3,,14.5,15.4,17.5,15.4
184,力林,2024-11-26 08:00,13,,,9,7.5,,320,,76,,11.3,8.8,1014.1,,1016.6,,0,,0,,,,10,9,StNs,6,2478,,01,12.9,,14.3,15.3,17.5,15.4
184,力林,2024-11-26 09:00,13.2,,2.3,,8,,320,,73,,11,8.4,1014.8,,1017.3,,0,,.01,,,,10,8,ScAs,7,3416,,01,12.7,,14.1,15.1,17.4,15.4
184,力林,2024-11-26 10:00,13.2,,,9,9.1,,320,,63,,9.5,6.2,1015.5,,1018,,0,,.15,,,,9,8,ScAc,10,3015,,01,12.7,,14,15,17.4,15.4
184,力林,2024-11-26 11:00,12.7,,,9,9.8,,320,,56,,8.2,4.1,1016,,1018.5,,0,,.53,,,,5,5,Sc,11,3352,,,12.8,,14,15,17.3,15.4
184,力林,2024-11-26 12:00,12.8,,0,,7.7,,320,,46,,6.8,1.4,1016,,1018.5,,.2,,.85,,,,7,7,Sc,12,4185,,,12.9,,13.9,14.9,17.2,15.4
184,力林,2024-11-26 13:00,12.8,,,9,7.4,,320,,45,,6.6,1.1,1015.4,,1017.9,,.3,,1.2,,,,10,7,ScAs,11,4348,,,13.6,,14.1,14.9,17.2,15.5
184,力林,2024-11-26 14:00,11.8,,,9,8.2,,320,,54,,7.4,2.7,1015.3,,1017.8,,0,,.5,,,,9,7,ScAc,11,3453,,01,12.6,,14,14.9,17.2,15.4
184,力林,2024-11-26 15:00,11.8,,0,,7.3,,290,,49,,6.8,1.4,1015.2,,1017.7,,0,,.34,,,,9,7,ScAc,12,3965,,,11.9,,13.9,14.9,17.2,15.4
184,力林,2024-11-26 16:00,11.4,,,9,7.9,,320,,57,,7.6,3.1,1015.4,,1017.9,,0,,.24,,,,10,8,ScAs,10,3071,,01,11.6,,13.7,14.8,17.2,15.4
184,力林,2024-11-26 17:00,11,,,9,8.3,,320,,55,,7.2,2.2,1015.8,,1018.3,,0,,.06,,,,7,7,CuSc,8,3675,,,10.9,,13.5,14.7,17.1,15.4
184,力林,2024-11-26 18:00,10.7,,0,,7,,320,,52,,6.7,1.2,1015.6,,1018.1,,0,,0,,,,7,7,CuSc,8,3967,,,10.1,,13.2,14.5,17.1,15.4
184,力林,2024-11-26 19:00,10.4,,,9,8.5,,320,,50,,6.3,.4,1016.3,,1018.8,,,9,,9,,,7,7,,13,4485,,,9.6,,12.9,14.3,17,15.4
184,力林,2024-11-26 20:00,10.1,,,9,8,,320,,48,,5.9,-.4,1016.2,,1018.7,,,9,,9,,,7,7,,14,4905,,,9.2,,12.6,14.1,16.8,15.4
184,力林,2024-11-26 21:00,9.9,,,9,7.4,,320,,50,,6.1,0,1016.4,,1018.9,,,9,,9,,,8,8,Sc,13,4991,,,8.9,,12.3,13.9,16.7,15.3
184,力林,2024-11-26 22:00,10.1,,,9,6,,290,,48,,5.9,-.4,1016,,1018.5,,,9,,9,,,10,9,,14,4838,,,8.9,,12.1,13.8,16.6,15.3
184,力林,2024-11-26 23:00,10.5,,,9,6.3,,320,,50,,6.3,.4,1015.6,,1018.1,,,9,,9,,,10,10,,12,4827,,,9,,12,13.6,16.5,15.3
184,力林,2024-11-27 00:00,10.6,,0,,6.7,,290,,57,,7.3,2.4,1015.3,,1017.8,,,9,,9,,,9,9,,,4411,,01,9.2,,11.9,13.5,16.3,15.2
184,力林,2024-11-27 01:00,10.3,,,9,6.7,,320,,60,,7.5,2.8,1014.7,,1017.2,,,9,,9,,,9,9,Sc,8,4193,,01,9.3,,11.9,13.4,16.2,15.2
184,力林,2024-11-27 02:00,10.1,,,9,5.8,,320,,64,,7.8,3.5,1014,,1016.5,,,9,,9,,,9,9,Sc,9,4711,,01,9.3,,11.8,13.3,16.1,15.1
184,力林,2024-11-27 03:00,11,,0,,8.2,,270,,45,,5.9,-.4,1013.6,,1016.1,,,9,,9,,,9,9,Sc,10,4686,,01,9.1,,11.7,13.2,16,15.1
184,力林,2024-11-27 04:00,10.9,,,9,8.3,,270,,46,,6,-.2,1013.3,,1015.8,,,9,,9,,,9,9,Sc,11,4701,,,8.9,,11.6,13.1,15.9,15
184,力林,2024-11-27 05:00,11.1,,,9,8.7,,270,,47,,6.2,.1,1013.1,,1015.6,,,9,,9,,,9,9,Sc,9,4152,,01,8.8,,11.5,13,15.8,14.9
184,力林,2024-11-27 06:00,10.1,,0,,6,,320,,69,,8.5,4.6,1013.2,,1015.7,,,9,,9,,,9,9,Sc,8,4105,,01,9.1,,11.5,12.9,15.8,14.9
184,力林,2024-11-27 07:00,9.4,,,9,6.7,,290,,67,,7.8,3.5,1013.4,,1015.9,,,9,,9,,,9,9,CuSc,7,4885,,1301,9.1,,11.4,12.9,15.7,14.9
184,力林,2024-11-27 08:00,8.5,,,9,6.9,,270,,68,,7.5,2.9,1014,,1016.5,,0,,0,,,,9,9,CuSc,7,2141,,01,8.9,,11.2,12.8,15.6,14.8
184,力林,2024-11-27 09:00,8.4,,1.9,,8.1,,290,,70,,7.7,3.2,1014,,1016.5,,0,,.04,,,,10,3,ScAs,9,3473,,01,9,,11.1,12.7,15.5,14.7
184,力林,2024-11-27 10:00,9.5,,,9,10.3,,320,,70,,8.2,4.2,1013.7,,1016.2,,0,,.28,,,,10,6,StNs,8,2121,,01,9.4,,11.2,12.7,15.5,14.7
184,力林,2024-11-27 11:00,8,,,9,9.2,,290,,74,,7.9,3.6,1014.4,,1016.9,,0,,.15,,,,10,8,ScAs,7,3103,,01,9.3,,11.1,12.6,15.4,14.7
184,力林,2024-11-27 12:00,9.5,,.6,,9,,320,,59,,7,1.8,1013.7,,1016.2,,0,,.31,,,,10,7,ScAs,10,3560,,01,9.6,,11.1,12.5,15.3,14.6
184,力林,2024-11-27 13:00,9.7,,,9,9.7,,290,,48,,5.8,-.8,1012.9,,1015.4,,0,,.37,,,,7,7,Sc,13,4403,,01,9.6,,11.1,12.5,15.3,14.6
184,力林,2024-11-27 14:00,9.8,,,9,9.1,,270,,44,,5.4,-1.8,1012.7,,1015.2,,.3,,.87,,,,8,8,CuSc,7,4461,,01,10.2,,11.2,12.5,15.2,14.5
184,力林,2024-11-27 15:00,8.6,,0,,7.5,,290,,62,,6.9,1.7,1013,,1015.5,,.2,,.65,,,,7,7,CuSc,6,3097,,1301,10.2,,11.2,12.5,15.2,14.5
184,力林,2024-11-27 16:00,7.8,,,9,7.8,,290,,69,,7.3,2.4,1013.7,,1016.2,,.1,,.3,,,,10,6,StNs,7,2406,,01,9.6,,11.1,12.5,15.2,14.4
184,力林,2024-11-27 17:00,8.4,,,9,8.5,,320,,61,,6.7,1.3,1013.4,,1015.9,,0,,.02,,,,10,8,StNs,8,2926,,01,8.7,,11,12.5,15.2,14.4
184,力林,2024-11-27 18:00,8.7,,.3,,8.7,,320,,59,,6.6,1.1,1013.6,,1016.1,,0,,0,,,,10,9,StNs,8,2340,,01,8.4,,10.8,12.3,15.1,14.4
184,力林,2024-11-27 19:00,8.9,,,9,9.2,,290,,53,,6.1,-.1,1014.1,,1016.6,,,9,,9,,,10,7,StNs,6,3513,,01,8,,10.6,12.2,15.1,14.3
184,力林,2024-11-27 20:00,8.9,,,9,10.4,,320,,47,,5.4,-1.8,1014.8,,1017.3,,,9,,9,,,10,6,StNs,5,4255,,01,7.7,,10.5,12.1,15,14.3
184,力林,2024-11-27 21:00,9,,0,,9.2,,320,,49,,5.6,-1.1,1015,,1017.5,,,9,,9,,,8,8,Sc,12,4506,,01,7.4,,10.3,12,14.9,14.3
184,力林,2024-11-27 22:00,9.1,,,9,8.8,,290,,47,,5.4,-1.6,1015,,1017.5,,,9,,9,,,10,7,ScAs,10,3842,,01,7.4,,10.2,11.9,14.8,14.2
184,力林,2024-11-27 23:00,9.1,,,9,8.6,,290,,51,,5.9,-.5,1014.9,,1017.4,,,9,,9,,,9,4,,13,4395,,,7.5,,10.1,11.8,14.7,14.2
184,力林,2024-11-28 00:00,9.1,,0,,8.4,,290,,52,,6,-.2,1014.8,,1017.3,,,9,,9,,,10,8,StNs,8,4740,,01,7.5,,10.1,11.7,14.7,14.1
184,力林,2024-11-28 01:00,7.8,,,9,6.8,,290,,61,,6.4,.7,1014.5,,1017.1,,,9,,9,,,8,7,StNs,7,3902,,01,7.3,,9.9,11.6,14.5,14.1
184,力林,2024-11-28 02:00,7.4,,,9,8.2,,270,,72,,7.4,2.6,1014.7,,1017.3,,,9,,9,,,10,5,StNs,6,1084,,01,7.4,,9.9,11.5,14.5,14
184,力林,2024-11-28 03:00,8.2,,.5,,8,,320,,71,,7.7,3.2,1013.8,,1016.3,,,9,,9,,,10,4,StNs,7,4265,,01,7.6,,9.8,11.4,14.4,14
184,力林,2024-11-28 04:00,8,,,9,7.3,,290,,75,,8,3.8,1013.8,,1016.3,,,9,,9,,,10,6,StNs,7,2761,,01,7.7,,9.8,11.4,14.3,13.9
184,力林,2024-11-28 05:00,8.9,,,9,6.6,,320,,59,,6.7,1.3,1013.6,,1016.1,,,9,,9,,,10,7,StNs,7,4751,,01,7.7,,9.8,11.4,14.3,13.9
184,力林,2024-11-28 06:00,9.5,,.5,,7.2,,290,,42,,5,-2.7,1013.5,,1016,,,9,,9,,,3,3,Sc,12,4988,,01,7.2,,9.8,11.3,14.2,13.8
184,力林,2024-11-28 07:00,9.3,,,9,5.4,,270,,46,,5.4,-1.7,1013.6,,1016.1,,,9,,9,,,5,5,Sc,12,5000,,,7,,9.6,11.2,14.2,13.8
184,力林,2024-11-28 08:00,8.5,,,9,5.7,,290,,65,,7.2,2.2,1014.4,,1016.9,,0,,0,,,,8,8,Sc,9,4464,,01,7.4,,9.6,11.1,14.1,13.7
184,力林,2024-11-28 09:00,9.6,,0,,4.8,,320,,62,,7.4,2.6,1013.8,,1016.3,,.3,,.25,,,,8,8,CuSc,9,3107,,1301,8,,9.7,11.1,14,13.7
184,力林,2024-11-28 10:00,8,,,9,9.2,,320,,81,,8.7,4.9,1014.3,,1016.8,,0,,.1,,,,5,5,Sc,9,1230,,1301,8.3,,9.7,11.1,14,13.6
184,力林,2024-11-28 11:00,9.2,,,9,9.7,,320,,69,,8,3.7,1014.1,,1016.6,,.5,,.97,,,,9,9,CuSc,7,1285,,01,9.7,,10.2,11.2,13.9,13.6
184,力林,2024-11-28 12:00,9.6,,2.3,,5.3,,250,,66,,7.8,3.5,1013,,1015.5,,.2,,.58,,,,8,8,Sc,9,4798,,01,10.3,,10.4,11.3,14,13.5
184,力林,2024-11-28 13:00,8.2,,,9,5.5,,250,,78,,8.4,4.5,1012.4,,1014.9,,.1,,.35,,,,7,7,Sc,8,4000,,01,9.6,,10.5,11.5,14,13.5
184,力林,2024-11-28 14:00,10.4,,,9,6.3,,270,,61,,7.6,3.1,1011.1,,1013.6,,.5,,1.08,,,,9,9,Sc,10,4684,,01,11.4,,10.9,11.6,14.1,13.4
184,力林,2024-11-28 15:00,10.3,,2.1,,8.3,,290,,65,,8.1,3.9,1010.1,,1012.6,,0,,.14,,,,7,7,CuSc,8,2011,,1301,10.3,,10.9,11.8,14.1,13.4
184,力林,2024-11-28 16:00,10.3,,,9,9.1,,320,,61,,7.6,3,1010.5,,1013,,0,,.17,,,,6,6,Sc,9,3830,,01,9.9,,10.9,11.8,14.2,13.4
184,力林,2024-11-28 17:00,10.2,,,9,10.6,,320,,66,,8.2,4.1,1011,,1013.5,,0,,.04,,,,8,8,Sc,8,3297,,01,9.5,,10.8,11.8,14.3,13.3
184,力林,2024-11-28 18:00,10.5,,.2,,8.2,,320,,57,,7.2,2.3,1011,,1013.5,,0,,0,,,,9,9,Sc,8,3133,,01,8.9,,10.7,11.8,14.3,13.4
184,力林,2024-11-28 19:00,10.5,,,9,9,,320,,52,,6.6,1,1011.7,,1014.2,,,9,,9,,,8,8,Sc,10,4161,,01,8.7,,10.5,11.7,14.3,13.3
184,力林,2024-11-28 20:00,10.5,,,9,8.9,,320,,54,,6.8,1.5,1012.3,,1014.8,,,9,,9,,,10,8,,12,4301,,,8.5,,10.4,11.7,14.3,13.3
184,力林,2024-11-28 21:00,9.9,,0,,9,,320,,59,,7.2,2.2,1013.1,,1015.6,,,9,,9,,,7,7,Sc,9,3431,,01,8.3,,10.3,11.6,14.2,13.3
184,力林,2024-11-28 22:00,8.7,,,9,8.1,,270,,59,,6.6,1.1,1013.4,,1015.9,,,9,,9,,,10,8,ScAs,10,3652,,01,8.1,,10.2,11.5,14.2,13.3
184,力林,2024-11-28 23:00,9.4,,,9,8.5,,320,,54,,6.3,.5,1012.8,,1015.3,,,9,,9,,,3,3,,28,4687,,,7.5,,10.1,11.4,14.2,13.3
184,力林,2024-11-29 00:00,9.6,,0,,7,,320,,62,,7.4,2.6,1012.9,,1015.4,,,9,,9,,,9,9,Sc,10,3849,,,7.7,,9.9,11.3,14.1,13.3
184,力林,2024-11-29 01:00,9.8,,,,6.9,,320,,55,,6.6,1.1,1012.2,,1014.7,,,9,,9,,,8,3,,12,4240,,,7.6,,9.9,11.3,14,13.3
184,力林,2024-11-29 02:00,9.9,,,9,8.4,,290,,45,,5.5,-1.5,1012.2,,1014.7,,,9,,9,,,10,5,ScAs,11,4246,,01,7.6,,9.9,11.2,14,13.3
184,力林,2024-11-29 03:00,8.4,,0,,6.4,,270,,62,,6.8,1.5,1011.9,,1014.4,,,9,,9,,,9,9,Sc,12,2128,,01,7.6,,9.8,11.1,13.9,13.2
184,力林,2024-11-29 04:00,9.6,,,9,7.2,,320,,51,,6.1,0,1011.6,,1014.1,,,9,,9,,,9,9,Sc,9,3562,,01,7.8,,9.7,11.1,13.9,13.2
184,力林,2024-11-29 05:00,9.5,,,9,7.7,,320,,50,,5.9,-.4,1011.8,,1014.3,,,9,,9,,,9,9,Sc,11,4622,,01,7.5,,9.7,11.1,13.8,13.2
184,力林,2024-11-29 06:00,8.8,,0,,8.7,,320,,59,,6.7,1.2,1012.4,,1014.9,,,9,,9,,,10,7,ScAs,9,3235,,01,7.6,,9.6,11,13.8,13.2
184,力林,2024-11-29 07:00,9.6,,,9,6.5,,320,,55,,6.5,.9,1011.9,,1014.4,,,9,,9,,,8,8,Sc,9,4312,,01,7.5,,9.6,10.9,13.8,13.1
184,力林,2024-11-29 08:00,9.8,,,9,8.2,,290,,49,,5.9,-.4,1012.8,,1015.3,,0,,0,,,,8,8,Sc,11,4596,,01,7.5,,9.6,10.9,13.7,13.1
184,力林,2024-11-29 09:00,9.9,,0,,7.7,,290,,43,,5.2,-2.1,1013.5,,1016,,0,,.08,,,,9,9,Sc,10,4987,,,7.6,,9.6,10.9,13.7,13.1
184,力林,2024-11-29 10:00,10.2,,,9,9,,290,,36,,4.5,-4.2,1013.7,,1016.2,,0,,.15,,,,7,7,Sc,11,5000,,01,7.9,,9.6,10.9,13.6,13
184,力林,2024-11-29 11:00,10.5,,,9,8.4,,290,,38,,4.8,-3.2,1013.5,,1016,,.1,,.56,,,,8,8,Sc,10,5000,,,8.8,,9.8,10.9,13.6,13
184,力林,2024-11-29 12:00,10.3,,0,,6.7,,320,,47,,5.9,-.5,1012.8,,1015.3,,0,,.25,,,,9,9,Sc,11,4896,,,8.5,,9.9,11,13.6,13
184,力林,2024-11-29 13:00,10.9,,,9,7.3,,320,,44,,5.8,-.8,1012.1,,1014.6,,.1,,.66,,,,9,9,Sc,11,5000,,,9.4,,10.1,11,13.6,13
184,力林,2024-11-29 14:00,10.7,,,9,7,,290,,49,,6.3,.4,1011.6,,1014.1,,0,,.43,,,,9,9,Sc,10,5000,,01,9.4,,10.4,11.2,13.7,13
184,力林,2024-11-29 15:00,10.9,,0,,8.2,,290,,42,,5.5,-1.5,1011.6,,1014.1,,0,,.27,,,,9,9,Sc,10,4940,,,9.3,,10.4,11.3,13.7,12.9
184,力林,2024-11-29 16:00,10.5,,,9,8,,320,,54,,6.8,1.5,1012,,1014.5,,0,,.07,,,,9,9,Sc,11,4484,,01,8.9,,10.3,11.3,13.8,12.9
184,力林,2024-11-29 17:00,10.9,,,9,9.2,,320,,43,,5.6,-1.2,1012.6,,1015.1,,0,,.03,,,,9,9,Sc,11,5000,,01,8.5,,10.3,11.3,13.8,12.9
184,力林,2024-11-29 18:00,10.8,,0,,8.5,,320,,47,,6.1,0,1013,,1015.5,,0,,0,,,,9,9,Sc,10,4943,,,8.4,,10.2,11.3,13.9,12.9
184,力林,2024-11-29 19:00,11.3,,,9,7.4,,320,,44,,5.9,-.5,1013.4,,1015.9,,,9,,9,,,9,3,,15,5000,,,8.2,,10.2,11.3,13.8,12.9
184,力林,2024-11-29 20:00,11.5,,,9,7.3,,320,,48,,6.5,.8,1013.9,,1016.4,,,9,,9,,,9,2,,16,4928,,,8.3,,10.2,11.2,13.8,12.9
184,力林,2024-11-29 21:00,11.9,,,9,7,,320,,49,,6.8,1.5,1014.1,,1016.6,,,9,,9,,,8,8,Sc,14,5000,,,8.4,,10.2,11.2,13.8,12.9
184,力林,2024-11-29 22:00,12.3,,,9,8.1,,320,,37,,5.3,-1.9,1014.5,,1017,,,9,,9,,,8,4,,19,5000,,,8.5,,10.3,11.2,13.8,12.9
184,力林,2024-11-29 23:00,12.4,,,9,6.6,,320,,42,,6.1,-.1,1014.7,,1017.2,,,9,,9,,,9,3,,18,5000,,,8.1,,10.2,11.2,13.8,12.9
184,力林,2024-11-30 00:00,12.4,,,9,5.8,,320,,44,,6.3,.4,1014.5,,1017,,,9,,9,,,9,9,Sc,15,5000,,,8.4,,10.2,11.2,13.8,12.9
184,力林,2024-11-30 01:00,12.2,,,,6.4,,320,,43,,6.1,0,1014.4,,1016.9,,,9,,9,,,0,0,,,5000,,,8,,10.2,11.2,13.8,12.9
184,力林,2024-11-30 02:00,12.1,,,,6.2,,320,,44,,6.2,.1,1014.4,,1016.9,,,9,,9,,,5,3,,16,5000,,,7.8,,10.1,11.2,13.8,12.8
184,力林,2024-11-30 03:00,12.5,,,,7,,320,,43,,6.2,.2,1014.3,,1016.8,,,9,,9,,,7,7,Sc,16,5000,,,8,,10.1,11.2,13.7,12.8
184,力林,2024-11-30 04:00,12.6,,,,6.6,,320,,47,,6.8,1.5,1014.2,,1016.7,,,9,,9,,,7,7,Sc,15,5000,,,8.2,,10.1,11.1,13.7,12.8
184,力林,2024-11-30 05:00,12.2,,,,5.4,,340,,63,,8.9,5.3,1014.5,,1017,,,9,,9,,,9,9,Sc,14,4200,,,8.2,,10.1,11.1,13.7,12.8
184,力林,2024-11-30 06:00,11.7,,,,4.7,,320,,58,,7.9,3.6,1014.9,,1017.4,,,9,,9,,,7,7,Sc,10,4795,,,8.5,,10.2,11.1,13.7,12.8
184,力林,2024-11-30 07:00,11.6,,,,5.3,,320,,55,,7.5,2.8,1015.5,,1018,,,9,,9,,,6,6,Sc,11,4961,,,8.4,,10.2,11.2,13.7,12.8
184,力林,2024-11-30 08:00,11.5,,,,4.8,,320,,54,,7.3,2.4,1016,,1018.5,,0,,.03,,,,6,6,Sc,11,4977,,,8.3,,10.1,11.2,13.7,12.8
184,力林,2024-11-30 09:00,11.7,,,,4.5,,320,,54,,7.4,2.6,1016.5,,1019,,.2,,.25,,,,3,3,Sc,12,5000,,,8.7,,10.2,11.1,13.7,12.8
184,力林,2024-11-30 10:00,13.4,,,,3.8,,320,,48,,7.3,2.5,1017,,1019.5,,.9,,1.14,,,,2,2,Sc,13,5000,,,9.7,,10.7,11.2,13.7,12.8
184,力林,2024-11-30 11:00,14.2,,,,3.5,,340,,45,,7.3,2.4,1016.7,,1019.2,,1,,1.66,,,,0,0,,,5000,,,12,,11.6,11.4,13.7,12.7
184,力林,2024-11-30 12:00,14.6,,,,3.3,,320,,44,,7.3,2.4,1016.1,,1018.6,,1,,1.99,,,,0,0,,,5000,,,14.6,,12.6,11.9,13.8,12.7
184,力林,2024-11-30 13:00,15.1,,,,3.3,,320,,43,,7.3,2.5,1015.2,,1017.7,,.9,,2.03,,,,1,0,Ci,,5000,,,16.1,,13.5,12.4,14.1,12.7
184,力林,2024-11-30 14:00,15.1,,,,2.8,,320,,44,,7.5,2.9,1014.7,,1017.2,,1,,1.93,,,,1,0,Ci,,5000,,,16.4,,14.2,13,14.4,12.8
184,力林,2024-11-30 15:00,15.2,,,,3.3,,290,,40,,6.9,1.6,1014.3,,1016.8,,1,,1.55,,,,0,0,,,5000,,,15.8,,14.5,13.5,14.7,12.8
184,力林,2024-11-30 16:00,14.9,,,,2.6,,320,,41,,6.9,1.7,1014.2,,1016.7,,1,,1.04,,,,0,0,,,5000,,,13.2,,14.4,13.8,15.1,12.8
184,力林,2024-11-30 17:00,13.1,,,,1.9,,290,,46,,6.9,1.7,1014.1,,1016.6,,1,,.4,,,,0,0,,,5000,,,11.4,,13.8,13.8,15.3,12.9
184,力林,2024-11-30 18:00,12,,,,2.6,,250,,48,,6.7,1.3,1014.5,,1017,,.2,,.01,,,,0,0,,,5000,,,10.3,,13.2,13.6,15.4,13
184,力林,2024-11-30 19:00,10.7,,,,2.1,,180,,53,,6.8,1.4,1015,,1017.5,,,9,,9,,,0,0,,,5000,,,9.5,,12.6,13.4,15.4,13.1
184,力林,2024-11-30 20:00,10.1,,,,2.5,,180,,56,,6.9,1.7,1015.3,,1017.8,,,9,,9,,,0,0,,,5000,,,8.9,,12.1,13.1,15.4,13.2
184,力林,2024-11-30 21:00,9.9,,,,2,,180,,59,,7.2,2.2,1015.5,,1018,,,9,,9,,,0,0,,,5000,,,8.5,,11.8,12.9,15.3,13.2
184,力林,2024-11-30 22:00,9.7,,,,2.7,,180,,62,,7.4,2.7,1015.5,,1018,,,9,,9,,,0,0,,,5000,,,8.2,,11.5,12.6,15.1,13.3
184,力林,2024-11-30 23:00,9.4,,,,3.2,,180,,60,,7.1,2,1015.5,,1018,,,9,,9,,,0,0,,,5000,,,7.9,,11.2,12.4,15,13.3
184,力林,2024-12-01 00:00,9,,,,2.7,,160,,60,,6.9,1.6,1015.5,,1018,,,9,,9,,,0,0,,,5000,,,7.6,,10.9,12.2,14.9,13.3
184,力林,2024-12-01 01:00,8.7,,,,2.6,,180,,57,,6.4,.6,1015.2,,1017.7,,,9,,9,,,0,0,,,5000,,,7.3,,10.6,12.1,14.7,13.3
184,力林,2024-12-01 02:00,8.8,,,,3,,160,,58,,6.5,.9,1015.1,,1017.6,,,9,,9,,,0,0,,,5000,,,7.1,,10.4,11.8,14.6,13.2
184,力林,2024-12-01 03:00,8.7,,,,1.8,,160,,59,,6.6,1.1,1014.8,,1017.3,,,9,,9,,,0,0,,,5000,,,6.9,,10.1,11.7,14.4,13.2
184,力林,2024-12-01 04:00,8.5,,,,2.8,,160,,57,,6.3,.4,1014.8,,1017.3,,,9,,9,,,0,0,,,5000,,,6.7,,9.9,11.5,14.3,13.2
184,力林,2024-12-01 05:00,8.4,,,,2.3,,160,,58,,6.4,.6,1014.7,,1017.2,,,9,,9,,,1,1,Sc,10,5000,,,6.5,,9.7,11.3,14.1,13.1
184,力林,2024-12-01 06:00,8.4,,,,3,,160,,60,,6.6,1,1014.7,,1017.2,,,9,,9,,,2,0,Ci,,5000,,,6.6,,9.6,11.2,14,13.1
184,力林,2024-12-01 07:00,8.3,,,,2.6,,160,,60,,6.5,.9,1014.6,,1017.1,,,9,,9,,,0,0,,,5000,,,6.4,,9.5,11,13.9,13
184,力林,2024-12-01 08:00,8.7,,,,2.2,,160,,61,,6.8,1.5,1014.9,,1017.4,,0,,.02,,,,9,3,ScAcCi,12,5000,,,7.1,,9.4,10.9,13.8,13
184,力林,2024-12-01 09:00,10.3,,,,2,,160,,58,,7.2,2.3,1014.6,,1017.1,,0,,.25,,,,8,5,ScAcCi,12,5000,,,8.5,,9.7,10.9,13.7,12.9
184,力林,2024-12-01 10:00,14.2,,,,.8,,160,,43,,6.9,1.7,1014.9,,1017.4,,.7,,.98,,,,7,3,ScAcCi,14,5000,,,11.2,,10.7,11.1,13.6,12.9
184,力林,2024-12-01 11:00,16.3,,,,1.1,,320,,41,,7.6,3,1015,,1017.5,,.5,,1.21,,,,7,7,Sc,16,5000,,,13.2,,11.6,11.4,13.6,12.8
184,力林,2024-12-01 12:00,17.8,,,,3,,20,,42,,8.5,4.7,1013.8,,1016.2,,.8,,1.73,,,,6,6,Sc,15,5000,,,15.8,,12.8,12,13.8,12.8
184,力林,2024-12-01 13:00,17.5,,,,1.6,,270,,43,,8.5,4.7,1012.9,,1015.3,,.2,,.98,,,,9,7,ScAc,14,5000,,,16.3,,13.4,12.6,14.1,12.7
184,力林,2024-12-01 14:00,16.4,,,9,2.2,,290,,50,,9.3,5.9,1012.5,,1015,,0,,.4,,,,9,8,ScAs,12,5000,,01,14.5,,13.6,13,14.4,12.7
184,力林,2024-12-01 15:00,17,,0,,2.9,,230,,45,,8.7,4.9,1012,,1014.5,,.3,,.71,,,,4,4,Sc,17,5000,,01,15.2,,13.8,13.3,14.7,12.8
184,力林,2024-12-01 16:00,17,,,9,4.1,,250,,43,,8.3,4.3,1012.3,,1014.8,,.8,,.79,,,,3,3,Sc,16,4906,,,13.8,,13.9,13.5,15,12.8
184,力林,2024-12-01 17:00,15.9,,,9,3.2,,250,,43,,7.7,3.3,1012.3,,1014.8,,.6,,.24,,,,6,1,ScCi,15,3688,,,12.5,,13.6,13.6,15.2,12.9
184,力林,2024-12-01 18:00,14.2,,,9,2.1,,180,,46,,7.4,2.7,1012.5,,1015,,0,,.01,,,,6,0,Ci,,3165,,,11.3,,13.2,13.6,15.3,12.9
184,力林,2024-12-01 19:00,12.8,,,9,2.7,,180,,52,,7.6,3.1,1013,,1015.5,,,9,,9,,,4,4,,47,2973,,,10.5,,12.8,13.4,15.4,13
184,力林,2024-12-01 20:00,12.2,,,9,2.2,,160,,54,,7.6,3.1,1013.1,,1015.6,,,9,,9,,,0,0,,,3927,,,9.9,,12.4,13.2,15.4,13.1
184,力林,2024-12-01 21:00,12.1,,,9,2.4,,160,,59,,8.3,4.3,1012.9,,1015.4,,,9,,9,,,1,1,Ac,35,3978,,,9.6,,12.1,13,15.3,13.1
184,力林,2024-12-01 22:00,12.2,,,9,1.7,,180,,63,,8.9,5.3,1012.9,,1015.4,,,9,,9,,,0,0,,,4566,,01,9.4,,11.9,12.9,15.2,13.2
184,力林,2024-12-01 23:00,12.6,,,9,3.1,,230,,54,,7.8,3.5,1013,,1015.5,,,9,,9,,,0,0,,,5000,,,9.2,,11.7,12.7,15.1,13.2
184,力林,2024-12-02 00:00,13,,0,,3.3,,180,,58,,8.7,4.9,1012.9,,1015.4,,,9,,9,,,0,0,,,5000,,,9,,11.6,12.6,15,13.2
184,力林,2024-12-02 01:00,13.1,,,,2.4,,200,,65,,9.7,6.6,1012.8,,1015.3,,,9,,9,,,0,0,,,5000,,,9,,11.4,12.5,14.9,13.2
184,力林,2024-12-02 02:00,13.7,,,,3.3,,200,,63,,9.8,6.7,1013,,1015.5,,,9,,9,,,0,0,,,5000,,,9.1,,11.3,12.3,14.8,13.2
184,力林,2024-12-02 03:00,13.9,,,,3.3,,200,,61,,9.6,6.4,1013.3,,1015.8,,,9,,9,,,0,0,,,5000,,,9.2,,11.3,12.2,14.7,13.2
184,力林,2024-12-02 04:00,13.4,,,,2.7,,180,,64,,9.8,6.7,1013.6,,1016.1,,,9,,9,,,3,3,Sc,14,5000,,,9,,11.2,12.2,14.7,13.1
184,力林,2024-12-02 05:00,13.4,,,,2.6,,180,,65,,9.9,6.9,1013.7,,1016.2,,,9,,9,,,0,0,,,5000,,,9.1,,11.1,12.1,14.6,13.1
184,力林,2024-12-02 06:00,13,,,,2.8,,180,,65,,9.7,6.5,1013.9,,1016.4,,,9,,9,,,0,0,,,5000,,,8.9,,11,12.1,14.5,13.1
184,力林,2024-12-02 07:00,12.4,,,,3,,180,,67,,9.6,6.4,1014.1,,1016.6,,,9,,9,,,0,0,,,4995,,,8.7,,10.9,12,14.5,13
184,力林,2024-12-02 08:00,12,,,,2.7,,180,,66,,9.2,5.8,1014.6,,1017.1,,0,,0,,,,0,0,,,5000,,,8.7,,10.8,11.9,14.4,13
184,力林,2024-12-02 09:00,13.3,,,,1.9,,180,,62,,9.4,6.1,1014.8,,1017.3,,.6,,.36,,,,0,0,,,4847,,,9.2,,10.8,11.8,14.3,13
184,力林,2024-12-02 10:00,17.4,,,,1.8,,230,,50,,9.9,6.8,1015.3,,1017.8,,1,,.99,,,,0,0,,,3527,,,11.1,,11.6,11.9,14.3,13
184,力林,2024-12-02 11:00,18.7,,,,3.4,,270,,44,,9.4,6.1,1015.4,,1017.8,,1,,1.46,,,,1,1,Sc,10,2739,,,13.8,,12.6,12.2,14.3,13
184,力林,2024-12-02 12:00,19.1,,,,4,,290,,44,,9.7,6.5,1015,,1017.4,,1,,1.71,,,,1,1,Sc,10,2596,,,15.9,,13.7,12.7,14.4,12.9
184,力林,2024-12-02 13:00,19.5,,,,4.4,,270,,41,,9.2,5.8,1014.6,,1017,,1,,1.86,,,,1,1,Sc,10,3070,,,17.3,,14.6,13.3,14.7,12.9
184,力林,2024-12-02 14:00,19.6,,,,4.8,,270,,43,,9.7,6.6,1014.5,,1016.9,,.9,,1.68,,,,2,2,Sc,10,2723,,,17.3,,15.2,13.9,15,12.9
184,力林,2024-12-02 15:00,19.3,,,,4.4,,270,,44,,9.8,6.7,1014.4,,1016.8,,.9,,1.26,,,,2,2,Sc,10,2753,,,17.3,,15.6,14,15.4,13
184,力林,2024-12-02 16:00,18.6,,,,5,,270,,43,,9.2,5.7,1014.7,,1017.1,,.7,,.75,,,,2,2,Sc,10,2849,,,15.5,,15.6,14.2,15.7,13
184,力林,2024-12-02 17:00,17.7,,,,4.5,,250,,43,,8.7,4.9,1014.9,,1017.4,,.7,,.34,,,,2,2,Sc,10,2957,,,14.3,,15.3,14.3,16,13.1
184,力林,2024-12-02 18:00,16.4,,,,2.9,,230,,49,,9.1,5.6,1015.3,,1017.8,,0,,.01,,,,3,3,Sc,10,2986,,,12.6,,14.8,14.2,16.1,13.2
184,力林,2024-12-02 19:00,16.1,,,,4.9,,320,,71,,12.9,10.8,1015.8,,1018.3,,,9,,9,,,0,0,,,1674,,,12.8,,14.4,14.1,16.2,13.3
184,力林,2024-12-02 20:00,15.3,,,,4.4,,320,,68,,11.8,9.4,1016.1,,1018.6,,,9,,9,,,3,3,,10,1342,,,12.7,,14.3,14,16.2,13.4
184,力林,2024-12-02 21:00,15,,,,5,,320,,71,,12,9.7,1016.5,,1019,,,9,,9,,,4,4,Sc,10,880,,40,12.8,,14.1,13.9,16.2,13.5
184,力林,2024-12-02 22:00,14.1,,,,5.2,,360,,75,,12,9.7,1017.1,,1019.6,,,9,,9,,,7,7,Sc,8,712,,40,12.8,,14,13.8,16.2,13.5
184,力林,2024-12-02 23:00,13.3,,,,3.6,,360,,73,,11.1,8.5,1017.7,,1020.2,,,9,,9,,,8,8,Sc,7,842,,40,12.5,,13.9,13.8,16.1,13.6
184,力林,2024-12-03 00:00,12.6,,,,4.1,,340,,70,,10.2,7.2,1018.2,,1020.7,,,9,,9,,,9,9,Sc,,931,,40,12.3,,13.8,13.7,16.1,13.6
184,力林,2024-12-03 01:00,12,,,,4,,340,,66,,9.2,5.8,1018.6,,1021.1,,,9,,9,,,9,9,Sc,7,1191,,40,11.8,,13.6,13.6,16.1,13.6
184,力林,2024-12-03 02:00,11.4,,,,3.8,,320,,66,,8.8,5.2,1018.5,,1021,,,9,,9,,,3,3,,7,1447,,,10.8,,13.3,13.5,16,13.6
184,力林,2024-12-03 03:00,10.8,,,,3.6,,320,,64,,8.2,4.2,1018.9,,1021.4,,,9,,9,,,3,3,Sc,8,2201,,,10.1,,13,13.3,16,13.7
184,力林,2024-12-03 04:00,10.5,,,,3.1,,320,,66,,8.4,4.4,1018.8,,1021.3,,,9,,9,,,8,8,Sc,10,2998,,,10,,12.7,13.2,15.9,13.7
184,力林,2024-12-03 05:00,10.5,,,,3.2,,320,,65,,8.2,4.1,1019.1,,1021.6,,,9,,9,,,9,9,Sc,10,3186,,,10,,12.6,13,15.8,13.7
184,力林,2024-12-03 06:00,10.3,,,,3.3,,320,,63,,7.8,3.5,1019.2,,1021.7,,,9,,9,,,8,8,Sc,10,4588,,,9.8,,12.4,12.9,15.7,13.7
184,力林,2024-12-03 07:00,9.8,,,,2.4,,320,,64,,7.7,3.3,1019.5,,1022,,,9,,9,,,8,6,ScCi,9,4817,,,9.3,,12.2,12.8,15.6,13.6
184,力林,2024-12-03 08:00,10,,,,2.6,,320,,65,,8,3.7,1020.3,,1022.9,,0,,.02,,,,8,7,ScCi,8,4821,,,9.8,,12.1,12.6,15.5,13.6
184,力林,2024-12-03 09:00,10.4,,,,2.8,,290,,59,,7.4,2.7,1020.5,,1023,,0,,.21,,,,7,3,ScCi,8,4978,,,10.7,,12.1,12.6,15.4,13.6
184,力林,2024-12-03 10:00,10.7,,,,3.4,,320,,62,,8,3.7,1021.1,,1023.6,,0,,.38,,,,9,9,Sc,8,4944,,,11.6,,12.3,12.6,15.3,13.6
184,力林,2024-12-03 11:00,11.2,,,,2.8,,320,,57,,7.5,2.9,1021.1,,1023.6,,.1,,.74,,,,6,6,Sc,9,4958,,,13.1,,12.6,12.6,15.3,13.6
184,力林,2024-12-03 12:00,11.5,,,,4.2,,320,,55,,7.4,2.7,1021,,1023.5,,.3,,1.16,,,,8,8,Sc,8,5000,,,14.1,,13.2,12.8,15.3,13.5
184,力林,2024-12-03 13:00,11.3,,,,3.4,,320,,56,,7.5,2.8,1019.9,,1022.4,,.1,,.86,,,,9,8,ScCi,9,4951,,,14.5,,13.5,13,15.4,13.5
184,力林,2024-12-03 14:00,11.2,,,,3.9,,340,,57,,7.5,2.9,1019.7,,1022.2,,.2,,.85,,,,9,9,Sc,9,5000,,,14.1,,13.7,13.2,15.5,13.5
184,力林,2024-12-03 15:00,10.9,,,,3.1,,290,,54,,7,1.9,1019.3,,1021.8,,0,,.44,,,,9,9,Sc,10,5000,,,13.6,,13.6,13.4,15.6,13.5
184,力林,2024-12-03 16:00,10.5,,,,3.2,,340,,56,,7.1,2,1019.3,,1021.8,,0,,.22,,,,9,8,ScCi,9,5000,,,12.4,,13.4,13.4,15.7,13.5
184,力林,2024-12-03 17:00,10,,,,4,,320,,54,,6.6,1.1,1020,,1022.5,,0,,.09,,,,9,8,ScCi,9,5000,,,11.4,,13.2,13.3,15.8,13.5
184,力林,2024-12-03 18:00,9.4,,,,3.6,,340,,53,,6.2,.2,1020.1,,1022.6,,0,,0,,,,7,6,ScCi,11,5000,,,10,,12.8,13.2,15.8,13.5
184,力林,2024-12-03 19:00,9.1,,,,4.4,,20,,60,,6.9,1.7,1020.3,,1022.8,,,9,,9,,,7,7,,10,5000,,,9.4,,12.4,13,15.7,13.6
184,力林,2024-12-03 20:00,8.4,,,,3.7,,360,,52,,5.7,-.9,1020.3,,1022.9,,,9,,9,,,7,2,,11,5000,,,8.2,,12.1,12.8,15.6,13.6
184,力林,2024-12-03 21:00,8,,,,3.5,,360,,38,,4.1,-5.4,1020.7,,1023.3,,,9,,9,,,7,3,ScCi,10,5000,,,7.4,,11.7,12.5,15.5,13.6
184,力林,2024-12-03 22:00,8,,,,4.6,,20,,41,,4.4,-4.4,1021.3,,1023.9,,,9,,9,,,7,1,,,5000,,,6.8,,11.3,12.3,15.3,13.5
184,力林,2024-12-03 23:00,7.8,,,,4.6,,20,,42,,4.4,-4.3,1022.3,,1024.9,,,9,,9,,,0,0,,,5000,,,6.2,,10.9,12,15.2,13.5
184,力林,2024-12-04 00:00,7.2,,,,2.3,,340,,45,,4.6,-3.9,1022.6,,1025.2,,,9,,9,,,4,0,Ci,,5000,,,5.9,,10.6,11.8,15,13.5
184,力林,2024-12-04 01:00,7.1,,,,3.2,,20,,48,,4.9,-3.1,1022.5,,1025.1,,,9,,9,,,0,0,,,5000,,,5.5,,10.3,11.5,14.8,13.4
184,力林,2024-12-04 02:00,7,,,,4,,20,,44,,4.4,-4.4,1022.6,,1025.2,,,9,,9,,,0,0,,,5000,,,5.3,,10,11.3,14.6,13.4
184,力林,2024-12-04 03:00,6.9,,,,4.2,,20,,44,,4.4,-4.5,1022.6,,1025.2,,,9,,9,,,0,0,,,5000,,,5,,9.8,11,14.4,13.3
184,力林,2024-12-04 04:00,6.8,,,,3.8,,20,,52,,5.2,-2.3,1022,,1024.6,,,9,,9,,,5,5,Sc,10,5000,,,5,,9.5,10.8,14.2,13.3
184,力林,2024-12-04 05:00,6.5,,,,2.1,,110,,53,,5.1,-2.4,1021.8,,1024.4,,,9,,9,,,7,7,Sc,10,5000,,,5.6,,9.4,10.6,14.1,13.2
184,力林,2024-12-04 06:00,6.6,,,,4,,20,,58,,5.7,-1,1021.4,,1024,,,9,,9,,,6,6,Sc,10,5000,,,5.6,,9.3,10.5,13.9,13.1
184,力林,2024-12-04 07:00,6.6,,,,1.4,,50,,55,,5.4,-1.8,1021.7,,1024.3,,,9,,9,,,3,3,Sc,10,5000,,,5.1,,9.2,10.4,13.8,13
184,力林,2024-12-04 08:00,5.9,,,,2.5,,160,,59,,5.5,-1.5,1021.8,,1024.4,,0,,.02,,,,5,5,Sc,11,5000,,,5.5,,9,10.2,13.6,12.9
184,力林,2024-12-04 09:00,7,,,,2.7,,180,,55,,5.5,-1.4,1022,,1024.6,,0,,.2,,,,5,5,Sc,11,5000,,,6.7,,9.2,10.2,13.5,12.9
184,力林,2024-12-04 10:00,8.9,,,,2.8,,20,,47,,5.4,-1.8,1022,,1024.6,,.2,,.5,,,,6,6,Sc,10,5000,,,8.5,,9.6,10.2,13.4,12.8
184,力林,2024-12-04 11:00,10.2,,,,2.6,,340,,47,,5.8,-.6,1021.7,,1024.3,,.2,,.82,,,,8,8,Sc,10,5000,,,10.8,,10.1,10.4,13.4,12.7
184,力林,2024-12-04 12:00,11.2,,,,2.4,,320,,46,,6.1,0,1020.6,,1023.1,,.3,,1.1,,,,8,8,Sc,10,5000,,,13.1,,10.9,10.6,13.4,12.7
184,力林,2024-12-04 13:00,12.4,,,,3.6,,320,,42,,6.1,-.1,1019.6,,1022.1,,.5,,1.45,,,,7,7,Sc,11,5000,,,15.6,,11.7,11,13.5,12.6
184,力林,2024-12-04 14:00,11.8,,,,3.5,,340,,44,,6.1,0,1019.1,,1021.6,,.3,,1.05,,,,8,8,Sc,11,5000,,,14.1,,12.2,11.5,13.7,12.6
184,力林,2024-12-04 15:00,11.6,,,,4.4,,320,,44,,6,-.2,1018.8,,1021.3,,.3,,.87,,,,8,8,Sc,10,4686,,,13.3,,12.5,11.8,13.9,12.6
184,力林,2024-12-04 16:00,11.5,,,,3.7,,290,,44,,6,-.3,1018.5,,1021,,.4,,.65,,,,5,5,Sc,10,5000,,,11.7,,12.4,12,14.2,12.6
184,力林,2024-12-04 17:00,10.5,,,,3.9,,320,,44,,5.6,-1.2,1018.2,,1020.7,,.5,,.23,,,,3,3,Sc,11,5000,,,9.7,,12,11.9,14.3,12.6
184,力林,2024-12-04 18:00,10,,,,4.7,,320,,46,,5.6,-1.1,1018.3,,1020.8,,.1,,.01,,,,4,4,Sc,10,5000,,,8.6,,11.5,11.8,14.4,12.6
184,力林,2024-12-04 19:00,9.9,,,,3.7,,290,,47,,5.7,-.9,1018.4,,1020.9,,,9,,9,,,4,4,,14,5000,,,8,,11.2,11.7,14.4,12.6
184,力林,2024-12-04 20:00,10.1,,,,3.2,,320,,51,,6.3,.4,1018.5,,1021,,,9,,9,,,8,6,,13,5000,,,8.4,,11,11.5,14.3,12.6
184,力林,2024-12-04 21:00,10.4,,,,3.9,,290,,54,,6.8,1.4,1018.6,,1021.1,,,9,,9,,,8,8,Sc,12,5000,,,8.7,,10.9,11.4,14.3,12.7
184,力林,2024-12-04 22:00,10.4,,,,3.9,,320,,58,,7.3,2.4,1018.8,,1021.3,,,9,,9,,,8,7,,10,5000,,,8.9,,10.9,11.3,14.2,12.7
184,力林,2024-12-04 23:00,10.4,,,,3.9,,320,,59,,7.4,2.7,1018.4,,1020.9,,,9,,9,,,8,8,,10,5000,,,9,,10.9,11.3,14.1,12.7
184,力林,2024-12-05 00:00,10.4,,,,4.4,,320,,57,,7.2,2.2,1018.4,,1020.9,,,9,,9,,,9,7,ScAc,10,5000,,,9,,10.8,11.2,14.1,12.7
184,力林,2024-12-05 01:00,10.4,,,,4.7,,290,,44,,5.6,-1.3,1018.1,,1020.6,,,9,,9,,,9,4,,13,5000,,,8.7,,10.8,11.2,14,12.6
184,力林,2024-12-05 02:00,10.4,,,,5.1,,290,,45,,5.7,-1,1018.1,,1020.6,,,9,,9,,,8,4,,13,5000,,,8.4,,10.7,11.1,14,12.6
184,力林,2024-12-05 03:00,10.4,,,,4,,320,,50,,6.3,.4,1017.7,,1020.2,,,9,,9,,,8,7,ScAc,13,5000,,,8.3,,10.6,11.1,14,12.6
184,力林,2024-12-05 04:00,10.4,,,,5,,320,,47,,5.9,-.4,1017.6,,1020.1,,,9,,9,,,9,8,ScAc,13,5000,,,8.2,,10.5,11,13.9,12.6
184,力林,2024-12-05 05:00,10.3,,,,5.1,,320,,49,,6.1,0,1017.2,,1019.7,,,9,,9,,,9,8,ScAc,14,5000,,,8.2,,10.4,11,13.9,12.6
184,力林,2024-12-05 06:00,10.4,,,,4.9,,320,,52,,6.5,.9,1017.3,,1019.8,,,9,,9,,,9,8,ScAc,12,5000,,,8.5,,10.4,10.9,13.8,12.5
184,力林,2024-12-05 07:00,10.5,,,,4.6,,320,,49,,6.2,.2,1017.4,,1019.9,,,9,,9,,,9,8,ScAc,14,4814,,,8.6,,10.4,10.9,13.8,12.5
184,力林,2024-12-05 08:00,10.7,,,,5.2,,320,,44,,5.7,-1,1017.4,,1019.9,,0,,0,,,,7,5,ScAc,12,4149,,,8.4,,10.4,10.8,13.7,12.5
184,力林,2024-12-05 09:00,11.4,,,,5.6,,290,,43,,5.8,-.7,1017.5,,1020,,.2,,.27,,,,8,6,ScAc,12,4220,,,9.3,,10.4,10.8,13.7,12.5
184,力林,2024-12-05 10:00,11.4,,,,5.9,,320,,51,,6.9,1.6,1018,,1020.5,,.1,,.26,,,,9,7,ScAs,11,3536,,,10.1,,10.6,10.8,13.7,12.5
184,力林,2024-12-05 11:00,11.8,,,,5.9,,320,,49,,6.8,1.4,1017.7,,1020.2,,.2,,.6,,,,4,4,Sc,11,3670,,,11.1,,10.9,10.9,13.7,12.4
184,力林,2024-12-05 12:00,13.1,,,,5.5,,290,,44,,6.6,1.1,1017.4,,1019.9,,.7,,1.54,,,,6,6,Sc,11,4192,,,14,,11.7,11.1,13.7,12.4
184,力林,2024-12-05 13:00,12.6,,,,5.7,,320,,46,,6.7,1.2,1016.8,,1019.3,,.3,,1.04,,,,8,8,Sc,12,3955,,,13.9,,12.1,11.5,13.8,12.4
184,力林,2024-12-05 14:00,12.3,,,,5,,320,,47,,6.7,1.2,1016.4,,1018.9,,.3,,1.02,,,,9,9,Sc,12,3246,,,13.8,,12.4,11.7,14,12.4
184,力林,2024-12-05 15:00,12,,,,5,,320,,51,,7.1,2.1,1016.2,,1018.7,,0,,.46,,,,9,8,ScAc,11,2843,,,13,,12.3,11.9,14.2,12.4
184,力林,2024-12-05 16:00,11.6,,,,5.6,,320,,55,,7.5,2.8,1016.3,,1018.8,,0,,.22,,,,9,8,ScAs,11,3339,,,12.1,,12.2,12,14.3,12.4
184,力林,2024-12-05 17:00,11.3,,,,4.9,,320,,54,,7.2,2.3,1016.5,,1019,,0,,.06,,,,9,9,Sc,11,3084,,,11.2,,12,12,14.4,12.5
184,力林,2024-12-05 18:00,11.2,,,,5.4,,320,,53,,7,1.9,1016.7,,1019.2,,0,,0,,,,4,4,Sc,10,2631,,,10.1,,11.8,11.9,14.4,12.5
184,力林,2024-12-05 19:00,11.3,,,,5.5,,320,,47,,6.2,.3,1016.9,,1019.4,,,9,,9,,,7,7,,14,3012,,,9.7,,11.6,11.8,14.4,12.5
184,力林,2024-12-05 20:00,11.2,,,,6.1,,320,,47,,6.2,.2,1017.4,,1019.9,,,9,,9,,,6,4,,14,3913,,,9.4,,11.4,11.7,14.4,12.5
184,力林,2024-12-05 21:00,11,,,,4.9,,320,,43,,5.6,-1.1,1017.6,,1020.1,,,9,,9,,,8,7,ScAc,10,4558,,,8.9,,11.2,11.6,14.4,12.6
184,力林,2024-12-05 22:00,10.9,,,,5.3,,320,,44,,5.8,-.8,1017.7,,1020.2,,,9,,9,,,3,3,,15,4759,,,8.6,,11,11.5,14.3,12.6
184,力林,2024-12-05 23:00,11.1,,,,4.1,,320,,44,,5.8,-.7,1017.6,,1020.1,,,9,,9,,,9,9,,16,4967,,,9,,10.9,11.4,14.2,12.6
184,力林,2024-12-06 00:00,11,,,,4.8,,320,,45,,5.9,-.4,1017.4,,1019.9,,,9,,9,,,5,5,Sc,11,5000,,,8.7,,10.9,11.3,14.2,12.6
184,力林,2024-12-06 01:00,11.2,,,,5.4,,320,,45,,6,-.3,1017.2,,1019.7,,,9,,9,,,6,6,,15,4755,,,9,,10.8,11.2,14.1,12.6
184,力林,2024-12-06 02:00,11.4,,,,5.4,,320,,45,,6.1,-.1,1017.3,,1019.8,,,9,,9,,,9,9,,14,4963,,,9.3,,10.8,11.2,14,12.6
184,力林,2024-12-06 03:00,11.5,,,,6.4,,320,,47,,6.3,.5,1017.3,,1019.8,,,9,,9,,,7,7,Sc,10,4987,,,9.1,,10.7,11.1,14,12.5
184,力林,2024-12-06 04:00,11.5,,,,5.7,,320,,45,,6.1,0,1017.5,,1020,,,9,,9,,,4,4,Sc,12,3269,,,8.9,,10.7,11.1,13.9,12.5
184,力林,2024-12-06 05:00,11.3,,,,5.8,,340,,50,,6.7,1.2,1017.4,,1019.9,,,9,,9,,,4,4,Sc,11,2416,,,8.9,,10.6,11,13.9,12.5
184,力林,2024-12-06 06:00,11.1,,,,4.6,,340,,49,,6.4,.7,1017.6,,1020.1,,,9,,9,,,7,5,ScAc,11,2252,,,8.6,,10.5,11,13.9,12.5
184,力林,2024-12-06 07:00,10.9,,,,4.6,,320,,47,,6.1,0,1017.4,,1019.9,,,9,,9,,,0,0,,,2452,,,8.2,,10.5,10.9,13.8,12.5
184,力林,2024-12-06 08:00,11.1,,,,4.6,,320,,43,,5.7,-1,1017.9,,1020.4,,0,,.04,,,,9,2,ScCi,10,2580,,,8.4,,10.4,10.9,13.8,12.4
184,力林,2024-12-06 09:00,11.5,,,,4.6,,320,,43,,5.8,-.6,1018.2,,1020.7,,0,,.16,,,,10,3,ScCs,9,3001,,,9.5,,10.5,10.8,13.7,12.4
184,力林,2024-12-06 10:00,12.1,,,,3.8,,290,,47,,6.6,1.1,1018.8,,1021.3,,.1,,.44,,,,10,2,ScCs,11,2552,,,11,,10.8,10.9,13.7,12.4
184,力林,2024-12-06 11:00,12.6,,,,3.6,,320,,45,,6.5,.9,1018.7,,1021.2,,.2,,.73,,,,8,3,ScCi,10,3259,,,12.7,,11.3,11,13.7,12.4
184,力林,2024-12-06 12:00,13.1,,,,3.2,,340,,41,,6.2,.1,1018.2,,1020.7,,.1,,1.05,,,,10,1,ScCs,12,3225,,,14.5,,11.9,11.3,13.7,12.4
184,力林,2024-12-06 13:00,12.7,,,,4,,290,,42,,6.1,0,1017.9,,1020.4,,.1,,.83,,,,10,3,ScAs,11,3422,,,14.5,,12.3,11.6,13.9,12.4
184,力林,2024-12-06 14:00,12.8,,,,4.4,,320,,42,,6.2,.1,1017.4,,1019.9,,.2,,.94,,,,9,6,ScAs,11,4063,,,15.1,,12.6,11.9,14.1,12.4
184,力林,2024-12-06 15:00,12.3,,,,5,,320,,46,,6.5,.9,1017.7,,1020.2,,0,,.57,,,,10,6,ScAs,10,3636,,,14,,12.7,12.1,14.2,12.4
184,力林,2024-12-06 16:00,11.8,,,,4.9,,320,,48,,6.6,1.1,1018,,1020.5,,0,,.27,,,,6,6,Sc,10,3820,,,12.7,,12.5,12.2,14.4,12.4
184,力林,2024-12-06 17:00,11.4,,,,5.7,,320,,48,,6.4,.7,1018.4,,1020.9,,0,,.05,,,,8,8,Sc,10,2851,,,11.5,,12.3,12.2,14.5,12.4
184,力林,2024-12-06 18:00,11.3,,,,5.8,,320,,45,,6,-.2,1018.9,,1021.4,,0,,0,,,,6,6,Sc,11,3420,,,10.6,,12,12.1,14.5,12.5
184,力林,2024-12-06 19:00,10.9,,,,4.8,,360,,54,,7,1.9,1019.7,,1022.2,,,9,,9,,,9,9,,10,4975,,,10.5,,11.8,11.9,14.5,12.5
184,力林,2024-12-06 20:00,10.3,,,,6.6,,20,,59,,7.4,2.6,1019.9,,1022.4,,,9,,9,,,7,4,,10,5000,,,9.9,,11.6,11.9,14.5,12.5
184,力林,2024-12-06 21:00,9.7,,,,5.3,,360,,55,,6.6,1,1020.7,,1023.2,,,9,,9,,,6,6,Sc,13,5000,,,9,,11.4,11.7,14.5,12.5
184,力林,2024-12-06 22:00,9.4,,,,5.3,,20,,56,,6.6,1,1020.7,,1023.2,,,9,,9,,,7,7,,11,5000,,,8.8,,11.1,11.6,14.4,12.6
184,力林,2024-12-06 23:00,8.9,,,,5,,20,,54,,6.1,0,1021,,1023.6,,,9,,9,,,6,3,,10,5000,,,8.3,,10.9,11.4,14.3,12.6
184,力林,2024-12-07 00:00,8.7,,,,5.2,,20,,52,,5.8,-.6,1021.4,,1024,,,9,,9,,,8,5,ScCi,12,5000,,,7.9,,10.7,11.3,14.2,12.6
184,力林,2024-12-07 01:00,8.5,,,,5.1,,20,,49,,5.4,-1.6,1021.7,,1024.3,,,9,,9,,,8,1,,12,5000,,,7.6,,10.5,11.1,14.1,12.6
184,力林,2024-12-07 02:00,8.5,,,,2.8,,360,,52,,5.8,-.8,1022.7,,1025.3,,,9,,9,,,9,6,,12,5000,,,7.7,,10.3,11,14,12.5
184,力林,2024-12-07 03:00,8.6,,,,4.3,,20,,53,,5.9,-.4,1022.4,,1025,,,9,,9,,,7,6,ScCi,12,5000,,,7.9,,10.2,10.9,13.9,12.5
184,力林,2024-12-07 04:00,8.6,,,,4.4,,20,,52,,5.8,-.7,1021.8,,1024.4,,,9,,9,,,6,6,Sc,12,5000,,,7.3,,10.1,10.8,13.8,12.5
184,力林,2024-12-07 05:00,8.5,,,,4,,20,,50,,5.6,-1.3,1021.5,,1024.1,,,9,,9,,,7,3,ScCi,10,5000,,,6.9,,9.9,10.7,13.7,12.5
184,力林,2024-12-07 06:00,8,,,,1.7,,20,,53,,5.7,-1,1021.7,,1024.3,,,9,,9,,,6,2,ScCi,10,5000,,,6.3,,9.7,10.5,13.6,12.4
184,力林,2024-12-07 07:00,7.2,,,,1.3,,140,,60,,6.1,0,1022,,1024.6,,,9,,9,,,6,6,Sc,12,5000,,,6.6,,9.5,10.4,13.5,12.4
184,力林,2024-12-07 08:00,7.5,,,,3.2,,50,,53,,5.5,-1.4,1022.9,,1025.5,,0,,0,,,,5,3,ScAc,9,5000,,,6.2,,9.3,10.2,13.4,12.3
184,力林,2024-12-07 09:00,7.8,,,,1.7,,160,,55,,5.8,-.6,1023,,1025.6,,.5,,.32,,,,0,0,,,5000,,,6.5,,9.3,10.1,13.3,12.3
184,力林,2024-12-07 10:00,10.2,,,,1.5,,110,,42,,5.2,-2.1,1022.9,,1025.5,,1,,1.02,,,,0,0,,,5000,,,8.3,,9.9,10.1,13.2,12.3
184,力林,2024-12-07 11:00,11.9,,,,2.5,,50,,37,,5.2,-2.3,1021.9,,1024.4,,1,,1.52,,,,1,1,Sc,10,5000,,,11.4,,10.8,10.3,13.1,12.2
184,力林,2024-12-07 12:00,12.2,,,,2.6,,20,,36,,5.1,-2.4,1021.4,,1023.9,,1,,1.84,,,,1,1,Sc,13,5000,,,14.8,,11.8,10.7,13.2,12.2
184,力林,2024-12-07 13:00,12.7,,,,3,,270,,33,,4.9,-3.1,1020.9,,1023.4,,1,,1.92,,,,6,0,Ci,,4910,,,17,,12.7,11.2,13.4,12.1
184,力林,2024-12-07 14:00,12.3,,,,3.9,,270,,35,,5,-2.7,1019.9,,1022.4,,1,,1.63,,,,7,5,ScCi,9,4974,,,17.4,,13.3,11.8,13.7,12.1
184,力林,2024-12-07 15:00,11.6,,,,3.2,,290,,42,,5.8,-.8,1019.7,,1022.2,,.3,,.75,,,,9,7,ScAcCi,11,4887,,,14.8,,13.3,12.1,14,12.1
184,力林,2024-12-07 16:00,11.1,,,9,4.5,,290,,45,,5.9,-.4,1019.7,,1022.2,,0,,.05,,,,10,8,ScAs,9,3764,,01,12.4,,12.8,12.2,14.2,12.1
184,力林,2024-12-07 17:00,10.3,,,9,4.8,,290,,58,,7.2,2.3,1019.8,,1022.3,,0,,.02,,,,10,9,ScAs,9,4019,,01,10.8,,12.3,12.2,14.4,12.2
184,力林,2024-12-07 18:00,9.4,,0,,5.4,,340,,66,,7.7,3.3,1020.5,,1023,,0,,0,,,,10,7,ScAs,8,5000,,01,10,,12,12,14.4,12.3
184,力林,2024-12-07 19:00,9.5,,,9,5.9,,340,,56,,6.6,1.1,1020.8,,1023.3,,,9,,9,,,10,8,ScAs,8,4784,,01,9.7,,11.7,11.9,14.4,12.3
184,力林,2024-12-07 20:00,9.3,,,9,4.7,,360,,62,,7.2,2.3,1020.9,,1023.4,,,9,,9,,,10,6,StNs,7,4963,,01,9.4,,11.5,11.8,14.4,12.3
184,力林,2024-12-07 21:00,7.8,,.1,,8.2,,340,,77,,8.1,4,1021.5,,1024.1,,,9,,9,,,10,9,StNs,5,1397,,01,8.8,,11.2,11.6,14.3,12.3
184,力林,2024-12-07 22:00,7.4,,,9,9,,320,,76,,7.8,3.4,1021.9,,1024.5,,,9,,9,,,10,9,StNs,5,1311,,01,8.3,,10.9,11.5,14.2,12.4
184,力林,2024-12-07 23:00,7.9,,,9,5.5,,360,,73,,7.7,3.3,1021.6,,1024.2,,,9,,9,,,10,7,ScAs,7,4659,,01,8.1,,10.6,11.3,14.2,12.4
184,力林,2024-12-08 00:00,8.4,,.7,,8.5,,340,,54,,6,-.3,1021.9,,1024.5,,,9,,9,,,10,7,ScAs,7,5000,,01,7.5,,10.4,11.1,14.1,12.4
184,力林,2024-12-08 01:00,8.3,,,9,9,,340,,57,,6.2,.2,1021.9,,1024.5,,,9,,9,,,10,8,ScAs,8,4648,,1301,7.1,,10.2,11,14,12.4
184,力林,2024-12-08 02:00,6.2,,,9,8.6,,320,,69,,6.5,.9,1022.3,,1024.9,,,9,,9,,,9,9,CuSc,7,4389,,1301,6.8,,9.9,10.8,13.9,12.4
184,力林,2024-12-08 03:00,6.2,,.6,,8.8,,360,,57,,5.4,-1.7,1022.8,,1025.4,,,9,,9,,,8,8,CuSc,8,5000,,1301,5.8,,9.6,10.6,13.8,12.4
184,力林,2024-12-08 04:00,6.6,,,9,6,,340,,58,,5.7,-1,1022.7,,1025.3,,,9,,9,,,10,6,ScAs,10,5000,,01,5.9,,9.3,10.4,13.6,12.4
184,力林,2024-12-08 05:00,7.3,,,9,7,,340,,58,,5.9,-.4,1022.3,,1024.9,,,9,,9,,,10,8,CbScNs,5,3754,,1301,6.2,,9.3,10.3,13.5,12.3
184,力林,2024-12-08 06:00,7.4,,0,,6.7,,360,,54,,5.6,-1.3,1022.9,,1025.5,,,9,,9,,,9,9,Sc,10,4969,,01,6.3,,9.2,10.2,13.4,12.3
184,力林,2024-12-08 07:00,7.5,,,9,5.8,,360,,51,,5.3,-2,1023.5,,1026.1,,,9,,9,,,9,9,Sc,11,5000,,,5.8,,9,10.1,13.3,12.3
184,力林,2024-12-08 08:00,7.4,,,9,4.4,,340,,47,,4.9,-3.1,1024.1,,1026.7,,0,,0,,,,9,9,Sc,12,5000,,,6,,9,9.9,13.2,12.2
184,力林,2024-12-08 09:00,7.9,,0,,6.4,,360,,50,,5.3,-1.9,1024.3,,1026.9,,0,,.01,,,,9,9,Sc,10,4985,,01,6.7,,9,9.9,13.1,12.2
184,力林,2024-12-08 10:00,8,,,9,7.1,,360,,48,,5.2,-2.3,1024.9,,1027.5,,0,,.08,,,,10,8,ScAs,9,4914,,,7.2,,9.1,9.8,13,12.1
184,力林,2024-12-08 11:00,8.1,,,9,5.7,,360,,50,,5.4,-1.7,1025.7,,1028.3,,0,,.12,,,,10,9,ScAs,12,5000,,,7.6,,9.1,9.8,12.9,12.1
184,力林,2024-12-08 12:00,8,,,9,6,,360,,52,,5.6,-1.2,1025,,1027.6,,0,,.22,,,,10,9,ScAs,10,5000,,,8,,9.2,9.8,12.9,12
184,力林,2024-12-08 13:00,7.9,,,9,5.1,,340,,52,,5.6,-1.3,1023.9,,1026.5,,0,,.19,,,,10,8,ScAs,10,4960,,,8,,9.3,9.9,12.9,12
184,力林,2024-12-08 14:00,8,,,9,5.1,,340,,53,,5.7,-1,1023.9,,1026.5,,0,,.15,,,,10,8,ScAs,12,4989,,,8.1,,9.4,9.9,12.9,11.9
184,力林,2024-12-08 15:00,8.1,,,9,4.5,,340,,53,,5.7,-.9,1023.6,,1026.2,,0,,.12,,,,10,9,ScAs,12,4973,,,7.9,,9.4,9.9,12.8,11.9
184,力林,2024-12-08 16:00,8.2,,,9,4.2,,340,,54,,5.9,-.5,1023.2,,1025.8,,0,,.05,,,,9,9,Sc,11,4966,,,7.8,,9.4,9.9,12.9,11.9
184,力林,2024-12-08 17:00,8.2,,,9,4.3,,340,,52,,5.7,-1,1023.4,,1026,,0,,.03,,,,9,9,Sc,13,5000,,,7.5,,9.4,9.9,12.9,11.9
184,力林,2024-12-08 18:00,8.3,,,9,5,,360,,53,,5.8,-.7,1023.4,,1026,,0,,0,,,,8,8,Sc,11,5000,,,7.2,,9.4,9.9,12.8,11.8
184,力林,2024-12-08 19:00,8,,,9,5.1,,340,,55,,5.9,-.5,1023.9,,1026.5,,,9,,9,,,7,7,,13,5000,,,6.7,,9.3,9.9,12.8,11.8
184,力林,2024-12-08 20:00,8,,,9,4.1,,360,,57,,6.1,0,1024,,1026.6,,,9,,9,,,9,9,,11,5000,,,6.9,,9.2,9.8,12.8,11.8
184,力林,2024-12-08 21:00,8,,,9,4.4,,360,,56,,6,-.2,1024.1,,1026.7,,,9,,9,,,8,8,Sc,10,5000,,,6.9,,9.1,9.7,12.8,11.7
184,力林,2024-12-08 22:00,7.8,,,9,5.4,,20,,59,,6.2,.2,1024.1,,1026.7,,,9,,9,,,7,7,,10,5000,,,6.5,,9,9.7,12.7,11.7
184,力林,2024-12-08 23:00,7.6,,,9,4.3,,360,,59,,6.1,0,1024.3,,1026.9,,,9,,9,,,8,8,,9,5000,,,6.6,,9,9.6,12.7,11.7
184,力林,2024-12-09 00:00,7.3,,,9,2.1,,20,,61,,6.2,.2,1024,,1026.6,,,9,,9,,,6,4,ScCi,11,5000,,,6.1,,8.9,9.6,12.6,11.7
184,力林,2024-12-09 01:00,6.8,,,,.9,,50,,60,,5.9,-.4,1023.7,,1026.3,,,9,,9,,,7,1,,15,5000,,,5.6,,8.7,9.5,12.6,11.6
184,力林,2024-12-09 02:00,6.9,,,,1.8,,140,,62,,6.2,.1,1023.8,,1026.4,,,9,,9,,,9,9,,10,5000,,,6.5,,8.7,9.4,12.5,11.6
184,力林,2024-12-09 03:00,7.2,,,,2.8,,270,,61,,6.2,.1,1023.7,,1026.3,,,9,,9,,,9,9,Sc,10,5000,,,6.7,,8.7,9.3,12.4,11.6
184,力林,2024-12-09 04:00,7.5,,,,1.3,,160,,61,,6.3,.4,1023.3,,1025.9,,,9,,9,,,9,9,Sc,9,5000,,,6.9,,8.8,9.3,12.4,11.5
184,力林,2024-12-09 05:00,7.8,,,,2,,200,,63,,6.6,1.1,1022.9,,1025.5,,,9,,9,,,9,9,Sc,9,5000,,,7.1,,8.8,9.3,12.3,11.5
184,力林,2024-12-09 06:00,8,,,,1.5,,180,,63,,6.7,1.3,1022.9,,1025.5,,,9,,9,,,9,9,Sc,11,5000,,,7.3,,8.8,9.3,12.3,11.5
184,力林,2024-12-09 07:00,8.8,,,,5.1,,20,,62,,7,1.9,1023.5,,1026.1,,,9,,9,,,7,7,Sc,10,5000,,,7.3,,8.9,9.4,12.3,11.5
184,力林,2024-12-09 08:00,8.8,,,,4.2,,340,,60,,6.8,1.4,1023.5,,1026.1,,0,,0,,,,8,8,Sc,10,5000,,,7.3,,8.9,9.4,12.3,11.4
184,力林,2024-12-09 09:00,8.9,,,,3.2,,360,,60,,6.8,1.5,1023.8,,1026.4,,0,,.09,,,,9,9,Sc,9,5000,,,8.2,,9.1,9.4,12.3,11.4
184,力林,2024-12-09 10:00,9.2,,,,3.4,,360,,55,,6.4,.6,1023.9,,1026.5,,0,,.15,,,,9,9,Sc,11,5000,,,8.7,,9.2,9.4,12.3,11.4
184,力林,2024-12-09 11:00,9.8,,,,3.4,,340,,52,,6.2,.3,1023.9,,1026.5,,0,,.31,,,,9,9,Sc,12,5000,,,9.6,,9.5,9.6,12.3,11.3
184,力林,2024-12-09 12:00,10.1,,,,4.6,,320,,48,,5.9,-.4,1023.4,,1026,,0,,.38,,,,9,9,Sc,13,4794,,,9.9,,9.8,9.7,12.4,11.3
184,力林,2024-12-09 13:00,10.7,,,,4.1,,340,,46,,5.9,-.4,1022.2,,1024.7,,.1,,.8,,,,9,9,Sc,13,4711,,,11.9,,10.2,9.9,12.4,11.3
184,力林,2024-12-09 14:00,10.3,,,,3.5,,320,,51,,6.3,.5,1021.4,,1023.9,,0,,.27,,,,9,9,Sc,13,5000,,,10.5,,10.4,10.1,12.6,11.3
184,力林,2024-12-09 15:00,10.5,,,,3.3,,340,,53,,6.7,1.3,1020.7,,1023.2,,0,,.4,,,,8,8,Sc,12,5000,,,11,,10.5,10.3,12.7,11.3
184,力林,2024-12-09 16:00,10.4,,,,3.9,,290,,48,,6.1,-.1,1021.1,,1023.6,,0,,.29,,,,8,8,Sc,11,5000,,,10.3,,10.6,10.4,12.8,11.3
184,力林,2024-12-09 17:00,9.8,,,,4,,290,,47,,5.7,-.9,1021.2,,1023.7,,0,,.11,,,,8,8,Sc,11,5000,,,9.3,,10.5,10.4,12.9,11.3
184,力林,2024-12-09 18:00,9.6,,,,4,,340,,53,,6.3,.4,1020.9,,1023.4,,0,,0,,,,9,9,Sc,10,5000,,,8.7,,10.3,10.4,12.9,11.4
184,力林,2024-12-09 19:00,9.5,,,,3.8,,320,,48,,5.7,-.9,1021.1,,1023.6,,,9,,9,,,9,9,,13,5000,,,8,,10.1,10.3,13,11.4
184,力林,2024-12-09 20:00,9.5,,,,4.1,,320,,50,,5.9,-.4,1021.1,,1023.6,,,9,,9,,,8,8,,13,5000,,,8.1,,10,10.3,13,11.4
184,力林,2024-12-09 21:00,9.1,,,,3.5,,340,,53,,6.1,0,1021.4,,1024,,,9,,9,,,8,7,ScAc,11,5000,,,7.5,,9.8,10.2,12.9,11.4
184,力林,2024-12-09 22:00,8.8,,,,2.6,,290,,54,,6.1,0,1021.2,,1023.8,,,9,,9,,,8,2,,12,4828,,,7.4,,9.7,10.1,12.9,11.4
184,力林,2024-12-09 23:00,8.9,,,,2.7,,320,,54,,6.1,0,1021.3,,1023.9,,,9,,9,,,8,7,,12,4424,,,7.5,,9.6,10,12.9,11.4
184,力林,2024-12-10 00:00,9,,,,2.9,,290,,53,,6.1,0,1021.3,,1023.9,,,9,,9,,,9,9,Sc,11,4534,,,7.4,,9.6,9.9,12.8,11.4
184,力林,2024-12-10 01:00,8.9,,,,2.9,,340,,58,,6.6,1,1021,,1023.6,,,9,,9,,,9,5,,11,4884,,,7.2,,9.4,9.9,12.8,11.4
184,力林,2024-12-10 02:00,9.2,,,,3.3,,320,,55,,6.4,.6,1021.2,,1023.8,,,9,,9,,,10,9,,11,5000,,,7.6,,9.4,9.8,12.7,11.4
184,力林,2024-12-10 03:00,9.3,,,,2.8,,340,,55,,6.4,.7,1021.2,,1023.7,,,9,,9,,,9,9,Sc,10,5000,,,7.7,,9.4,9.8,12.7,11.4
184,力林,2024-12-10 04:00,9.2,,,,2.4,,340,,54,,6.2,.3,1021.3,,1023.9,,,9,,9,,,9,9,Sc,11,5000,,,7.7,,9.4,9.7,12.6,11.4
184,力林,2024-12-10 05:00,9.2,,,,4.3,,340,,52,,6.1,-.1,1021.4,,1024,,,9,,9,,,9,9,Sc,11,5000,,,7.6,,9.4,9.7,12.6,11.4
184,力林,2024-12-10 06:00,9.3,,,,3.6,,320,,53,,6.2,.1,1021.5,,1024.1,,,9,,9,,,9,9,Sc,11,5000,,,7.7,,9.4,9.7,12.6,11.4
184,力林,2024-12-10 07:00,9.4,,,,3.8,,360,,50,,5.9,-.5,1021.8,,1024.4,,,9,,9,,,10,8,ScAs,12,5000,,,7.6,,9.4,9.7,12.5,11.4
184,力林,2024-12-10 08:00,9.5,,,,3.1,,340,,54,,6.4,.6,1021.7,,1024.2,,0,,0,,,,9,9,Sc,12,5000,,,7.8,,9.4,9.7,12.5,11.3
184,力林,2024-12-10 09:00,9.8,,,,3.7,,320,,50,,6.1,-.1,1022,,1024.5,,0,,.12,,,,8,8,Sc,13,5000,,,8.3,,9.4,9.7,12.5,11.3
184,力林,2024-12-10 10:00,10,,,,4.8,,20,,51,,6.2,.3,1021.9,,1024.5,,0,,.19,,,,9,9,Sc,12,5000,,,9.2,,9.6,9.7,12.5,11.3
184,力林,2024-12-10 11:00,10.3,,,9,3.9,,20,,53,,6.6,1.1,1021.6,,1024.1,,.1,,.59,,,,6,6,Sc,11,5000,,,10.1,,9.9,9.8,12.5,11.3
184,力林,2024-12-10 12:00,11.4,,,,3.9,,360,,46,,6.2,.1,1020.8,,1023.3,,.5,,1.23,,,,5,5,Sc,12,5000,,,12.7,,10.6,10,12.6,11.3
184,力林,2024-12-10 13:00,11.9,,,,3.1,,20,,42,,5.8,-.6,1020,,1022.5,,.9,,1.65,,,,3,3,Sc,13,5000,,,14.8,,11.4,10.3,12.6,11.3
184,力林,2024-12-10 14:00,12.8,,,,3.5,,360,,41,,6.1,-.1,1019.7,,1022.2,,.9,,1.92,,,,5,5,Sc,12,5000,,,16.9,,12.4,10.8,12.8,11.3
184,力林,2024-12-10 15:00,11.6,,,,3.3,,320,,45,,6.1,0,1019.4,,1021.9,,.5,,1.16,,,,5,5,Sc,12,5000,,,14.4,,12.7,11.3,13.1,11.3
184,力林,2024-12-10 16:00,10.7,,,,3.2,,340,,50,,6.4,.6,1019.6,,1022.1,,.1,,.38,,,,8,8,Sc,11,4992,,,12.8,,12.4,11.5,13.4,11.3
184,力林,2024-12-10 17:00,9.9,,,,3.6,,340,,50,,6.1,0,1019.7,,1022.2,,0,,.11,,,,7,7,Sc,12,4981,,,11.2,,12,11.6,13.5,11.4
184,力林,2024-12-10 18:00,9.5,,,,4.1,,320,,53,,6.2,.3,1019.9,,1022.4,,0,,.01,,,,7,7,Sc,11,4878,,,10,,11.6,11.5,13.7,11.4
184,力林,2024-12-10 19:00,8.9,,,,2.6,,320,,53,,6.1,-.1,1019.8,,1022.4,,,9,,9,,,3,3,,11,5000,,,8.5,,11.1,11.3,13.7,11.5
184,力林,2024-12-10 20:00,8.7,,,,2.6,,360,,55,,6.2,.1,1019.6,,1022.2,,,9,,9,,,4,4,,11,4968,,,8.2,,10.8,11.1,13.7,11.6
184,力林,2024-12-10 21:00,8.7,,,,2.7,,290,,57,,6.4,.6,1020.1,,1022.7,,,9,,9,,,4,4,Sc,14,4902,,,8.1,,10.5,10.9,13.6,11.6
184,力林,2024-12-10 22:00,8.4,,,,2.5,,290,,55,,6.1,-.1,1020,,1022.6,,,9,,9,,,7,0,,,4970,,,7.3,,10.2,10.7,13.5,11.6
184,力林,2024-12-10 23:00,8.4,,,,2.4,,250,,56,,6.2,.1,1019.7,,1022.3,,,9,,9,,,8,8,,11,4497,,,7.6,,10,10.5,13.4,11.7
184,力林,2024-12-11 00:00,8.8,,,,3.2,,340,,56,,6.3,.4,1020.2,,1022.8,,,9,,9,,,10,10,As,28,4934,,,8,,10,10.4,13.3,11.7
184,力林,2024-12-11 01:00,8.8,,,,3.6,,340,,52,,5.9,-.5,1020.4,,1023,,,9,,9,,,10,10,,10,5000,,,8.1,,10,10.4,13.2,11.7
184,力林,2024-12-11 02:00,8.7,,,,2.8,,340,,60,,6.7,1.3,1019.6,,1022.2,,,9,,9,,,10,6,,13,4974,,,8,,9.9,10.3,13.1,11.7
184,力林,2024-12-11 03:00,8.7,,,,3.5,,360,,61,,6.8,1.5,1019.4,,1022,,,9,,9,,,10,6,ScAs,10,4587,,,8.1,,9.9,10.2,13.1,11.6
184,力林,2024-12-11 04:00,8.8,,,,3.4,,360,,61,,6.9,1.6,1019.4,,1022,,,9,,9,,,10,4,ScAs,9,3842,,,8.1,,9.8,10.2,13,11.6
184,力林,2024-12-11 05:00,8.7,,,,3.1,,340,,61,,6.8,1.5,1019.3,,1021.9,,,9,,9,,,10,5,ScAs,10,4130,,,8.1,,9.8,10.2,13,11.6
184,力林,2024-12-11 06:00,8.8,,,,3.5,,360,,62,,7,1.9,1019.3,,1021.9,,,9,,9,,,10,7,ScAs,9,3788,,,8.1,,9.8,10.1,12.9,11.6
184,力林,2024-12-11 07:00,8.7,,,,3.5,,360,,61,,6.8,1.5,1019.4,,1022,,,9,,9,,,8,6,ScAc,9,4070,,,8.1,,9.7,10.1,12.9,11.5
184,力林,2024-12-11 08:00,8.8,,,,3.3,,360,,60,,6.8,1.4,1019.5,,1022.1,,0,,.01,,,,10,7,ScAs,9,4446,,,8.2,,9.7,10.1,12.8,11.5
184,力林,2024-12-11 09:00,9,,,,4,,360,,60,,6.9,1.6,1019.9,,1022.5,,0,,.04,,,,10,8,ScAs,9,3817,,,8.6,,9.7,10,12.8,11.5
184,力林,2024-12-11 10:00,9.5,,,,2.5,,340,,56,,6.6,1.1,1020.2,,1022.7,,0,,.28,,,,10,7,ScAs,9,3772,,,10,,9.9,10,12.8,11.5
184,力林,2024-12-11 11:00,9.9,,,,4,,360,,60,,7.3,2.4,1020,,1022.5,,0,,.47,,,,9,5,ScAc,8,3436,,,11.3,,10.2,10.2,12.8,11.5
184,力林,2024-12-11 12:00,10.3,,,,2.7,,360,,58,,7.2,2.3,1018.9,,1021.4,,0,,.81,,,,8,8,Sc,8,3742,,,13,,10.6,10.3,12.8,11.5
184,力林,2024-12-11 13:00,10.1,,,,4,,340,,46,,5.7,-1,1018.3,,1020.8,,0,,.59,,,,10,5,ScAs,11,5000,,,12.6,,11,10.6,12.9,11.5
184,力林,2024-12-11 14:00,10.3,,,,3.7,,320,,43,,5.4,-1.7,1017.6,,1020.1,,0,,.68,,,,10,2,ScAs,12,3818,,,13,,11.2,10.8,13.1,11.4
184,力林,2024-12-11 15:00,10.7,,,,2.9,,340,,47,,6.1,-.1,1017,,1019.5,,.1,,.73,,,,4,2,ScCi,12,4929,,,12.9,,11.4,10.9,13.2,11.5
184,力林,2024-12-11 16:00,11.5,,,,2.4,,360,,45,,6.1,0,1017.4,,1019.9,,.9,,.93,,,,2,1,ScCi,12,5000,,,10.9,,11.6,11.1,13.3,11.5
184,力林,2024-12-11 17:00,10.2,,,,2.6,,320,,54,,6.7,1.2,1018,,1020.5,,.4,,.27,,,,7,6,ScCi,11,4786,,,9.9,,11.3,11.1,13.4,11.5
184,力林,2024-12-11 18:00,9.7,,,,4,,360,,50,,6,-.2,1018.2,,1020.7,,0,,0,,,,4,0,Ci,,5000,,,8.5,,11,11,13.5,11.5
184,力林,2024-12-11 19:00,9.4,,,,3.9,,360,,47,,5.6,-1.3,1019.1,,1021.6,,,9,,9,,,4,2,,58,5000,,,7.6,,10.6,10.9,13.5,11.6
184,力林,2024-12-11 20:00,9.4,,,,5.2,,360,,53,,6.2,.2,1019.9,,1022.4,,,9,,9,,,7,0,,,4883,,,7.6,,10.3,10.7,13.4,11.6
184,力林,2024-12-11 21:00,9.1,,,,5,,360,,62,,7.1,2.1,1020.2,,1022.7,,,9,,9,,,5,5,Sc,9,3908,,,7.7,,10.1,10.6,13.4,11.6
184,力林,2024-12-11 22:00,8.8,,,,5.1,,360,,63,,7.1,2.1,1020.6,,1023.2,,,9,,9,,,3,3,,9,3832,,,7.4,,10,10.4,13.3,11.6
184,力林,2024-12-11 23:00,8.6,,,,3.4,,360,,61,,6.8,1.4,1021.4,,1024,,,9,,9,,,3,3,,9,4611,,,7.5,,9.9,10.3,13.2,11.6
184,力林,2024-12-12 00:00,8.6,,,,3.8,,20,,57,,6.3,.5,1021.6,,1024.2,,,9,,9,,,7,7,Sc,10,5000,,,7.2,,9.7,10.2,13.1,11.6
184,力林,2024-12-12 01:00,8.5,,,,3.7,,360,,60,,6.6,1.1,1021.4,,1024,,,9,,9,,,3,3,,10,4994,,,7.2,,9.6,10.1,13,11.6
184,力林,2024-12-12 02:00,8.4,,,,4.7,,360,,59,,6.5,.8,1021.7,,1024.3,,,9,,9,,,7,7,,9,4967,,,7.6,,9.6,10,12.9,11.6
184,力林,2024-12-12 03:00,8.1,,,,3.3,,360,,61,,6.6,1,1021.7,,1024.3,,,9,,9,,,8,8,Sc,9,4835,,,7.5,,9.5,10,12.9,11.5
184,力林,2024-12-12 04:00,8,,,,3.3,,360,,61,,6.5,.9,1021.9,,1024.5,,,9,,9,,,8,8,Sc,9,4932,,,7.6,,9.4,9.9,12.8,11.5
184,力林,2024-12-12 05:00,7.6,,,,3,,320,,58,,6.1,-.1,1021.9,,1024.5,,,9,,9,,,8,8,Sc,9,4954,,,7.1,,9.3,9.8,12.8,11.5
184,力林,2024-12-12 06:00,7.6,,,,2.6,,360,,60,,6.2,.3,1022.2,,1024.8,,,9,,9,,,9,9,Sc,10,4960,,,7.3,,9.3,9.8,12.7,11.5
184,力林,2024-12-12 07:00,7.7,,,,3.1,,360,,58,,6.1,0,1022.5,,1025.1,,,9,,9,,,9,9,Sc,10,4929,,,7.3,,9.2,9.7,12.6,11.4
184,力林,2024-12-12 08:00,7.8,,,,3.3,,360,,58,,6.1,0,1022.3,,1024.9,,0,,0,,,,9,9,Sc,10,4803,,,7.5,,9.2,9.7,12.6,11.4
184,力林,2024-12-12 09:00,8,,,,3.4,,360,,54,,5.8,-.7,1022.8,,1025.4,,.1,,.19,,,,9,9,Sc,10,4997,,,8.3,,9.2,9.7,12.5,11.4
184,力林,2024-12-12 10:00,9.6,,,,2.8,,20,,52,,6.2,.2,1023.4,,1026,,.5,,.81,,,,7,7,Sc,11,4859,,,9.7,,9.7,9.7,12.5,11.4
184,力林,2024-12-12 11:00,10.4,,,,2.8,,340,,47,,5.9,-.4,1023,,1025.6,,.7,,1.42,,,,6,6,Sc,12,5000,,,12.1,,10.5,9.9,12.5,11.3
184,力林,2024-12-12 12:00,10.6,,,,2.9,,320,,46,,5.9,-.5,1022.2,,1024.7,,.7,,1.62,,,,5,5,Sc,10,4115,,,14.8,,11.3,10.3,12.6,11.3
184,力林,2024-12-12 13:00,11,,,,3.1,,320,,46,,6.1,-.1,1021.8,,1024.3,,.7,,1.87,,,,5,5,Sc,11,5000,,,16.7,,12.2,10.8,12.8,11.3
184,力林,2024-12-12 14:00,11.1,,,,3.9,,290,,46,,6.1,-.1,1021.3,,1023.8,,.8,,1.63,,,,6,6,Sc,11,5000,,,17.8,,12.8,11.2,13,11.3
184,力林,2024-12-12 15:00,11.2,,,,3.9,,320,,46,,6.1,0,1021,,1023.5,,.8,,1.5,,,,4,4,Sc,11,5000,,,16.6,,13.2,11.6,13.3,11.4
184,力林,2024-12-12 16:00,10.4,,,,4.1,,290,,46,,5.8,-.7,1021.5,,1024,,.5,,.77,,,,4,4,Sc,11,5000,,,13.5,,12.9,11.9,13.6,11.4
184,力林,2024-12-12 17:00,9.2,,,,3.5,,290,,52,,6.1,-.1,1021.8,,1024.4,,.3,,.25,,,,3,3,Sc,11,5000,,,11,,12.3,11.8,13.8,11.4
184,力林,2024-12-12 18:00,8.6,,,,4.5,,340,,56,,6.2,.3,1021.7,,1024.3,,0,,.02,,,,3,3,Sc,10,5000,,,9.5,,11.7,11.7,13.9,11.5
184,力林,2024-12-12 19:00,8.2,,,,3.1,,360,,52,,5.7,-1,1021.7,,1024.3,,,9,,9,,,0,0,,,5000,,,8.4,,11.3,11.5,13.9,11.6
184,力林,2024-12-12 20:00,7.8,,,,1.4,,20,,54,,5.7,-.9,1021.6,,1024.2,,,9,,9,,,0,0,,,5000,,,7.9,,10.8,11.2,13.8,11.6
184,力林,2024-12-12 21:00,7.6,,,,4,,360,,58,,6.1,-.1,1021.4,,1024,,,9,,9,,,2,2,Sc,10,5000,,,7.2,,10.5,11,13.7,11.7
184,力林,2024-12-12 22:00,7.2,,,,2.8,,360,,57,,5.8,-.7,1021.6,,1024.2,,,9,,9,,,6,6,,76,5000,,,6.6,,10.1,10.7,13.6,11.7
184,力林,2024-12-12 23:00,7.1,,,,2.3,,340,,56,,5.6,-1.1,1021.3,,1023.9,,,9,,9,,,3,3,,10,5000,,,6.3,,9.8,10.5,13.5,11.7
184,力林,2024-12-13 00:00,7.1,,,,2.5,,340,,61,,6.1,0,1021.6,,1024.2,,,9,,9,,,4,4,Sc,10,5000,,,6.5,,9.6,10.3,13.3,11.7
184,力林,2024-12-13 01:00,5.7,,,,2.5,,180,,62,,5.7,-1,1021.4,,1024,,,9,,9,,,0,0,,,5000,,,5.5,,9.3,10.1,13.2,11.7
184,力林,2024-12-13 02:00,5.1,,,,1.8,,180,,64,,5.6,-1.1,1021.3,,1023.9,,,9,,9,,,0,0,,,5000,,,5.5,,9,9.9,13,11.6
184,力林,2024-12-13 03:00,5.5,,,,1.6,,180,,64,,5.8,-.7,1020.8,,1023.4,,,9,,9,,,8,8,Sc,10,5000,,,6.1,,8.9,9.7,12.9,11.6
184,力林,2024-12-13 04:00,7.3,,,,2.5,,340,,62,,6.3,.4,1020.4,,1023,,,9,,9,,,8,7,ScCi,9,5000,,,6.7,,8.9,9.6,12.7,11.6
184,力林,2024-12-13 05:00,7.8,,,,3.9,,360,,62,,6.5,.9,1019,,1021.6,,,9,,9,,,8,8,Sc,9,5000,,,7.1,,9,9.6,12.6,11.5
184,力林,2024-12-13 06:00,7.8,,,,3.3,,360,,61,,6.4,.7,1018.3,,1020.9,,,9,,9,,,8,8,Sc,9,5000,,,7.1,,9,9.6,12.5,11.5
184,力林,2024-12-13 07:00,8,,,,3.8,,340,,58,,6.2,.2,1019.1,,1021.7,,,9,,9,,,9,9,Sc,10,5000,,,7.3,,9,9.5,12.5,11.4
184,力林,2024-12-13 08:00,8,,,9,4.2,,360,,61,,6.5,.9,1018.9,,1021.5,,0,,0,,,,10,9,ScAs,9,5000,,01,7.5,,9,9.5,12.4,11.4
184,力林,2024-12-13 09:00,7.7,,0,,5.7,,320,,60,,6.3,.4,1020.2,,1022.8,,0,,.02,,,,10,9,ScAs,8,2635,,01,7.6,,9.1,9.5,12.4,11.4
184,力林,2024-12-13 10:00,8,,,9,2.8,,320,,61,,6.5,.9,1019.7,,1022.3,,0,,.16,,,,9,7,ScAc,9,5000,,01,8.4,,9.1,9.5,12.4,11.3
184,力林,2024-12-13 11:00,8.7,,,9,4.3,,360,,59,,6.6,1.1,1018.8,,1021.4,,0,,.55,,,,9,8,ScAc,10,5000,,,10.1,,9.5,9.6,12.4,11.3
184,力林,2024-12-13 12:00,8.6,,0,,3.8,,320,,56,,6.2,.3,1019.6,,1022.2,,0,,.46,,,,10,5,ScAs,10,5000,,,10.4,,9.7,9.7,12.4,11.3
184,力林,2024-12-13 13:00,9.7,,,9,3.6,,320,,53,,6.3,.5,1017.9,,1020.4,,.3,,.94,,,,4,4,Sc,10,5000,,01,12.1,,10.2,9.9,12.5,11.3
184,力林,2024-12-13 14:00,9.8,,,9,5.4,,320,,50,,6.1,-.1,1017.1,,1019.6,,.2,,.79,,,,9,9,Sc,10,5000,,,11.9,,10.6,10.1,12.5,11.2
184,力林,2024-12-13 15:00,9.4,,0,,5.4,,320,,53,,6.2,.2,1016.9,,1019.4,,0,,.38,,,,8,6,CuScCi,8,5000,,01,10.7,,10.6,10.3,12.7,11.2
184,力林,2024-12-13 16:00,9.1,,,9,6.7,,320,,59,,6.8,1.4,1017,,1019.5,,0,,.37,,,,8,6,ScCi,10,5000,,01,10.3,,10.5,10.4,12.8,11.2
184,力林,2024-12-13 17:00,8.3,,,9,6,,320,,68,,7.4,2.7,1017.6,,1020.2,,0,,.09,,,,8,6,CuScCi,5,5000,,01,9,,10.2,10.4,12.8,11.2
184,力林,2024-12-13 18:00,8.8,,0,,7.3,,340,,63,,7.1,2.1,1017.6,,1020.1,,0,,0,,,,8,8,Sc,7,4794,,01,8.4,,10.1,10.3,12.9,11.2
184,力林,2024-12-13 19:00,8.1,,,9,9.7,,360,,71,,7.6,3.1,1018.4,,1021,,,9,,9,,,9,9,CuSc,7,1398,,01,8.2,,9.9,10.2,12.9,11.2
184,力林,2024-12-13 20:00,7.5,,,9,9.4,,20,,62,,6.4,.6,1020,,1022.6,,,9,,9,,,5,5,Sc,9,5000,,01,7,,9.6,10.1,12.8,11.3
184,力林,2024-12-13 21:00,7,,.3,,8.7,,20,,47,,4.7,-3.5,1020.7,,1023.3,,,9,,9,,,0,0,,,4908,,,5.7,,9.3,10,12.8,11.3
184,力林,2024-12-13 22:00,6.8,,,9,9.1,,20,,52,,5.2,-2.3,1021.4,,1024,,,9,,9,,,3,2,,12,4583,,,5.2,,9,9.7,12.7,11.3
184,力林,2024-12-13 23:00,6.7,,,9,7.9,,20,,54,,5.3,-1.9,1022.3,,1024.9,,,9,,9,,,3,3,,11,4157,,,5.2,,8.7,9.6,12.6,11.3
184,力林,2024-12-14 00:00,6.6,,,9,7.5,,20,,56,,5.5,-1.5,1022.4,,1025,,,9,,9,,,5,5,Sc,12,4511,,,5,,8.6,9.4,12.5,11.3
184,力林,2024-12-14 01:00,6.6,,,,7,,20,,54,,5.3,-2,1022.7,,1025.3,,,9,,9,,,6,6,,10,4680,,,5.4,,8.4,9.2,12.4,11.2
184,力林,2024-12-14 02:00,6.8,,,,7.3,,360,,57,,5.6,-1.1,1023,,1025.6,,,9,,9,,,10,7,,10,4685,,,5.6,,8.4,9.1,12.3,11.2
184,力林,2024-12-14 03:00,6.2,,0,,5.2,,360,,61,,5.8,-.7,1023.4,,1026,,,9,,9,,,8,8,Sc,9,4332,,01,5.4,,8.3,9,12.2,11.2
184,力林,2024-12-14 04:00,7.5,,,9,7.1,,340,,50,,5.2,-2.2,1022.8,,1025.4,,,9,,9,,,8,8,Sc,12,4509,,01,5.5,,8.3,9,12.1,11.1
184,力林,2024-12-14 05:00,7.6,,,9,7.3,,340,,49,,5.1,-2.4,1022.6,,1025.2,,,9,,9,,,7,7,Sc,14,4810,,01,5.7,,8.2,8.9,12,11.1
184,力林,2024-12-14 06:00,7.5,,0,,6.4,,360,,49,,5.1,-2.5,1022.8,,1025.4,,,9,,9,,,8,8,Sc,14,5000,,,5.8,,8.2,8.9,11.9,11.1
184,力林,2024-12-14 07:00,7.6,,,9,6.8,,320,,44,,4.6,-3.8,1023.7,,1026.3,,,9,,9,,,9,9,Sc,11,5000,,,5.9,,8.2,8.8,11.9,11.1
184,力林,2024-12-14 08:00,7.5,,,9,6.9,,320,,39,,4.1,-5.5,1024.2,,1026.8,,0,,0,,,,9,9,Sc,14,5000,,,6,,8.1,8.7,11.8,11
184,力林,2024-12-14 09:00,7.2,,0,,6.7,,340,,54,,5.5,-1.5,1024.8,,1027.4,,0,,.02,,,,8,8,CuSc,8,4047,,01,6.3,,8.2,8.7,11.8,11
184,力林,2024-12-14 10:00,7.4,,,9,7.3,,320,,49,,5,-2.6,1025.5,,1028.1,,0,,.24,,,,8,8,CuSc,8,4282,,01,7,,8.2,8.7,11.7,11
184,力林,2024-12-14 11:00,8.2,,,9,7,,320,,49,,5.4,-1.8,1025.4,,1028,,.2,,.7,,,,9,9,CuSc,8,5000,,01,8.9,,8.5,8.8,11.7,10.9
184,力林,2024-12-14 12:00,7.7,,0,,5.6,,340,,50,,5.3,-2,1024.7,,1027.3,,0,,.22,,,,9,9,CuSc,8,5000,,01,8.3,,8.6,8.9,11.7,10.9
184,力林,2024-12-14 13:00,7.6,,,9,6.4,,320,,49,,5.1,-2.4,1024,,1026.6,,0,,.36,,,,9,9,CuSc,8,4962,,01,8.4,,8.7,8.9,11.8,10.9
184,力林,2024-12-14 14:00,7.6,,,9,7.2,,320,,51,,5.3,-1.9,1023,,1025.6,,0,,.29,,,,9,9,CuSc,8,5000,,01,8.6,,8.8,9,11.8,10.9
184,力林,2024-12-14 15:00,7.2,,0,,6.2,,320,,53,,5.4,-1.7,1022.6,,1025.2,,0,,.17,,,,9,9,CuSc,8,4953,,01,8,,8.8,9,11.8,10.8
184,力林,2024-12-14 16:00,7.2,,,9,6.4,,340,,49,,5,-2.8,1022.4,,1025,,0,,.09,,,,9,9,CuSc,8,5000,,01,7.7,,8.7,9,11.8,10.8
184,力林,2024-12-14 17:00,7.2,,,9,6.1,,320,,47,,4.8,-3.3,1022.6,,1025.2,,0,,.02,,,,9,9,CuSc,8,5000,,01,7.2,,8.6,9,11.8,10.8
184,力林,2024-12-14 18:00,7,,0,,5.2,,340,,54,,5.4,-1.6,1022.5,,1025.1,,0,,0,,,,9,9,Sc,12,5000,,01,6.4,,8.4,8.9,11.8,10.8
184,力林,2024-12-14 19:00,7.1,,,9,4.9,,340,,56,,5.6,-1.1,1023,,1025.6,,,9,,9,,,10,8,ScAs,9,4690,,01,6.4,,8.4,8.9,11.8,10.8
184,力林,2024-12-14 20:00,7.4,,,9,5.2,,320,,50,,5.2,-2.3,1023.1,,1025.7,,,9,,9,,,10,7,ScAs,10,5000,,01,6.3,,8.3,8.8,11.8,10.8
184,力林,2024-12-14 21:00,6.7,,0,,5.3,,290,,60,,5.9,-.5,1023.4,,1026,,,9,,9,,,10,8,StNs,7,2889,,01,6.2,,8.2,8.7,11.7,10.8
184,力林,2024-12-14 22:00,7.1,,,9,5.8,,320,,59,,6,-.3,1023.2,,1025.8,,,9,,9,,,9,9,Sc,10,5000,,01,5.9,,8.1,8.7,11.7,10.8
184,力林,2024-12-14 23:00,7.5,,,9,6.3,,320,,47,,4.9,-3.1,1023.1,,1025.7,,,9,,9,,,10,8,ScAs,10,5000,,01,5.7,,8.1,8.6,11.7,10.8
184,力林,2024-12-15 00:00,6,,0,,2.6,,230,,64,,6,-.3,1022.9,,1025.5,,,9,,9,,,9,9,Sc,9,5000,,01,5.8,,8,8.6,11.6,10.7
184,力林,2024-12-15 01:00,7.6,,,,6,,320,,51,,5.3,-1.9,1022.2,,1024.8,,,9,,9,,,10,4,,13,5000,,,5.7,,8,8.5,11.5,10.7
184,力林,2024-12-15 02:00,7.7,,,,7.5,,320,,61,,6.4,.6,1022.1,,1024.7,,,9,,9,,,8,1,,12,5000,,,5.7,,7.9,8.5,11.5,10.7
184,力林,2024-12-15 03:00,7.8,,,,6,,320,,48,,5.1,-2.5,1021.8,,1024.4,,,9,,9,,,9,8,ScAs,10,5000,,,5.5,,7.9,8.5,11.5,10.7
184,力林,2024-12-15 04:00,7.3,,,9,7,,290,,61,,6.2,.2,1021.7,,1024.3,,,9,,9,,,10,8,StNs,7,2724,,01,5.8,,7.9,8.4,11.4,10.7
184,力林,2024-12-15 05:00,7.7,,,9,6.6,,320,,58,,6.1,0,1020.9,,1023.5,,,9,,9,,,10,8,StNs,7,3614,,01,6,,7.9,8.4,11.4,10.6
184,力林,2024-12-15 06:00,8.1,,0,,7.2,,320,,46,,5,-2.8,1021,,1023.6,,,9,,9,,,9,7,ScAs,10,4962,,01,5.9,,7.9,8.4,11.4,10.6
184,力林,2024-12-15 07:00,8.1,,,9,7.7,,320,,48,,5.2,-2.2,1021.2,,1023.8,,,9,,9,,,10,7,ScAs,11,4582,,01,6,,7.9,8.3,11.3,10.6
184,力林,2024-12-15 08:00,8.1,,,9,7.1,,320,,49,,5.3,-1.9,1021.6,,1024.2,,0,,0,,,,10,8,ScAs,13,4539,,01,6.1,,7.9,8.3,11.3,10.6
184,力林,2024-12-15 09:00,8.4,,0,,7,,320,,46,,5.1,-2.5,1022.2,,1024.8,,0,,.05,,,,10,8,ScAs,14,4263,,01,6.5,,7.9,8.3,11.3,10.6
184,力林,2024-12-15 10:00,8.7,,,9,7.7,,320,,43,,4.8,-3.2,1022.5,,1025.1,,0,,.21,,,,8,8,Sc,14,4659,,01,7.6,,8.1,8.4,11.3,10.5
184,力林,2024-12-15 11:00,8.5,,,9,7,,290,,46,,5.1,-2.4,1022.3,,1024.9,,0,,.25,,,,9,9,Sc,12,4490,,01,7.5,,8.2,8.4,11.3,10.5
184,力林,2024-12-15 12:00,8.8,,0,,6.5,,320,,49,,5.6,-1.3,1021.3,,1023.9,,0,,.19,,,,9,9,Sc,13,4078,,01,7.9,,8.4,8.5,11.3,10.5
184,力林,2024-12-15 13:00,9.5,,,9,7,,290,,43,,5.1,-2.4,1020.4,,1022.9,,0,,.54,,,,9,9,Sc,14,4220,,,10,,8.6,8.6,11.4,10.5
184,力林,2024-12-15 14:00,9.6,,,9,6.4,,290,,48,,5.8,-.8,1019.9,,1022.4,,0,,.53,,,,9,9,Sc,14,3761,,,10.3,,8.9,8.8,11.4,10.5
184,力林,2024-12-15 15:00,9.1,,,9,7.5,,320,,47,,5.4,-1.6,1020.1,,1022.6,,0,,.36,,,,9,9,Sc,12,4082,,,9.9,,9.1,8.9,11.5,10.5
184,力林,2024-12-15 16:00,8.7,,,9,6.7,,320,,47,,5.3,-2,1020.3,,1022.9,,0,,.17,,,,9,9,Sc,14,4315,,,8.9,,9,9,11.6,10.5
184,力林,2024-12-15 17:00,8.6,,,9,,,,,43,,4.8,-3.2,1020.3,,1022.9,,,,,,,,9,9,Sc,14,4961,,,8.2,,8.9,9,11.6,10.5
184,力林,2024-12-15 18:00,8.6,,,9,5.6,,320,,47,,5.3,-2,1020.4,,1023,,,9,,9,,,9,9,Sc,14,4893,,,7.8,,8.8,9,11.7,10.5
184,力林,2024-12-15 19:00,8.6,,,9,6,,320,,43,,4.8,-3.2,1020.8,,1023.4,,,9,,9,,,10,10,,14,5000,,,7.6,,8.7,8.9,11.7,10.5
184,力林,2024-12-15 20:00,8.7,,,9,4.5,,320,,46,,5.2,-2.2,1020.6,,1023.2,,,9,,9,,,9,9,,13,4868,,,7.5,,8.7,8.9,11.7,10.5
184,力林,2024-12-15 21:00,9,,,9,5.4,,320,,50,,5.8,-.8,1020.9,,1023.5,,,9,,9,,,9,9,Sc,11,4923,,,7.6,,8.6,8.8,11.7,10.6
184,力林,2024-12-15 22:00,9,,,9,6,,320,,44,,5,-2.6,1020.8,,1023.4,,,9,,9,,,10,10,,13,4882,,,7.6,,8.6,8.8,11.6,10.5
184,力林,2024-12-15 23:00,8.9,,,9,5.4,,290,,47,,5.4,-1.8,1020.9,,1023.5,,,9,,9,,,9,9,,14,4987,,,7.5,,8.6,8.8,11.6,10.6
184,力林,2024-12-16 00:00,9.1,,0,,5.6,,290,,46,,5.3,-1.9,1020.7,,1023.3,,,9,,9,,,9,9,Sc,11,5000,,01,7.5,,8.6,8.8,11.6,10.6
184,力林,2024-12-16 01:00,8.2,,,9,8.2,,320,,67,,7.3,2.4,1020.5,,1023.1,,,9,,9,,,9,9,Sc,7,2169,,01,7.6,,8.6,8.8,11.6,10.5
184,力林,2024-12-16 02:00,8.1,,,9,5.5,,340,,71,,7.6,3.1,1020.2,,1022.8,,,9,,9,,,8,8,Sc,6,4907,,01,7.4,,8.5,8.8,11.6,10.5
184,力林,2024-12-16 03:00,8.1,,.2,,3.5,,340,,65,,7,1.9,1019.8,,1022.4,,,9,,9,,,9,9,Sc,8,1755,,01,7.2,,8.5,8.8,11.6,10.5
184,力林,2024-12-16 04:00,8.5,,,9,6.7,,320,,60,,6.6,1.1,1019.5,,1022.1,,,9,,9,,,9,9,Sc,10,4973,,01,7,,8.5,8.7,11.6,10.5
184,力林,2024-12-16 05:00,8,,,9,3.3,,340,,65,,7,1.8,1019.6,,1022.2,,,9,,9,,,9,9,Sc,12,4959,,01,6.9,,8.4,8.7,11.6,10.5
184,力林,2024-12-16 06:00,8.6,,.2,,5.2,,360,,66,,7.3,2.5,1019.8,,1022.4,,,9,,9,,,9,9,Sc,9,4989,,01,7.1,,8.4,8.7,11.6,10.5
184,力林,2024-12-16 07:00,8.7,,,9,4.3,,20,,66,,7.4,2.6,1020.3,,1022.9,,,9,,9,,,8,8,Sc,9,4981,,,7,,8.4,8.7,11.5,10.5
184,力林,2024-12-16 08:00,8.7,,,9,3.7,,340,,63,,7.1,2,1020.5,,1023.1,,0,,0,,,,9,9,Sc,12,5000,,,7.1,,8.5,8.7,11.5,10.5
184,力林,2024-12-16 09:00,8.9,,,9,3.8,,320,,61,,6.9,1.7,1020.9,,1023.5,,0,,.03,,,,9,9,Sc,12,4994,,,7.7,,8.6,8.7,11.5,10.5
184,力林,2024-12-16 10:00,9.5,,,9,3.7,,320,,55,,6.5,.8,1021.5,,1024,,0,,.13,,,,9,9,Sc,10,4379,,,8.2,,8.7,8.7,11.5,10.5
184,力林,2024-12-16 11:00,10.2,,,9,3.6,,320,,51,,6.3,.4,1021.1,,1023.6,,0,,.51,,,,8,8,Sc,10,4058,,,10.1,,9.1,8.8,11.5,10.5
184,力林,2024-12-16 12:00,10.4,,,9,5.3,,320,,51,,6.4,.6,1020.3,,1022.8,,0,,.49,,,,7,7,Sc,10,3965,,,10.6,,9.4,9.1,11.6,10.5
184,力林,2024-12-16 13:00,10.6,,,9,5.5,,320,,45,,5.8,-.8,1019.4,,1021.9,,0,,.5,,,,7,7,Sc,10,4730,,,10.8,,9.7,9.3,11.7,10.5
184,力林,2024-12-16 14:00,10.7,,,9,5.4,,320,,47,,6.1,-.1,1019.2,,1021.7,,0,,.5,,,,8,8,Sc,10,5000,,,11.2,,9.9,9.4,11.8,10.5
184,力林,2024-12-16 15:00,10.1,,,9,5.2,,320,,56,,6.9,1.7,1019.2,,1021.7,,0,,.31,,,,7,7,Sc,10,4821,,,10.7,,10,9.6,11.9,10.5
184,力林,2024-12-16 16:00,10.3,,,9,4.7,,320,,52,,6.5,.8,1019.2,,1021.7,,.1,,.36,,,,7,7,Sc,10,4979,,,10.4,,10.1,9.7,12,10.5
184,力林,2024-12-16 17:00,10.2,,,9,4.5,,320,,48,,6,-.3,1019.3,,1021.8,,0,,.12,,,,5,5,Sc,12,4833,,,9.1,,9.9,9.7,12.1,10.5
184,力林,2024-12-16 18:00,9.8,,,9,4.3,,320,,48,,5.8,-.7,1019.7,,1022.2,,0,,0,,,,5,5,Sc,12,4183,,,7.8,,9.7,9.7,12.2,10.6
184,力林,2024-12-16 19:00,9.8,,,9,4.4,,290,,46,,5.6,-1.2,1020.2,,1022.7,,,9,,9,,,6,6,,15,3948,,,7.4,,9.5,9.6,12.2,10.6
184,力林,2024-12-16 20:00,9.7,,,9,4.9,,320,,50,,6,-.2,1020.4,,1022.9,,,9,,9,,,6,6,,13,3925,,,7.3,,9.3,9.5,12.2,10.6
184,力林,2024-12-16 21:00,9.5,,,9,3.8,,340,,50,,5.9,-.4,1020.6,,1023.1,,,9,,9,,,7,7,Sc,13,4649,,,7.1,,9.1,9.4,12.1,10.6
184,力林,2024-12-16 22:00,9.5,,,9,4.5,,320,,48,,5.7,-.9,1020.8,,1023.3,,,9,,9,,,7,7,,14,4987,,,7,,9.1,9.3,12.1,10.7
184,力林,2024-12-16 23:00,9.5,,,9,4.4,,320,,48,,5.7,-.9,1020.9,,1023.4,,,9,,9,,,8,8,,13,5000,,,7.4,,9,9.2,12,10.7
184,力林,2024-12-17 00:00,9.3,,,9,3.5,,340,,49,,5.8,-.8,1021.1,,1023.6,,,9,,9,,,9,9,Sc,12,5000,,,7.5,,9,9.2,12,10.7
184,力林,2024-12-17 01:00,9.3,,,,3.6,,320,,47,,5.5,-1.4,1020.9,,1023.4,,,9,,9,,,9,9,,13,5000,,,7.5,,9,9.1,12,10.6
184,力林,2024-12-17 02:00,9.2,,,,3.8,,320,,46,,5.4,-1.8,1021,,1023.6,,,9,,9,,,9,9,,14,4987,,,7.5,,8.9,9.1,11.9,10.7
184,力林,2024-12-17 03:00,9.2,,,,4,,340,,48,,5.6,-1.2,1021.2,,1023.8,,,9,,9,,,9,9,Sc,12,4951,,,7.5,,8.9,9.1,11.9,10.7
184,力林,2024-12-17 04:00,9.2,,,,3.3,,340,,47,,5.5,-1.5,1021.2,,1023.8,,,9,,9,,,9,9,Sc,14,4506,,,7.5,,8.9,9.1,11.9,10.6
184,力林,2024-12-17 05:00,9.2,,,,3.8,,340,,47,,5.5,-1.5,1021,,1023.6,,,9,,9,,,8,8,Sc,14,4171,,,7,,8.8,9,11.8,10.6
184,力林,2024-12-17 06:00,9.1,,,,3.5,,360,,48,,5.6,-1.3,1021.1,,1023.7,,,9,,9,,,8,8,Sc,14,4361,,,6.9,,8.7,9,11.8,10.6
184,力林,2024-12-17 07:00,8.9,,,,2.8,,290,,46,,5.2,-2.1,1021.4,,1024,,,9,,9,,,4,4,Sc,15,4571,,,6.4,,8.7,8.9,11.8,10.6
184,力林,2024-12-17 08:00,8.3,,,,2.6,,180,,51,,5.6,-1.2,1022,,1024.6,,0,,.01,,,,6,4,ScCi,11,3636,,,6.1,,8.4,8.8,11.7,10.6
184,力林,2024-12-17 09:00,8.5,,,,1.5,,180,,51,,5.7,-1,1022.1,,1024.7,,.3,,.34,,,,8,6,ScAc,12,3529,,,7.5,,8.4,8.8,11.7,10.6
184,力林,2024-12-17 10:00,10.3,,,,2.2,,290,,41,,5.1,-2.4,1022.5,,1025.1,,.2,,.54,,,,9,9,Sc,12,4642,,,9.6,,8.9,8.8,11.6,10.6
184,力林,2024-12-17 11:00,11.8,,,,2.9,,320,,39,,5.4,-1.7,1022.3,,1024.8,,.3,,1.05,,,,7,5,ScAc,11,4883,,,14.1,,9.8,9.1,11.7,10.6
184,力林,2024-12-17 12:00,11.7,,,,3,,320,,41,,5.6,-1.1,1021.7,,1024.2,,.2,,.85,,,,8,6,ScAc,11,3935,,,15.4,,10.3,9.4,11.8,10.6
184,力林,2024-12-17 13:00,12.2,,,,5.5,,20,,52,,7.4,2.6,1020.8,,1023.3,,.7,,1.54,,,,9,6,ScAs,10,4571,,,15.9,,11.3,9.8,11.9,10.5
184,力林,2024-12-17 14:00,10.7,,,9,3,,360,,53,,6.8,1.4,1020.8,,1023.3,,0,,.3,,,,8,8,Sc,10,3930,,01,14.6,,11.1,10.1,12.1,10.5
184,力林,2024-12-17 15:00,10.5,,0,,3.9,,20,,56,,7.1,2,1020.8,,1023.3,,0,,.38,,,,9,9,Sc,10,3710,,,12.2,,11.1,10.3,12.4,10.5
184,力林,2024-12-17 16:00,10.2,,,9,3.6,,360,,59,,7.3,2.5,1020.9,,1023.4,,0,,.17,,,,9,9,Sc,10,3248,,,10.9,,10.9,10.4,12.5,10.6
184,力林,2024-12-17 17:00,9.8,,,9,4.3,,360,,57,,6.9,1.6,1021.4,,1023.9,,0,,.06,,,,8,8,Sc,10,3629,,,9.3,,10.7,10.4,12.6,10.6
184,力林,2024-12-17 18:00,9.6,,,9,4.2,,320,,51,,6.1,0,1022,,1024.5,,0,,0,,,,6,6,Sc,9,4969,,,7.7,,10.4,10.3,12.7,10.7
184,力林,2024-12-17 19:00,9.4,,,9,4.7,,320,,53,,6.2,.2,1022.2,,1024.8,,,9,,9,,,8,8,,12,4992,,,7.8,,10.1,10.1,12.7,10.7
184,力林,2024-12-17 20:00,9.4,,,9,3.7,,340,,48,,5.7,-1,1022.5,,1025.1,,,9,,9,,,8,8,,13,5000,,,7.6,,9.9,10,12.7,10.8
184,力林,2024-12-17 21:00,9,,,9,3.2,,340,,50,,5.8,-.8,1022,,1024.6,,,9,,9,,,8,8,Sc,12,5000,,,6.8,,9.7,9.9,12.6,10.8
184,力林,2024-12-17 22:00,9,,,9,3.5,,340,,51,,5.8,-.6,1021.7,,1024.3,,,9,,9,,,8,6,,13,4961,,,6.6,,9.6,9.8,12.6,10.8
184,力林,2024-12-17 23:00,8.8,,,9,3.7,,360,,56,,6.3,.4,1021.8,,1024.4,,,9,,9,,,9,9,Sc,12,4662,,01,7.1,,9.5,9.7,12.5,10.8
184,力林,2024-12-18 00:00,8.9,,0,,4.1,,340,,47,,5.4,-1.8,1021.8,,1024.4,,,9,,9,,,9,9,Sc,12,5000,,,7,,9.4,9.6,12.5,10.8
184,力林,2024-12-18 01:00,8.7,,,,4.3,,20,,57,,6.4,.6,1021.4,,1024,,,9,,9,,,9,9,,10,5000,,,7.1,,9.3,9.6,12.4,10.8
184,力林,2024-12-18 02:00,7.6,,,9,6.2,,360,,66,,6.9,1.6,1022,,1024.6,,,9,,9,,,10,8,StNs,8,726,,01,6.4,,9.2,9.5,12.3,10.8
184,力林,2024-12-18 03:00,6.6,,2,,6,,20,,70,,6.8,1.5,1022.2,,1024.8,,,9,,9,,,10,8,StNs,7,4971,,1901,6.2,,8.9,9.4,12.2,10.8
184,力林,2024-12-18 04:00,7,,,9,5.9,,20,,66,,6.6,1,1022.3,,1024.9,,,9,,9,,,10,8,ScAs,8,5000,,,5.8,,8.8,9.3,12.2,10.8
184,力林,2024-12-18 05:00,7,,,9,6.7,,20,,65,,6.5,.8,1022.2,,1024.8,,,9,,9,,,9,9,Sc,10,4940,,,5.7,,8.6,9.1,12.1,10.8
184,力林,2024-12-18 06:00,7,,,9,6.5,,20,,66,,6.6,1,1022.4,,1025,,,9,,9,,,10,9,ScAs,8,4882,,,5.6,,8.6,9.1,12,10.7
184,力林,2024-12-18 07:00,6.9,,,9,5.9,,360,,62,,6.2,.1,1022.7,,1025.3,,,9,,9,,,10,8,ScAs,9,4970,,01,5.5,,8.4,9,12,10.7
184,力林,2024-12-18 08:00,7.2,,,9,6.8,,360,,57,,5.8,-.7,1022.7,,1025.3,,0,,0,,,,10,8,ScAs,10,4943,,,5.4,,8.4,8.9,11.9,10.7
184,力林,2024-12-18 09:00,7.2,,0,,6.1,,320,,54,,5.5,-1.5,1023,,1025.6,,0,,.05,,,,10,8,ScAs,10,5000,,,5.5,,8.3,8.9,11.8,10.7
184,力林,2024-12-18 10:00,7.3,,,9,5.5,,320,,54,,5.5,-1.4,1023,,1025.6,,0,,.1,,,,9,8,ScAs,10,4873,,,5.9,,8.3,8.8,11.8,10.7
184,力林,2024-12-18 11:00,7.2,,,9,6,,320,,53,,5.4,-1.7,1022.5,,1025.1,,0,,.22,,,,9,8,ScAs,10,5000,,,6.5,,8.4,8.8,11.7,10.6
184,力林,2024-12-18 12:00,7.4,,,9,6.2,,320,,50,,5.2,-2.3,1021.9,,1024.5,,0,,.45,,,,10,8,ScAs,11,5000,,,7.7,,8.5,8.8,11.7,10.6
184,力林,2024-12-18 13:00,7.8,,,9,6.6,,320,,45,,4.8,-3.4,1021.1,,1023.7,,.1,,.59,,,,8,8,CuSc,8,5000,,,10,,8.7,8.8,11.7,10.6
184,力林,2024-12-18 14:00,6.8,,,9,6.1,,360,,65,,6.4,.6,1021.1,,1023.7,,0,,.26,,,,9,9,CuSc,7,5000,,01,8.6,,8.7,8.9,11.7,10.6
184,力林,2024-12-18 15:00,5.9,,.2,,8.7,,360,,71,,6.6,1,1021.5,,1024.1,,0,,.09,,,,7,7,CuSc,7,4628,,1301,6.2,,8.5,8.9,11.7,10.5
184,力林,2024-12-18 16:00,6.2,,,9,7,,340,,61,,5.8,-.7,1021.4,,1024,,0,,.09,,,,8,8,CuSc,7,4910,,1301,5.7,,8.4,8.9,11.7,10.5
184,力林,2024-12-18 17:00,5.2,,,9,7,,340,,65,,5.8,-.8,1022.3,,1024.9,,0,,.02,,,,8,8,CuSc,6,3301,,1301,4.7,,8.2,8.8,11.7,10.5
184,力林,2024-12-18 18:00,5.6,,0,,7.5,,360,,59,,5.4,-1.7,1023,,1025.6,,0,,0,,,,8,8,CuSc,7,4984,,01,4.2,,8,8.7,11.7,10.5
184,力林,2024-12-18 19:00,5.8,,,9,7.4,,340,,49,,4.5,-4.1,1023.4,,1026,,,9,,9,,,9,9,CuSc,8,5000,,01,3.8,,7.8,8.5,11.6,10.5
184,力林,2024-12-18 20:00,5.4,,,9,6.5,,340,,63,,5.7,-1,1023.9,,1026.5,,,9,,9,,,9,9,CuSc,8,4105,,01,4,,7.7,8.4,11.5,10.4
184,力林,2024-12-18 21:00,5.6,,0,,6.6,,360,,51,,4.6,-3.7,1024.7,,1027.3,,,9,,9,,,9,9,CuSc,8,5000,,01,3.7,,7.5,8.3,11.4,10.4
184,力林,2024-12-18 22:00,5.7,,,9,6.9,,360,,56,,5.1,-2.4,1024.9,,1027.5,,,9,,9,,,9,9,CuSc,8,4877,,01,3.9,,7.4,8.2,11.3,10.4
184,力林,2024-12-18 23:00,5.5,,,9,7.9,,360,,58,,5.2,-2.1,1025.2,,1027.8,,,9,,9,,,9,9,CuSc,10,4725,,1001,3.8,,7.4,8.1,11.3,10.4
184,力林,2024-12-19 00:00,5.5,,0,,8.1,,360,,54,,4.9,-3,1024.9,,1027.5,,,9,,9,,,9,9,CuSc,8,4936,,01,3.8,,7.3,8,11.2,10.4
184,力林,2024-12-19 01:00,5.4,,,9,6.7,,360,,51,,4.6,-3.9,1024.9,,1027.5,,,9,,9,,,9,9,Sc,12,4993,,01,3.6,,7.2,8,11.1,10.3
184,力林,2024-12-19 02:00,5.5,,,9,6.6,,360,,54,,4.9,-3,1024.7,,1027.3,,,9,,9,,,8,8,,11,4922,,,3.7,,7.1,7.9,11.1,10.3
184,力林,2024-12-19 03:00,5.6,,0,,8,,20,,57,,5.2,-2.2,1024.8,,1027.4,,,9,,9,,,8,8,Sc,10,4963,,,3.8,,7.1,7.8,11,10.2
184,力林,2024-12-19 04:00,5.2,,,9,6.3,,360,,58,,5.1,-2.4,1025.2,,1027.8,,,9,,9,,,8,8,Sc,10,4935,,,3.4,,7,7.8,10.9,10.2
184,力林,2024-12-19 05:00,4.5,,,9,7.3,,20,,53,,4.5,-4.2,1025.6,,1028.2,,,9,,9,,,8,8,Sc,9,4873,,,2.8,,6.8,7.6,10.8,10.2
184,力林,2024-12-19 06:00,4.1,,,9,7,,20,,64,,5.2,-2.1,1026.2,,1028.8,,,9,,9,,,6,6,Sc,8,4185,,,2.5,,6.7,7.6,10.8,10.1
184,力林,2024-12-19 07:00,3.7,,,9,5.8,,20,,60,,4.8,-3.3,1026.9,,1029.5,,,9,,9,,,6,6,Sc,8,4440,,,2,,6.5,7.4,10.7,10.1
184,力林,2024-12-19 08:00,3.9,,,9,5.3,,20,,62,,5,-2.7,1027.6,,1030.2,,0,,0,,,,3,3,Sc,8,3961,,,1.8,,6.4,7.3,10.6,10
184,力林,2024-12-19 09:00,4.1,,,9,5.8,,20,,54,,4.4,-4.3,1027.9,,1030.5,,0,,.12,,,,5,5,Sc,9,4310,,,2.6,,6.3,7.2,10.5,10
184,力林,2024-12-19 10:00,5,,,9,3.9,,20,,50,,4.4,-4.5,1028.3,,1030.9,,.3,,.52,,,,5,5,Sc,10,4687,,,7.2,,6.5,7.1,10.4,9.9
184,力林,2024-12-19 11:00,7.5,,,9,1.2,,50,,42,,4.3,-4.6,1027.5,,1030.1,,.8,,1.39,,,,0,0,,,5000,,,13.1,,7.4,7.3,10.4,9.9
184,力林,2024-12-19 12:00,8.1,,,9,1.8,,20,,40,,4.3,-4.7,1026.8,,1029.4,,1,,1.94,,,,0,0,,,5000,,,17.6,,8.6,7.7,10.4,9.9
184,力林,2024-12-19 13:00,8.4,,,9,2.9,,20,,37,,4.1,-5.4,1025.9,,1028.5,,1,,2.08,,,,0,0,,,5000,,,19.9,,9.7,8.2,10.6,9.8
184,力林,2024-12-19 14:00,8.8,,,9,2.7,,340,,37,,4.2,-5.1,1025.3,,1027.9,,1,,1.95,,,,2,0,Ci,,5000,,,20.2,,10.6,8.8,10.8,9.8
184,力林,2024-12-19 15:00,8.7,,,9,2,,320,,38,,4.3,-4.8,1024.9,,1027.5,,1,,1.47,,,,5,0,Ci,,5000,,,17.7,,10.9,9.3,11.2,9.8
184,力林,2024-12-19 16:00,8.4,,,9,2.6,,290,,41,,4.5,-4.1,1024.8,,1027.4,,1,,1.07,,,,3,0,Ci,,5000,,,10.7,,10.7,9.6,11.4,9.8
184,力林,2024-12-19 17:00,6.9,,,9,1.3,,340,,42,,4.2,-5.1,1024.6,,1027.2,,.5,,.31,,,,7,0,Ci,,5000,,,7.6,,10.1,9.6,11.7,9.8
184,力林,2024-12-19 18:00,5.9,,,9,2,,180,,44,,4.1,-5.4,1024.6,,1027.2,,0,,.01,,,,8,0,Ci,,5000,,,5.3,,9.4,9.4,11.8,9.9
184,力林,2024-12-19 19:00,5,,,9,2.6,,180,,53,,4.6,-3.8,1025,,1027.6,,,9,,9,,,6,0,,,4903,,,3.8,,8.8,9.2,11.8,9.9
184,力林,2024-12-19 20:00,4.4,,,9,2.4,,160,,50,,4.2,-5.1,1024.8,,1027.4,,,9,,9,,,7,7,,75,5000,,,3,,8.3,8.9,11.7,10
184,力林,2024-12-19 21:00,4.2,,,9,2.5,,180,,51,,4.2,-5,1024.7,,1027.3,,,9,,9,,,7,0,Ci,,5000,,,2.4,,7.9,8.6,11.6,10
184,力林,2024-12-19 22:00,3.9,,,9,3,,180,,49,,4,-5.8,1025.1,,1027.7,,,9,,9,,,6,1,,,5000,,,1.6,,7.5,8.4,11.5,10
184,力林,2024-12-19 23:00,3.5,,,9,3.3,,180,,47,,3.7,-6.7,1025.2,,1027.8,,,9,,9,,,7,0,,,5000,,,1.2,,7.2,8.1,11.3,10.1
184,力林,2024-12-20 00:00,3.9,,,9,2.9,,180,,51,,4.1,-5.3,1024.8,,1027.4,,,9,,9,,,8,7,ScCi,10,5000,,,2.2,,7,7.9,11.1,10
184,力林,2024-12-20 01:00,4.2,,,,2.7,,160,,53,,4.4,-4.5,1024.1,,1026.7,,,9,,9,,,9,8,,70,5000,,,2,,6.8,7.7,11,10
184,力林,2024-12-20 02:00,4.2,,,,2.3,,160,,59,,4.9,-3.1,1023.9,,1026.5,,,9,,9,,,6,6,,,5000,,,1.7,,6.7,7.6,10.8,10
184,力林,2024-12-20 03:00,4.2,,,,2.4,,160,,61,,5,-2.6,1023.6,,1026.2,,,9,,9,,,6,1,ScCi,10,5000,,,1.6,,6.5,7.4,10.7,9.9
184,力林,2024-12-20 04:00,4.1,,,,2.9,,180,,63,,5.2,-2.3,1023.1,,1025.7,,,9,,9,,,6,0,Ci,,5000,,,1.3,,6.4,7.3,10.6,9.8
184,力林,2024-12-20 05:00,4.1,,,,2.4,,180,,67,,5.5,-1.4,1022.8,,1025.4,,,9,,9,,,9,8,ScCi,10,5000,,,2,,6.3,7.2,10.4,9.8
184,力林,2024-12-20 06:00,5,,,,1.8,,200,,69,,6,-.2,1023,,1025.6,,,9,,9,,,10,8,ScCs,10,5000,,,3.7,,6.3,7.1,10.3,9.8
184,力林,2024-12-20 07:00,5.7,,,9,1.7,,180,,68,,6.2,.2,1022.6,,1025.2,,,9,,9,,,10,7,ScAs,11,4067,,01,4.3,,6.5,7.1,10.2,9.7
184,力林,2024-12-20 08:00,5.9,,,9,1.5,,160,,70,,6.5,.8,1022.6,,1025.2,,0,,0,,,,10,9,ScAs,10,4524,,01,4.9,,6.6,7.1,10.2,9.7
184,力林,2024-12-20 09:00,6.5,,0,,1.2,,140,,67,,6.5,.8,1022.3,,1024.9,,0,,.09,,,,10,9,ScAs,9,4681,,,6.6,,6.8,7.2,10.2,9.6
184,力林,2024-12-20 10:00,7.8,,,9,2.1,,110,,65,,6.9,1.6,1022.2,,1024.8,,.1,,.48,,,,8,3,ScAc,12,4083,,,10.6,,7.4,7.3,10.2,9.6
184,力林,2024-12-20 11:00,8.4,,,9,1.2,,70,,63,,6.9,1.7,1021.9,,1024.5,,.1,,.4,,,,10,8,ScAs,10,4481,,,9.6,,7.9,7.6,10.2,9.5
184,力林,2024-12-20 12:00,8.7,,.1,,.9,,50,,65,,7.3,2.4,1021.1,,1023.7,,0,,.47,,,,10,8,StNs,8,3944,,01,12.1,,8.3,7.8,10.3,9.5
184,力林,2024-12-20 13:00,9.3,,,9,2.5,,20,,65,,7.6,3,1020.1,,1022.6,,0,,.79,,,,10,8,ScAs,8,3932,,01,13.7,,9,8.2,10.5,9.5
184,力林,2024-12-20 14:00,9.5,,,9,1.4,,270,,66,,7.8,3.4,1019.4,,1021.9,,0,,.76,,,,10,7,ScAs,8,5000,,,14.3,,9.6,8.6,10.7,9.5
184,力林,2024-12-20 15:00,8.6,,0,,1.8,,360,,73,,8.1,4,1019.1,,1021.7,,0,,.15,,,,10,8,StNs,7,1870,,01,10.4,,9.6,8.9,10.9,9.4
184,力林,2024-12-20 16:00,8.2,,,9,2.1,,180,,77,,8.3,4.3,1019.2,,1021.8,,0,,.1,,,,10,3,ScAs,11,4935,,01,10.1,,9.5,9,11.1,9.5
184,力林,2024-12-20 17:00,8.6,,,9,2.9,,200,,67,,7.5,2.8,1019,,1021.6,,.1,,.08,,,,7,5,ScAc,13,5000,,,9,,9.4,9.1,11.3,9.5
184,力林,2024-12-20 18:00,8.3,,.4,,2.8,,200,,63,,6.9,1.6,1019.2,,1021.8,,.1,,.01,,,,8,8,Sc,10,5000,,,6.6,,9.2,9.1,11.4,9.6
184,力林,2024-12-20 19:00,7.9,,,9,2.5,,180,,67,,7.1,2.1,1018.7,,1021.3,,,9,,9,,,8,8,Sc,11,5000,,01,7.1,,9,9,11.4,9.6
184,力林,2024-12-20 20:00,7.9,,,9,2.7,,200,,68,,7.2,2.3,1018.7,,1021.3,,,9,,9,,,7,7,Sc,9,5000,,01,6.5,,8.8,8.9,11.4,9.6
184,力林,2024-12-20 21:00,7.6,,.1,,2.8,,180,,70,,7.3,2.4,1018.6,,1021.2,,,9,,9,,,2,2,Sc,15,5000,,,5.3,,8.6,8.8,11.4,9.7
184,力林,2024-12-20 22:00,7.1,,,9,1.8,,180,,70,,7,1.9,1018.3,,1020.9,,,9,,9,,,8,1,,20,5000,,,4.7,,8.4,8.7,11.4,9.7
184,力林,2024-12-20 23:00,7.3,,,9,2.6,,180,,71,,7.2,2.3,1018.2,,1020.8,,,9,,9,,,9,9,Sc,10,4989,,01,5.7,,8.2,8.6,11.3,9.7
184,力林,2024-12-21 00:00,7.8,,0,,2.7,,180,,69,,7.3,2.4,1017.6,,1020.2,,,9,,9,,,9,9,Sc,10,5000,,01,6.2,,8.3,8.5,11.3,9.7
184,力林,2024-12-21 01:00,8.3,,,,2.8,,200,,67,,7.3,2.5,1017.3,,1019.9,,,9,,9,,,6,2,,18,5000,,,5.8,,8.3,8.5,11.2,9.8
184,力林,2024-12-21 02:00,9,,,,3.8,,230,,57,,6.5,.9,1017.3,,1019.8,,,9,,9,,,7,7,,13,5000,,,5.9,,8.2,8.4,11.2,9.8
184,力林,2024-12-21 03:00,8.8,,0,,3.1,,250,,57,,6.4,.7,1017.1,,1019.6,,,9,,9,,,9,9,Sc,10,5000,,01,6.3,,8.2,8.4,11.1,9.7
184,力林,2024-12-21 04:00,9.8,,,9,5.7,,270,,54,,6.5,.9,1016.8,,1019.3,,,9,,9,,,8,8,Sc,11,5000,,,6.6,,8.3,8.4,11.1,9.7
184,力林,2024-12-21 05:00,9.2,,,9,5.7,,270,,66,,7.6,3.1,1016.5,,1019,,,9,,9,,,9,9,Sc,10,3942,,01,7,,8.3,8.4,11.1,9.7
184,力林,2024-12-21 06:00,9.6,,.3,,6.8,,290,,59,,7,1.9,1016.6,,1019.1,,,9,,9,,,9,9,Sc,9,2567,,01,6.9,,8.3,8.4,11.1,9.7
184,力林,2024-12-21 07:00,9.1,,,9,8.2,,320,,67,,7.7,3.2,1017,,1019.5,,,9,,9,,,9,9,Sc,8,1388,,01,7.1,,8.3,8.4,11.1,9.7
184,力林,2024-12-21 08:00,8.9,,,9,7.6,,320,,57,,6.5,.8,1017.3,,1019.8,,0,,0,,,,10,8,ScAs,10,1525,,01,6.6,,8.3,8.4,11.1,9.7
184,力林,2024-12-21 09:00,8.6,,0,,9.3,,320,,60,,6.7,1.2,1017.9,,1020.4,,0,,0,,,,10,8,ScAs,9,1162,,01,6.5,,8.3,8.4,11.1,9.7
184,力林,2024-12-21 10:00,8.1,,,9,9,,320,,52,,5.6,-1.1,1018.7,,1021.3,,0,,.02,,,,10,8,ScAs,11,1705,,01,6.1,,8.3,8.4,11.1,9.7
184,力林,2024-12-21 11:00,8.1,,,9,7.9,,320,,56,,6.1,-.1,1018.4,,1021,,0,,.21,,,,7,7,Sc,11,1963,,,7.2,,8.3,8.4,11.1,9.7
184,力林,2024-12-21 12:00,7.5,,,9,8.6,,320,,54,,5.6,-1.2,1017.9,,1020.5,,.1,,.41,,,,8,8,Sc,9,2600,,,7.8,,8.3,8.4,11.1,9.7
184,力林,2024-12-21 13:00,7.5,,,9,8.3,,320,,48,,5,-2.8,1017.5,,1020.1,,0,,.48,,,,9,9,Sc,12,3337,,,8.6,,8.4,8.4,11.1,9.7
184,力林,2024-12-21 14:00,7,,,9,9,,320,,58,,5.8,-.7,1017.5,,1020.1,,0,,.16,,,,9,9,Sc,11,2985,,01,7.6,,8.3,8.4,11.1,9.7
184,力林,2024-12-21 15:00,6.5,,0,,9,,340,,59,,5.7,-.9,1018.2,,1020.8,,0,,.11,,,,9,9,Sc,10,2591,,01,6.7,,8.2,8.4,11.1,9.7
184,力林,2024-12-21 16:00,6.6,,,9,9.7,,320,,50,,4.9,-3.1,1018.9,,1021.5,,0,,.07,,,,9,9,Sc,11,3624,,01,6.2,,8.1,8.4,11.1,9.7
184,力林,2024-12-21 17:00,6.4,,,9,8.6,,320,,49,,4.7,-3.5,1019.3,,1021.9,,0,,.02,,,,9,9,Sc,12,4707,,01,5.7,,7.9,8.3,11.1,9.7
184,力林,2024-12-21 18:00,5.9,,0,,9.4,,340,,62,,5.8,-.8,1019.8,,1022.4,,0,,0,,,,8,8,CuSc,6,3553,,01,5.1,,7.7,8.2,11.1,9.7
184,力林,2024-12-21 19:00,5.8,,,9,9.1,,320,,56,,5.2,-2.3,1020.5,,1023.1,,,9,,9,,,9,9,CuSc,7,4802,,131001,4.2,,7.5,8.1,11,9.7
184,力林,2024-12-21 20:00,5.8,,,9,8.1,,340,,59,,5.4,-1.6,1020.6,,1023.2,,,9,,9,,,9,9,CuSc,7,4397,,1001,4.1,,7.3,8,11,9.7
184,力林,2024-12-21 21:00,5.8,,.4,,7.6,,340,,51,,4.7,-3.5,1020.9,,1023.5,,,9,,9,,,9,9,CuSc,8,4641,,1001,3.8,,7.2,7.8,10.9,9.7
184,力林,2024-12-21 22:00,5.6,,,9,7.2,,340,,58,,5.3,-2,1021.6,,1024.2,,,9,,9,,,9,9,CuSc,8,4518,,1001,3.8,,7.1,7.7,10.8,9.7
184,力林,2024-12-21 23:00,5.7,,,9,7.5,,340,,59,,5.4,-1.7,1021.4,,1024,,,9,,9,,,9,9,CuSc,7,4571,,1001,3.8,,7,7.7,10.7,9.7
184,力林,2024-12-22 00:00,5.7,,0,,7.1,,340,,53,,4.9,-3.1,1021.3,,1023.9,,,9,,9,,,9,9,CuSc,7,4490,,01,3.7,,6.9,7.6,10.7,9.6
184,力林,2024-12-22 01:00,5.9,,,9,7.4,,360,,46,,4.3,-4.8,1021.3,,1023.9,,,9,,9,,,9,9,CuSc,7,4746,,01,3.4,,6.9,7.5,10.6,9.6
184,力林,2024-12-22 02:00,5.5,,,9,7.9,,340,,52,,4.7,-3.5,1021.9,,1024.5,,,9,,9,,,9,9,Sc,10,4918,,01,3.4,,6.8,7.4,10.5,9.6
184,力林,2024-12-22 03:00,5.5,,0,,7.6,,360,,57,,5.2,-2.3,1022.4,,1025,,,9,,9,,,9,9,CuSc,7,4243,,01,3.7,,6.8,7.3,10.5,9.6
184,力林,2024-12-22 04:00,5.6,,,9,6.5,,360,,51,,4.6,-3.7,1022.4,,1025,,,9,,9,,,9,9,CuSc,8,4623,,01,3.6,,6.7,7.3,10.4,9.5
184,力林,2024-12-22 05:00,5.5,,,9,7,,360,,48,,4.3,-4.6,1022.9,,1025.5,,,9,,9,,,9,9,Sc,11,4772,,01,3.6,,6.7,7.3,10.4,9.5
184,力林,2024-12-22 06:00,5.5,,0,,5.5,,360,,52,,4.7,-3.5,1023.6,,1026.2,,,9,,9,,,9,9,Sc,11,4627,,,3.7,,6.6,7.2,10.3,9.5
184,力林,2024-12-22 07:00,5.3,,,9,6,,340,,52,,4.6,-3.7,1024.5,,1027.1,,,9,,9,,,9,9,Sc,10,4368,,,3.8,,6.6,7.2,10.3,9.4
184,力林,2024-12-22 08:00,5.1,,,9,4.8,,360,,51,,4.5,-4.2,1025.3,,1027.9,,0,,0,,,,9,9,Sc,12,4729,,,3.9,,6.6,7.1,10.2,9.4
184,力林,2024-12-22 09:00,5.2,,,9,4.6,,340,,51,,4.5,-4.1,1026.3,,1028.9,,0,,.03,,,,9,9,Sc,11,4865,,,4.5,,6.5,7.1,10.2,9.4
184,力林,2024-12-22 10:00,5.3,,,9,4.5,,340,,53,,4.7,-3.5,1027,,1029.6,,0,,.09,,,,9,9,Sc,11,4860,,,5.3,,6.6,7.1,10.1,9.3
184,力林,2024-12-22 11:00,5.5,,,9,4.9,,360,,53,,4.8,-3.3,1026.4,,1029,,0,,.25,,,,9,9,Sc,11,4801,,,6.7,,6.7,7.1,10.1,9.3
184,力林,2024-12-22 12:00,5.6,,,9,4.4,,340,,52,,4.7,-3.5,1025.8,,1028.4,,0,,.25,,,,9,9,Sc,11,4957,,,6.8,,6.9,7.2,10.1,9.3
184,力林,2024-12-22 13:00,5.6,,,9,4.6,,320,,53,,4.8,-3.2,1025.1,,1027.7,,0,,.23,,,,9,9,Sc,10,4933,,,6.8,,7,7.2,10.1,9.3
184,力林,2024-12-22 14:00,5.9,,,9,5.4,,360,,55,,5.1,-2.4,1024.3,,1026.9,,0,,.2,,,,9,9,Sc,10,4929,,,7,,7.1,7.3,10.1,9.2
184,力林,2024-12-22 15:00,5.8,,,9,4.9,,340,,53,,4.9,-3,1024.3,,1026.9,,0,,.16,,,,9,9,Sc,11,4968,,,6.8,,7.1,7.3,10.2,9.2
184,力林,2024-12-22 16:00,5.8,,,9,4.5,,340,,57,,5.3,-2,1024.5,,1027.1,,0,,.03,,,,9,9,Sc,9,4916,,,6.3,,7.1,7.4,10.2,9.2
184,力林,2024-12-22 17:00,5.7,,,9,5.5,,360,,58,,5.3,-1.9,1024.7,,1027.3,,0,,0,,,,9,9,Sc,9,5000,,,5.8,,7.1,7.4,10.2,9.2
184,力林,2024-12-22 18:00,5.5,,,9,4.4,,320,,59,,5.4,-1.8,1025.1,,1027.7,,0,,0,,,,9,9,Sc,9,5000,,,5.4,,7,7.3,10.2,9.2
184,力林,2024-12-22 19:00,5.4,,,9,4,,340,,56,,5,-2.6,1025.4,,1028,,,9,,9,,,9,9,,9,4993,,,5.1,,6.9,7.3,10.2,9.2
184,力林,2024-12-22 20:00,5.4,,,9,4.6,,360,,56,,5,-2.6,1025.8,,1028.4,,,9,,9,,,6,6,,10,4988,,,4.3,,6.8,7.3,10.2,9.2
184,力林,2024-12-22 21:00,5.2,,,9,2.3,,360,,61,,5.4,-1.7,1026,,1028.6,,,9,,9,,,6,6,Sc,9,5000,,,4.1,,6.7,7.2,10.2,9.2
184,力林,2024-12-22 22:00,5.2,,,9,3.3,,360,,58,,5.1,-2.4,1025.9,,1028.5,,,9,,9,,,6,6,,9,5000,,,3.6,,6.6,7.1,10.1,9.1
184,力林,2024-12-22 23:00,4.8,,,9,2,,340,,58,,5,-2.7,1025.8,,1028.4,,,9,,9,,,6,4,,10,5000,,,2.8,,6.5,7,10.1,9
184,力林,2024-12-23 00:00,5,,,9,3.4,,20,,60,,5.2,-2.1,1025.9,,1028.5,,,9,,9,,,4,4,,,5000,,,2.8,,6.3,6.9,10,9.1
184,力林,2024-12-23 01:00,4.9,,,,2.4,,340,,61,,5.3,-2,1025.1,,1027.7,,,9,,9,,,7,4,,9,5000,,,2.9,,6.2,6.8,9.9,9.1
184,力林,2024-12-23 02:00,5.2,,,,2.7,,340,,60,,5.3,-1.9,1025.6,,1028.2,,,9,,9,,,6,6,,10,5000,,,2.9,,6.1,6.7,9.9,9
184,力林,2024-12-23 03:00,5.4,,,,2.4,,340,,58,,5.2,-2.2,1025.3,,1027.9,,,9,,9,,,3,3,Sc,9,5000,,,2.7,,6.1,6.7,9.8,9
184,力林,2024-12-23 04:00,5.6,,,,1.5,,360,,60,,5.5,-1.5,1025.6,,1028.2,,,9,,9,,,8,8,Sc,9,5000,,,3.6,,6.1,6.6,9.7,9
184,力林,2024-12-23 05:00,6.1,,,,4.6,,20,,55,,5.2,-2.2,1025.4,,1028,,,9,,9,,,8,8,Sc,8,5000,,,4.4,,6.2,6.6,9.7,8.9
184,力林,2024-12-23 06:00,6.1,,,,4.9,,360,,60,,5.7,-1,1025.3,,1027.9,,,9,,9,,,9,9,Sc,9,5000,,,4.5,,6.2,6.6,9.6,8.9
184,力林,2024-12-23 07:00,6.3,,,,5.3,,20,,61,,5.8,-.6,1025.4,,1028,,,9,,9,,,7,7,Sc,9,5000,,,4.8,,6.3,6.6,9.6,8.9
184,力林,2024-12-23 08:00,6.3,,,,4.2,,20,,59,,5.6,-1.1,1026,,1028.6,,0,,0,,,,9,9,Sc,9,5000,,,5.2,,6.4,6.7,9.6,8.9
184,力林,2024-12-23 09:00,6.5,,,,4.1,,20,,55,,5.3,-1.9,1026,,1028.6,,0,,.05,,,,9,9,Sc,10,5000,,,6.1,,6.4,6.7,9.6,8.8
184,力林,2024-12-23 10:00,7,,,,3.2,,360,,55,,5.5,-1.4,1026.7,,1029.3,,0,,.24,,,,8,8,Sc,10,5000,,,7.9,,6.7,6.8,9.6,8.8
184,力林,2024-12-23 11:00,7.6,,,,2.2,,360,,50,,5.2,-2.1,1026.3,,1028.9,,.1,,.55,,,,8,8,Sc,11,5000,,,11.9,,7.1,6.9,9.6,8.8
184,力林,2024-12-23 12:00,8.3,,,,2.8,,320,,46,,5,-2.6,1025.6,,1028.2,,.1,,.8,,,,7,7,Sc,12,5000,,,13,,7.7,7.2,9.7,8.8
184,力林,2024-12-23 13:00,8.6,,,,3.3,,290,,47,,5.3,-2,1025,,1027.6,,.1,,.67,,,,8,8,Sc,12,5000,,,13.2,,8.2,7.5,9.9,8.8
184,力林,2024-12-23 14:00,8.9,,,,3.3,,320,,50,,5.7,-.9,1024.4,,1027,,.1,,.68,,,,8,8,Sc,11,5000,,,13.1,,8.6,7.8,10,8.8
184,力林,2024-12-23 15:00,9.3,,,,3.9,,320,,48,,5.6,-1.1,1024,,1026.6,,.3,,.81,,,,8,8,Sc,12,5000,,,12.5,,9,8.1,10.2,8.8
184,力林,2024-12-23 16:00,8.9,,,,4.2,,290,,48,,5.5,-1.5,1023.7,,1026.3,,0,,.23,,,,8,7,ScCi,12,5000,,,10.8,,9,8.3,10.4,8.8
184,力林,2024-12-23 17:00,8.8,,,,4.4,,320,,54,,6.1,0,1023.6,,1026.2,,0,,.08,,,,7,7,Sc,11,5000,,,9.2,,8.8,8.4,10.6,8.8
184,力林,2024-12-23 18:00,8.8,,,,4.5,,320,,51,,5.8,-.8,1023.7,,1026.3,,0,,0,,,,9,9,Sc,12,4824,,,8.3,,8.6,8.4,10.7,8.9
184,力林,2024-12-23 19:00,8.9,,,,5.2,,320,,54,,6.1,0,1024.2,,1026.8,,,9,,9,,,8,8,,11,4277,,,8,,8.5,8.3,10.8,8.9
184,力林,2024-12-23 20:00,8.9,,,,4.4,,340,,52,,5.9,-.4,1024.6,,1027.2,,,9,,9,,,8,8,,12,4720,,,7.8,,8.4,8.2,10.8,9
184,力林,2024-12-23 21:00,8.3,,,,4.6,,320,,45,,4.9,-2.9,1024.8,,1027.4,,,9,,9,,,6,3,ScCi,10,5000,,,5.9,,8.2,8.2,10.8,9
184,力林,2024-12-23 22:00,8.3,,,,3.2,,340,,53,,5.8,-.7,1024.8,,1027.4,,,9,,9,,,7,6,,12,4890,,,6.2,,8,8.1,10.8,9.1
184,力林,2024-12-23 23:00,8.3,,,,4.4,,320,,49,,5.4,-1.8,1025.2,,1027.8,,,9,,9,,,6,6,,13,5000,,,6.1,,7.9,8,10.7,9.1
184,力林,2024-12-24 00:00,8.2,,,,4.3,,340,,48,,5.2,-2.1,1025.1,,1027.7,,,9,,9,,,8,8,,,5000,,,6.3,,7.8,8,10.7,9.1
184,力林,2024-12-24 01:00,8,,,,3.6,,320,,50,,5.4,-1.8,1024.9,,1027.5,,,9,,9,,,7,7,,14,5000,,,5.5,,7.7,7.9,10.7,9.1
184,力林,2024-12-24 02:00,8.2,,,,4.2,,340,,51,,5.6,-1.3,1024.9,,1027.5,,,9,,9,,,7,7,,12,5000,,,6.1,,7.6,7.8,10.6,9.1
184,力林,2024-12-24 03:00,8,,,,4.5,,290,,50,,5.4,-1.8,1024.8,,1027.4,,,9,,9,,,4,4,Sc,14,5000,,,5.4,,7.5,7.7,10.6,9.1
184,力林,2024-12-24 04:00,8.3,,,,4.8,,320,,47,,5.2,-2.3,1024.8,,1027.4,,,9,,9,,,4,4,Sc,14,5000,,,5.5,,7.5,7.7,10.5,9.1
184,力林,2024-12-24 05:00,8.4,,,,4.6,,340,,52,,5.7,-.9,1024.7,,1027.3,,,9,,9,,,6,6,Sc,12,4905,,,6.2,,7.4,7.6,10.4,9.1
184,力林,2024-12-24 06:00,8.2,,,,4.9,,320,,46,,5,-2.7,1025.1,,1027.7,,,9,,9,,,6,6,Sc,14,4928,,,5.5,,7.4,7.6,10.4,9.1
184,力林,2024-12-24 07:00,8.5,,,,4.2,,320,,48,,5.3,-1.9,1025.5,,1028.1,,,9,,9,,,9,9,Sc,13,4862,,,6.5,,7.3,7.5,10.4,9.1
184,力林,2024-12-24 08:00,8.4,,,,1.7,,340,,52,,5.7,-.9,1025.6,,1028.2,,0,,0,,,,8,8,Sc,13,4914,,,6.6,,7.4,7.5,10.3,9.1
184,力林,2024-12-24 09:00,8.4,,,,4.4,,360,,61,,6.7,1.3,1026.2,,1028.8,,0,,.07,,,,6,6,Sc,9,4579,,,7.6,,7.5,7.5,10.3,9.1
184,力林,2024-12-24 10:00,9.3,,,,3.8,,340,,51,,6,-.3,1026.7,,1029.3,,.3,,.56,,,,7,7,Sc,11,4979,,,12.7,,7.9,7.6,10.3,9.1
184,力林,2024-12-24 11:00,10.1,,,,3.4,,320,,47,,5.8,-.7,1026.5,,1029.1,,.6,,1.18,,,,6,6,Sc,11,5000,,,12.8,,8.5,7.8,10.3,9.1
184,力林,2024-12-24 12:00,10.5,,,,4.1,,320,,50,,6.3,.4,1026.3,,1028.9,,.6,,1.53,,,,5,5,Sc,11,5000,,,17.6,,9.4,8.2,10.4,9.1
184,力林,2024-12-24 13:00,10.9,,,,3.9,,320,,46,,6,-.2,1025.1,,1027.7,,.6,,1.61,,,,7,7,Sc,10,5000,,,20.4,,10.3,8.6,10.6,9.1
184,力林,2024-12-24 14:00,11,,,,3.6,,320,,46,,6.1,-.1,1024.5,,1027,,.4,,1.32,,,,4,4,Sc,11,5000,,,21.8,0,10.8,9.1,10.9,9.1
184,力林,2024-12-24 15:00,10,,,,4,,320,,49,,6,-.2,1024.7,,1027.3,,.5,,1.15,,,,6,6,Sc,11,5000,,,15.4,,11,9.5,11.1,9.1
184,力林,2024-12-24 16:00,9.4,,,,3.5,,290,,50,,5.9,-.5,1024.7,,1027.3,,.2,,.51,,,,7,7,Sc,11,5000,,,12.9,,10.8,9.6,11.4,9.2
184,力林,2024-12-24 17:00,8.4,,,,4.4,,320,,53,,5.8,-.6,1025,,1027.6,,0,,.14,,,,7,7,Sc,11,5000,,,9.9,,10.3,9.7,11.6,9.2
184,力林,2024-12-24 18:00,8,,,,3.2,,320,,55,,5.9,-.5,1024.9,,1027.5,,0,,0,,,,7,7,Sc,10,5000,,,8.5,,9.9,9.6,11.7,9.3
184,力林,2024-12-24 19:00,7.9,,,,2.6,,270,,53,,5.6,-1.1,1025.5,,1028.1,,,9,,9,,,9,9,,11,5000,,,8.1,,9.5,9.4,11.8,9.3
184,力林,2024-12-24 20:00,7.8,,,,2.8,,320,,53,,5.6,-1.2,1025.9,,1028.5,,,9,,9,,,8,7,,11,5000,,,6.7,,9.3,9.3,11.7,9.4
184,力林,2024-12-24 21:00,7.2,,,,.7,,320,,58,,5.9,-.5,1025.4,,1028,,,9,,9,,,4,2,ScAc,11,5000,,,5,,8.9,9.1,11.7,9.5
184,力林,2024-12-24 22:00,6.2,,,,1.6,,180,,60,,5.7,-1,1025.9,,1028.5,,,9,,9,,,6,6,,10,5000,,,5,,8.5,8.8,11.6,9.5
184,力林,2024-12-24 23:00,5.4,,,,2.5,,180,,62,,5.6,-1.3,1025.6,,1028.2,,,9,,9,,,0,0,,,4967,,,3.3,,8.1,8.6,11.5,9.5
184,力林,2024-12-25 00:00,4.7,,,,2.6,,180,,64,,5.5,-1.5,1025.8,,1028.4,,,9,,9,,,0,0,,,5000,,,2.6,,7.7,8.4,11.3,9.5
184,力林,2024-12-25 01:00,4.8,,,,2.9,,180,,65,,5.6,-1.2,1025.9,,1028.5,,,9,,9,,,10,4,,8,5000,,,4.3,,7.5,8.2,11.2,9.5
184,力林,2024-12-25 02:00,5.6,,,,1.7,,180,,63,,5.7,-.9,1025.8,,1028.4,,,9,,9,,,9,9,,8,5000,,,5.1,,7.5,8,11,9.5
184,力林,2024-12-25 03:00,6.3,,,,2,,180,,65,,6.2,.1,1025.5,,1028.1,,,9,,9,,,9,9,Sc,9,5000,,,5.5,,7.6,8,10.9,9.5
184,力林,2024-12-25 04:00,6.6,,,,1.1,,180,,67,,6.5,.8,1025.4,,1028,,,9,,9,,,9,9,Sc,8,5000,,,5.7,,7.6,7.9,10.8,9.5
184,力林,2024-12-25 05:00,6.7,,,,2.3,,160,,69,,6.8,1.4,1025.2,,1027.8,,,9,,9,,,9,9,Sc,8,5000,,,6.2,,7.6,7.9,10.8,9.4
184,力林,2024-12-25 06:00,7,,,,1.9,,180,,68,,6.8,1.4,1025.1,,1027.7,,,9,,9,,,9,9,Sc,8,4987,,,5.9,,7.6,7.9,10.7,9.4
184,力林,2024-12-25 07:00,7.3,,,,1.9,,200,,67,,6.8,1.5,1025.1,,1027.7,,,9,,9,,,9,9,Sc,9,4943,,,6.4,,7.6,7.9,10.7,9.4
184,力林,2024-12-25 08:00,7.1,,,,2.1,,200,,68,,6.8,1.5,1025,,1027.6,,0,,0,,,,1,1,Sc,10,4798,,,4.8,,7.6,7.9,10.7,9.3
184,力林,2024-12-25 09:00,6.8,,,,2.7,,180,,67,,6.6,1,1025.4,,1028,,.3,,.19,,,,1,1,Sc,10,5000,,,5,,7.4,7.8,10.6,9.3
184,力林,2024-12-25 10:00,10.3,,,,2.9,,200,,52,,6.5,.8,1025,,1027.6,,1,,1.01,,,,4,4,Sc,10,2045,,,13.9,,8,7.8,10.6,9.3
184,力林,2024-12-25 11:00,11.4,,,,2,,320,,51,,6.9,1.6,1024.5,,1027,,1,,1.52,,,,1,1,Sc,10,4231,,,18.5,,9,8,10.6,9.3
184,力林,2024-12-25 12:00,12,,,,2.9,,340,,49,,6.8,1.5,1024,,1026.5,,1,,1.89,,,,7,5,ScAc,9,3212,,,22.1,0,10.2,8.5,10.7,9.3
184,力林,2024-12-25 13:00,12.3,,,,3.2,,290,,48,,6.8,1.5,1023.5,,1026,,.5,,1.67,,,,8,7,ScAc,9,5000,,,23.9,0,11.1,9,10.9,9.3
184,力林,2024-12-25 14:00,10.9,,,,3.7,,270,,52,,6.8,1.4,1022.7,,1025.2,,.2,,.98,,,,9,2,ScAc,10,5000,,,19.3,,11.4,9.6,11.2,9.2
184,力林,2024-12-25 15:00,10.9,,,,2.9,,290,,55,,7.1,2.1,1022.2,,1024.7,,0,,.6,,,,9,1,ScAc,10,5000,,,16.8,,11.4,9.9,11.5,9.3
184,力林,2024-12-25 16:00,10.4,,,,3.1,,290,,58,,7.3,2.4,1021.9,,1024.4,,0,,.24,,,,10,3,ScAs,10,5000,,,13.2,,11.1,10.1,11.8,9.3
184,力林,2024-12-25 17:00,10,,,9,2.4,,270,,62,,7.6,3,1022.6,,1025.2,,0,,.01,,,,10,8,ScAs,8,4369,,01,11.1,,10.8,10.1,12,9.4
184,力林,2024-12-25 18:00,9.5,,0,,2.4,,200,,66,,7.8,3.4,1022.2,,1024.8,,0,,0,,,,10,8,ScAs,8,4854,,01,9.8,,10.5,10,12.1,9.5
184,力林,2024-12-25 19:00,9.4,,,9,2,,270,,67,,7.8,3.5,1022.8,,1025.4,,,9,,9,,,10,8,StNs,7,5000,,01,9.6,,10.3,9.9,12.2,9.5
184,力林,2024-12-25 20:00,9.5,,,9,1.4,,250,,66,,7.8,3.4,1022.8,,1025.4,,,9,,9,,,10,8,StNs,8,4661,,01,9.5,,10.1,9.9,12.1,9.6
184,力林,2024-12-25 21:00,9.5,,0,,1.3,,230,,69,,8.1,4,1022.9,,1025.5,,,9,,9,,,10,9,StNs,7,4569,,01,9.2,,10,9.8,12.2,9.7
184,力林,2024-12-25 22:00,9.5,,,9,1.6,,270,,67,,7.9,3.6,1023.2,,1025.8,,,9,,9,,,10,9,StNs,7,4999,,01,9.1,,10,9.8,12.1,9.7
184,力林,2024-12-25 23:00,9.5,,,9,2.6,,200,,69,,8.1,4,1022.9,,1025.5,,,9,,9,,,10,9,StNs,8,4213,,01,9,,9.9,9.7,12.1,9.8
184,力林,2024-12-26 00:00,9.3,,0,,2.9,,200,,69,,8,3.8,1022.4,,1025,,,9,,9,,,10,8,ScAs,9,4812,,01,8.6,,9.8,9.6,12.1,9.8
184,力林,2024-12-26 01:00,9.2,,,,2.4,,200,,67,,7.7,3.3,1022.4,,1025,,,9,,9,,,9,3,,9,4849,,,8.4,,9.6,9.6,12.1,9.8
184,力林,2024-12-26 02:00,10,,,,4.1,,290,,63,,7.7,3.2,1022.8,,1025.4,,,9,,9,,,9,9,,9,4918,,,8.9,,9.6,9.5,12,9.9
184,力林,2024-12-26 03:00,10.2,,0,,4.1,,270,,64,,7.9,3.6,1022.5,,1025.1,,,9,,9,,,10,7,ScAs,9,4843,,01,9.1,,9.6,9.5,12,9.9
184,力林,2024-12-26 04:00,10.7,,,9,3.8,,290,,58,,7.4,2.7,1022.2,,1024.7,,,9,,9,,,10,9,ScAs,10,4264,,01,9.2,,9.6,9.5,12,9.9
184,力林,2024-12-26 05:00,9.9,,,9,5.3,,290,,74,,9,5.4,1022.4,,1024.9,,,9,,9,,,10,9,StNs,6,817,,01,8.8,,9.5,9.4,11.9,9.9
184,力林,2024-12-26 06:00,10.4,,.1,,7,,320,,57,,7.2,2.2,1022.1,,1024.6,,,9,,9,,,8,7,ScAc,10,2224,,01,7.9,,9.5,9.4,11.9,9.9
184,力林,2024-12-26 07:00,10.1,,,9,6.8,,320,,60,,7.4,2.6,1022.6,,1025.2,,,9,,9,,,6,6,Sc,10,1386,,,7.2,,9.4,9.4,11.9,9.9
184,力林,2024-12-26 08:00,9.7,,,9,6.1,,320,,52,,6.2,.3,1023.2,,1025.8,,0,,0,,,,1,1,Sc,10,967,,40,6.5,,9.2,9.3,11.9,9.9
184,力林,2024-12-26 09:00,9.6,,,9,5.7,,320,,50,,6,-.3,1023.8,,1026.4,,0,,.13,,,,4,4,Sc,10,935,,40,8.1,,9.1,9.2,11.8,9.9
184,力林,2024-12-26 10:00,10.3,,,9,4.7,,320,,45,,5.6,-1.1,1024,,1026.6,,.6,,.61,,,,1,1,Sc,10,1380,,40,11.9,,9.3,9.1,11.8,9.9
184,力林,2024-12-26 11:00,11,,,9,5.6,,320,,41,,5.4,-1.7,1024.2,,1026.7,,1,,1.34,,,,0,0,,,2461,,,16.2,,9.9,9.2,11.7,9.9
184,力林,2024-12-26 12:00,11,,,9,6.2,,320,,41,,5.4,-1.7,1023.4,,1025.9,,1,,1.78,,,,3,3,Sc,10,2409,,,19.9,,10.6,9.5,11.8,9.9
184,力林,2024-12-26 13:00,10.2,,,9,5.4,,320,,47,,5.8,-.6,1022.7,,1025.3,,.5,,1.29,,,,8,8,Sc,11,1720,,,16.9,,11,9.8,11.9,9.9
184,力林,2024-12-26 14:00,9.9,,,9,5.2,,320,,47,,5.7,-.9,1022,,1024.5,,.2,,.88,,,,8,8,Sc,12,1860,,,16.2,,11.1,10.1,12.1,9.9
184,力林,2024-12-26 15:00,9.3,,,9,6,,340,,51,,6,-.3,1022,,1024.6,,.2,,.56,,,,8,8,Sc,10,2529,,,14,,11,10.2,12.2,9.9
184,力林,2024-12-26 16:00,8.5,,,9,6,,320,,48,,5.3,-1.9,1022.7,,1025.3,,.2,,.41,,,,9,9,Sc,11,3091,,,11.6,,10.8,10.2,12.4,9.9
184,力林,2024-12-26 17:00,7.7,,,9,6.2,,320,,52,,5.5,-1.5,1023.2,,1025.8,,0,,.12,,,,9,9,Sc,11,3221,,,9.4,,10.4,10.2,12.4,10
184,力林,2024-12-26 18:00,6.9,,,9,5,,320,,49,,4.9,-3,1023.6,,1026.2,,0,,0,,,,6,6,Sc,10,4376,,,6.9,,9.9,10,12.4,10
184,力林,2024-12-26 19:00,6.6,,,9,6,,320,,49,,4.8,-3.3,1024.3,,1026.9,,,9,,9,,,9,9,,10,4392,,,6.8,,9.6,9.8,12.4,10
184,力林,2024-12-26 20:00,6.5,,,9,6.1,,320,,54,,5.2,-2.1,1024.9,,1027.5,,,9,,9,,,10,9,,10,3957,,,7.1,,9.3,9.6,12.3,10.1
184,力林,2024-12-26 21:00,6.3,,,9,6.8,,320,,55,,5.3,-2,1025.1,,1027.7,,,9,,9,,,9,9,Sc,10,4293,,,6.9,,9.1,9.5,12.2,10.1
184,力林,2024-12-26 22:00,6.3,,,9,4.9,,320,,54,,5.2,-2.3,1025.5,,1028.1,,,9,,9,,,10,10,,10,4484,,,6.7,,8.9,9.3,12.1,10.1
184,力林,2024-12-26 23:00,6.2,,,9,5.2,,340,,56,,5.3,-1.9,1025.5,,1028.1,,,9,,9,,,10,10,,10,4433,,,6.6,,8.7,9.1,12,10.1
184,力林,2024-12-27 00:00,6.2,,,9,5.1,,320,,58,,5.5,-1.4,1025.6,,1028.2,,,9,,9,,,9,9,Sc,10,4668,,,6.6,,8.6,9,11.9,10.1
184,力林,2024-12-27 01:00,5.9,,,,5.5,,320,,57,,5.3,-1.9,1025.4,,1028,,,9,,9,,,10,10,,10,4991,,,6.3,,8.4,8.9,11.8,10
184,力林,2024-12-27 02:00,6,,,,4.9,,320,,57,,5.4,-1.8,1025.6,,1028.2,,,9,,9,,,10,8,,9,4795,,,6.1,,8.3,8.8,11.7,10
184,力林,2024-12-27 03:00,6,,,,5.6,,320,,57,,5.4,-1.8,1025.5,,1028.1,,,9,,9,,,9,9,Sc,9,4890,,,6.2,,8.2,8.7,11.6,10
184,力林,2024-12-27 04:00,6,,,,6,,320,,55,,5.2,-2.3,1025.7,,1028.3,,,9,,9,,,9,9,Sc,9,4960,,,6.2,,8.1,8.6,11.5,10
184,力林,2024-12-27 05:00,6.3,,,,5,,320,,57,,5.4,-1.6,1025.3,,1027.9,,,9,,9,,,9,9,Sc,10,4978,,,6.3,,8,8.5,11.4,9.9
184,力林,2024-12-27 06:00,6.5,,,,4.8,,320,,49,,4.8,-3.4,1025.4,,1028,,,9,,9,,,9,9,Sc,11,5000,,,6.2,,8,8.4,11.3,9.9
184,力林,2024-12-27 07:00,6.8,,,,5.5,,320,,54,,5.4,-1.8,1025.1,,1027.7,,,9,,9,,,8,8,Sc,10,5000,,,6.6,,7.9,8.3,11.3,9.9
184,力林,2024-12-27 08:00,6.7,,,,4.9,,320,,52,,5.1,-2.4,1025.1,,1027.7,,0,,0,,,,9,9,Sc,12,5000,,,6.3,,7.8,8.3,11.2,9.8
184,力林,2024-12-27 09:00,6.8,,,,4.9,,320,,52,,5.2,-2.3,1025.7,,1028.3,,0,,.04,,,,9,9,Sc,11,5000,,,7.3,,7.9,8.2,11.1,9.8
184,力林,2024-12-27 10:00,7.2,,,,5.5,,320,,53,,5.4,-1.7,1026.1,,1028.7,,0,,.12,,,,9,9,Sc,11,5000,,,8.2,,8,8.2,11.1,9.7
184,力林,2024-12-27 11:00,7.4,,,,5.7,,290,,54,,5.6,-1.3,1025.5,,1028.1,,0,,.12,,,,9,9,Sc,10,5000,,,8.8,,8.1,8.3,11.1,9.7
184,力林,2024-12-27 12:00,7.4,,,,5.6,,290,,54,,5.6,-1.3,1025.1,,1027.7,,0,,.25,,,,9,9,Sc,10,4994,,,9.9,,8.2,8.3,11,9.7
184,力林,2024-12-27 13:00,7.7,,,,5.7,,290,,50,,5.3,-2,1024.3,,1026.9,,.1,,.72,,,,9,9,Sc,12,5000,,,12.3,,8.6,8.4,11.1,9.7
184,力林,2024-12-27 14:00,8.1,,,,5.2,,290,,48,,5.2,-2.2,1023.5,,1026.1,,.1,,.76,,,,9,9,Sc,11,5000,,,14.7,,9,8.6,11.1,9.7
184,力林,2024-12-27 15:00,7.6,,,,5.4,,290,,48,,5,-2.7,1023.3,,1025.9,,.2,,.6,,,,9,9,Sc,12,5000,,,11.7,,9.2,8.8,11.2,9.6
184,力林,2024-12-27 16:00,7.2,,,,5.4,,290,,49,,5,-2.8,1023.3,,1025.9,,0,,.24,,,,8,8,Sc,11,5000,,,10.1,,9.1,8.9,11.3,9.6
184,力林,2024-12-27 17:00,7,,,,5.7,,290,,46,,4.6,-3.8,1023.4,,1026,,0,,.09,,,,7,7,Sc,12,5000,,,8.4,,8.9,8.9,11.4,9.6
184,力林,2024-12-27 18:00,6.9,,,,5.7,,320,,50,,5,-2.8,1023,,1025.6,,0,,.01,,,,7,7,Sc,11,5000,,,7.1,,8.6,8.8,11.4,9.6
184,力林,2024-12-27 19:00,6.9,,,,5.4,,320,,48,,4.8,-3.3,1023.5,,1026.1,,,9,,9,,,7,7,,11,5000,,,6.5,,8.4,8.7,11.4,9.6
184,力林,2024-12-27 20:00,6.8,,,,5.6,,320,,49,,4.9,-3.1,1023.7,,1026.3,,,9,,9,,,9,9,,12,5000,,,6.6,,8.2,8.6,11.3,9.6
184,力林,2024-12-27 21:00,6.9,,,,7,,320,,48,,4.8,-3.3,1023.8,,1026.4,,,9,,9,,,9,9,Sc,13,4501,,,6.7,,8.1,8.4,11.3,9.6
184,力林,2024-12-27 22:00,7,,,9,6.4,,320,,50,,5,-2.7,1023.4,,1026,,,9,,9,,,9,9,Sc,13,3903,,01,6.7,,8,8.4,11.2,9.6
184,力林,2024-12-27 23:00,7,,,9,8,,320,,53,,5.3,-1.9,1023.4,,1026,,,9,,9,,,9,9,Sc,9,3032,,01,5.9,,7.9,8.3,11.1,9.6
184,力林,2024-12-28 00:00,6.6,,0,,7.3,,290,,55,,5.4,-1.8,1022.9,,1025.5,,,9,,9,,,8,8,Sc,11,2852,,01,4.8,,7.7,8.2,11.1,9.6
184,力林,2024-12-28 01:00,6.5,,,,8.5,,320,,59,,5.7,-.9,1022.4,,1025,,,9,,9,,,9,0,,,3491,,,4.7,,7.6,8.1,11,9.6
184,力林,2024-12-28 02:00,6.5,,,,8.5,,320,,50,,4.9,-3.1,1022.2,,1024.8,,,9,,9,,,9,1,,12,3613,,,4.8,,7.5,8,10.9,9.6
184,力林,2024-12-28 03:00,6,,,,10.5,,320,,49,,4.6,-3.9,1022.2,,1024.8,,,9,,9,,,9,9,Sc,11,4202,,,4.9,,7.4,7.9,10.9,9.6
184,力林,2024-12-28 04:00,4.8,,,9,8.2,,320,,61,,5.3,-2,1022.5,,1025.1,,,9,,9,,,8,8,Sc,10,3572,,01,4,,7.2,7.8,10.8,9.5
184,力林,2024-12-28 05:00,4.6,,,9,9.7,,320,,52,,4.4,-4.4,1022,,1024.6,,,9,,9,,,7,7,Sc,11,3619,,01,3.7,,7,7.7,10.7,9.5
184,力林,2024-12-28 06:00,4.1,,0,,8.8,,320,,61,,5,-2.7,1022.2,,1024.8,,,9,,9,,,8,8,Sc,9,4289,,0601,2.7,,6.8,7.6,10.7,9.5
184,力林,2024-12-28 07:00,4.3,,,9,6.7,,290,,57,,4.8,-3.4,1022.5,,1025.1,,,9,,9,,,8,8,Sc,9,4348,,01,3.3,,6.7,7.4,10.6,9.4
184,力林,2024-12-28 08:00,4.8,,,9,7.4,,320,,51,,4.4,-4.5,1022.8,,1025.4,,0,,0,,,,8,8,CuSc,7,4997,,01,3.5,,6.6,7.3,10.5,9.4
184,力林,2024-12-28 09:00,4.8,,0,,8.6,,340,,61,,5.3,-2,1023.1,,1025.7,,0,,.06,,,,6,6,CuSc,6,4698,,01,4.7,,6.6,7.3,10.4,9.4
184,力林,2024-12-28 10:00,5.1,,,9,7.2,,320,,49,,4.3,-4.7,1023.6,,1026.2,,.1,,.29,,,,5,5,CuSc,7,5000,,01,5.4,,6.7,7.2,10.3,9.3
184,力林,2024-12-28 11:00,5.2,,,9,7.2,,320,,56,,5,-2.8,1023.7,,1026.3,,.2,,.65,,,,6,6,CuSc,6,5000,,09,6.8,,6.9,7.2,10.3,9.3
184,力林,2024-12-28 12:00,5.9,,0,,6.6,,290,,52,,4.8,-3.2,1023.1,,1025.7,,.4,,1.15,,,,9,7,CuScAc,7,5000,,0901,11.9,,7.4,7.4,10.2,9.3
184,力林,2024-12-28 13:00,5.3,,,9,7,,320,,62,,5.5,-1.4,1022.5,,1025.1,,.1,,.58,,,,9,9,CuSc,6,4224,,100901,7.4,,7.6,7.5,10.3,9.2
184,力林,2024-12-28 14:00,5.8,,,9,7,,320,,55,,5.1,-2.5,1022,,1024.6,,0,,.27,,,,9,9,CuSc,7,5000,,09,7.7,,7.5,7.6,10.3,9.2
184,力林,2024-12-28 15:00,5.9,,.1,,6.8,,320,,52,,4.8,-3.2,1022,,1024.6,,.1,,.47,,,,9,9,Sc,10,4935,,01,7.1,,7.6,7.7,10.4,9.2
184,力林,2024-12-28 16:00,5.6,,,9,6.7,,320,,58,,5.3,-2,1022.2,,1024.8,,0,,.05,,,,9,9,CuSc,7,3806,,0901,6.1,,7.5,7.8,10.4,9.2
184,力林,2024-12-28 17:00,5.7,,,9,6.1,,320,,52,,4.8,-3.4,1022.3,,1024.9,,0,,.01,,,,9,9,Sc,10,5000,,0901,5.5,,7.4,7.7,10.5,9.1
184,力林,2024-12-28 18:00,5.8,,0,,6.5,,320,,46,,4.2,-4.9,1022.5,,1025.1,,0,,0,,,,9,9,Sc,11,5000,,01,5.4,,7.2,7.6,10.5,9.1
184,力林,2024-12-28 19:00,5.9,,,9,6.2,,290,,48,,4.5,-4.2,1022.8,,1025.4,,,9,,9,,,9,9,Sc,11,5000,,01,5.3,,7.1,7.5,10.4,9.1
184,力林,2024-12-28 20:00,6.1,,,9,5.7,,320,,48,,4.5,-4.1,1023.1,,1025.7,,,9,,9,,,9,9,Sc,12,5000,,01,5.5,,7.1,7.5,10.4,9.1
184,力林,2024-12-28 21:00,6.3,,0,,6.7,,320,,49,,4.7,-3.6,1023.5,,1026.1,,,9,,9,,,9,9,Sc,11,5000,,01,5.7,,7,7.4,10.4,9.1
184,力林,2024-12-28 22:00,6.2,,,9,6.6,,320,,53,,5,-2.6,1023.6,,1026.2,,,9,,9,,,9,9,Sc,11,5000,,01,5.7,,7,7.4,10.3,9.1
184,力林,2024-12-28 23:00,6.4,,,9,5.3,,340,,50,,4.8,-3.2,1023.8,,1026.4,,,9,,9,,,9,9,Sc,10,5000,,01,5.7,,7,7.3,10.3,9.1
184,力林,2024-12-29 00:00,6.5,,0,,5.2,,320,,51,,4.9,-2.9,1023.7,,1026.3,,,9,,9,,,9,9,Sc,12,5000,,01,5.8,,7,7.3,10.2,9.1
184,力林,2024-12-29 01:00,6.5,,,9,5,,290,,52,,5,-2.6,1023.7,,1026.3,,,9,,9,,,9,9,Sc,11,5000,,01,5.9,,7,7.3,10.2,9.1
184,力林,2024-12-29 02:00,6.5,,,9,5.3,,320,,48,,4.6,-3.7,1023.7,,1026.3,,,9,,9,,,9,9,Sc,12,5000,,01,5.8,,6.9,7.3,10.2,9
184,力林,2024-12-29 03:00,6.6,,0,,4.9,,320,,50,,4.9,-3.1,1023.8,,1026.4,,,9,,9,,,9,9,Sc,12,5000,,01,5.9,,6.9,7.2,10.1,9
184,力林,2024-12-29 04:00,6.6,,,9,4.7,,320,,47,,4.6,-3.9,1023.9,,1026.5,,,9,,9,,,8,8,Sc,13,5000,,,5.7,,6.9,7.2,10.1,9
184,力林,2024-12-29 05:00,6.5,,,9,3.4,,340,,48,,4.6,-3.7,1023.9,,1026.5,,,9,,9,,,9,9,Sc,10,5000,,01,5.7,,6.9,7.2,10.1,9
184,力林,2024-12-29 06:00,6.5,,0,,4.4,,320,,48,,4.6,-3.7,1024.3,,1026.9,,,9,,9,,,9,9,Sc,13,5000,,01,5.7,,6.9,7.1,10.1,8.9
184,力林,2024-12-29 07:00,6.7,,,9,3.5,,320,,44,,4.3,-4.7,1025,,1027.6,,,9,,9,,,9,9,Sc,14,4977,,01,5.7,,6.8,7.1,10,8.9
184,力林,2024-12-29 08:00,6.9,,,9,3,,290,,48,,4.8,-3.3,1025.1,,1027.7,,0,,0,,,,9,9,Sc,12,4994,,,5.9,,6.8,7.1,10,8.9
184,力林,2024-12-29 09:00,7.5,,0,,3.9,,320,,43,,4.5,-4.2,1025.6,,1028.2,,0,,.02,,,,9,9,Sc,12,5000,,,7,,6.9,7.1,10,8.9
184,力林,2024-12-29 10:00,7.7,,,9,3.5,,290,,41,,4.3,-4.7,1026.3,,1028.9,,0,,.18,,,,9,9,Sc,13,5000,,,8.3,,7.1,7.2,10,8.8
184,力林,2024-12-29 11:00,8.5,,,9,3.7,,320,,38,,4.2,-5,1026,,1028.6,,.1,,.61,,,,9,9,Sc,12,5000,,,13.2,,7.5,7.3,10,8.8
184,力林,2024-12-29 12:00,9.1,,,9,3.5,,290,,42,,4.9,-3.1,1025.7,,1028.3,,.4,,1.2,,,,8,8,Sc,13,5000,,,14,,8.4,7.6,10,8.8
184,力林,2024-12-29 13:00,9,,,9,3.7,,270,,38,,4.4,-4.5,1024.4,,1027,,0,,.7,,,,8,8,Sc,13,5000,,,16.3,,8.8,7.9,10.2,8.8
184,力林,2024-12-29 14:00,10.8,,,9,3.5,,290,,33,,4.3,-4.8,1023.7,,1026.2,,.7,,1.58,,,,2,2,Sc,11,4990,,,21.4,,9.8,8.2,10.3,8.9
184,力林,2024-12-29 15:00,11.5,,,9,3.3,,290,,34,,4.6,-3.8,1023.2,,1025.7,,1,,1.53,,,,1,1,Sc,10,5000,,,19.8,,10.5,8.7,10.6,8.9
184,力林,2024-12-29 16:00,9.8,,,9,2.9,,270,,40,,4.9,-3.1,1023.7,,1026.3,,.3,,.64,,,,8,8,Sc,12,4980,,,13.4,,10.4,9.1,10.8,8.9
184,力林,2024-12-29 17:00,9.1,,,9,3.1,,250,,41,,4.8,-3.4,1023.7,,1026.3,,0,,.12,,,,9,9,Sc,13,4915,,,10.6,,10,9.2,11.1,8.9
184,力林,2024-12-29 18:00,8.6,,,9,2.5,,200,,44,,4.9,-2.9,1023.9,,1026.5,,0,,.01,,,,8,8,Sc,13,4598,,,8,,9.5,9.1,11.2,9
184,力林,2024-12-29 19:00,8.2,,,9,2.5,,180,,46,,5,-2.7,1024.1,,1026.7,,,9,,9,,,10,9,,15,4730,,,8.1,,9.1,9,11.3,9
184,力林,2024-12-29 20:00,8.4,,,9,2,,200,,48,,5.3,-1.9,1023.1,,1025.7,,,9,,9,,,10,10,,14,4678,,,7.9,,8.9,8.8,11.3,9.1
184,力林,2024-12-29 21:00,8.5,,,9,2.3,,180,,52,,5.8,-.8,1023.2,,1025.8,,,9,,9,,,7,7,Sc,13,4317,,,7.6,,8.8,8.7,11.3,9.1
184,力林,2024-12-29 22:00,8.3,,,9,2.6,,180,,55,,6,-.2,1022.9,,1025.5,,,9,,9,,,8,8,,15,3870,,,7.2,,8.6,8.6,11.2,9.2
184,力林,2024-12-29 23:00,7.7,,,9,2.9,,180,,57,,6,-.2,1022.7,,1025.3,,,9,,9,,,7,7,,,3534,,,4.4,,8.3,8.5,11.2,9.2
184,力林,2024-12-30 00:00,6.9,,,9,.9,,230,,58,,5.8,-.8,1022.2,,1024.8,,,9,,9,,,7,2,ScCi,13,3856,,,2.9,,8,8.3,11.1,9.2
184,力林,2024-12-30 01:00,6.2,,,,2.8,,180,,57,,5.4,-1.7,1022.3,,1024.9,,,9,,9,,,7,7,,,4482,,,3.2,,7.7,8.1,11,9.2
184,力林,2024-12-30 02:00,6.5,,,,2.1,,200,,58,,5.6,-1.1,1022.5,,1025.1,,,9,,9,,,8,2,,12,3958,,,4.1,,7.5,8,10.9,9.2
184,力林,2024-12-30 03:00,6.5,,,,2.9,,160,,58,,5.6,-1.1,1021.8,,1024.4,,,9,,9,,,8,2,ScCi,12,4458,,,3.8,,7.4,7.9,10.8,9.2
184,力林,2024-12-30 04:00,6.7,,,,2.9,,200,,63,,6.2,.1,1021.7,,1024.3,,,9,,9,,,8,0,Ci,,4575,,,3.9,,7.3,7.8,10.7,9.2
184,力林,2024-12-30 05:00,8.2,,,,3.5,,250,,61,,6.6,1.1,1020.9,,1023.5,,,9,,9,,,9,0,Ci,,5000,,,4.8,,7.3,7.7,10.6,9.2
184,力林,2024-12-30 06:00,8.4,,,,3.2,,230,,62,,6.8,1.5,1020.6,,1023.2,,,9,,9,,,8,0,Ci,,5000,,,4.8,,7.2,7.6,10.5,9.1
184,力林,2024-12-30 07:00,7.2,,,,2.8,,200,,60,,6.1,0,1020.9,,1023.5,,,9,,9,,,7,0,Ci,,5000,,,3.3,,7.1,7.5,10.4,9.1
184,力林,2024-12-30 08:00,6.4,,,,2.3,,160,,58,,5.6,-1.2,1021,,1023.6,,0,,0,,,,8,0,Ci,,5000,,,3.1,,6.9,7.4,10.3,9
184,力林,2024-12-30 09:00,6.7,,,,3.2,,180,,56,,5.5,-1.4,1021.3,,1023.9,,0,,.15,,,,9,1,ScCi,11,5000,,,6.4,,6.9,7.3,10.3,9
184,力林,2024-12-30 10:00,10.3,,,,4.8,,250,,53,,6.6,1.1,1021.3,,1023.8,,.4,,.62,,,,8,1,ScCi,10,5000,,,12.2,,7.5,7.4,10.2,9
184,力林,2024-12-30 11:00,11.1,,,,4.1,,250,,49,,6.4,.7,1020.5,,1023,,.1,,.66,,,,7,0,Ci,,5000,,,15,,8.2,7.6,10.2,9
184,力林,2024-12-30 12:00,12.2,,,,6.3,,250,,42,,6,-.3,1019.5,,1022,,.9,,1.34,,,,8,1,ScCi,10,5000,,,16.8,,9.2,8,10.3,9
184,力林,2024-12-30 13:00,12.8,,,,5.3,,230,,40,,5.9,-.4,1018.2,,1020.7,,.9,,1.3,,,,7,1,ScCi,11,5000,,,17.9,,10,8.4,10.5,8.9
184,力林,2024-12-30 14:00,13.8,,,,4.2,,270,,43,,6.8,1.4,1017,,1019.5,,.9,,1.55,,,,9,0,Ci,,5000,,,21.1,,10.9,8.9,10.7,8.9
184,力林,2024-12-30 15:00,14.1,,,,5.8,,270,,40,,6.4,.6,1016.3,,1018.8,,.9,,1.49,,,,3,0,Ci,,5000,,,21.1,,11.6,9.4,11,8.9
184,力林,2024-12-30 16:00,13.6,,,,6.5,,270,,40,,6.2,.2,1016.5,,1019,,1,,1.1,,,,1,1,Sc,10,5000,,,14.2,,11.7,9.8,11.3,9
184,力林,2024-12-30 17:00,12.3,,,,3.2,,250,,48,,6.8,1.5,1016.9,,1019.4,,.6,,.39,,,,5,5,Sc,11,5000,,,11.6,,11.1,9.9,11.6,9
184,力林,2024-12-30 18:00,11.2,,,,3,,200,,54,,7.2,2.2,1016.8,,1019.3,,0,,.01,,,,2,2,Sc,10,5000,,,9,,10.5,9.8,11.7,9.1
184,力林,2024-12-30 19:00,10.6,,,,3.2,,200,,54,,6.9,1.6,1016.6,,1019.1,,,9,,9,,,0,0,,,5000,,,8.2,,10.1,9.7,11.8,9.1
184,力林,2024-12-30 20:00,11,,,9,3,,230,,56,,7.3,2.5,1016.5,,1019,,,9,,9,,,10,8,ScAs,10,4819,,01,9.3,,9.9,9.5,11.8,9.2
184,力林,2024-12-30 21:00,11,,0,,3.4,,230,,55,,7.2,2.2,1016.2,,1018.7,,,9,,9,,,3,3,Sc,11,4999,,01,7.7,,9.7,9.4,11.8,9.3
184,力林,2024-12-30 22:00,10.6,,,9,4.1,,250,,56,,7.1,2.1,1016,,1018.5,,,9,,9,,,0,0,,,4716,,,7.9,,9.4,9.3,11.7,9.3
184,力林,2024-12-30 23:00,10.3,,,9,4.5,,250,,55,,6.9,1.6,1016.1,,1018.6,,,9,,9,,,0,0,,,4684,,,7.7,,9.1,9.1,11.7,9.4
184,力林,2024-12-31 00:00,10.8,,,9,4.3,,270,,50,,6.4,.7,1016,,1018.5,,,9,,9,,,6,6,Sc,14,3657,,,8.3,,9,9,11.6,9.4
184,力林,2024-12-31 01:00,10.6,,,,6.2,,290,,56,,7.1,2.1,1015.8,,1018.3,,,9,,9,,,3,3,,10,3309,,,8.4,,9,8.9,11.5,9.4
184,力林,2024-12-31 02:00,10.2,,,,5.4,,290,,52,,6.4,.7,1016,,1018.5,,,9,,9,,,0,0,,,2161,,,8.4,,8.9,8.8,11.5,9.4
184,力林,2024-12-31 03:00,10.2,,,,5.6,,290,,52,,6.4,.7,1016,,1018.5,,,9,,9,,,8,8,Sc,12,1511,,,8.8,,8.8,8.8,11.4,9.4
184,力林,2024-12-31 04:00,10.3,,,,4.9,,290,,53,,6.6,1.1,1015.8,,1018.3,,,9,,9,,,9,9,Sc,11,1544,,,9.1,,8.8,8.7,11.3,9.4
184,力林,2024-12-31 05:00,9.9,,,,6.1,,320,,53,,6.4,.7,1015.9,,1018.4,,,9,,9,,,8,8,Sc,12,1447,,,8.4,,8.8,8.7,11.3,9.4
184,力林,2024-12-31 06:00,9.4,,,,5.3,,340,,56,,6.6,1,1016.6,,1019.1,,,9,,9,,,6,6,Sc,10,1308,,,8,,8.8,8.7,11.3,9.4
184,力林,2024-12-31 07:00,8.8,,,,5.4,,320,,48,,5.4,-1.6,1017.4,,1019.9,,,9,,9,,,7,7,Sc,11,2054,,,7.6,,8.7,8.6,11.3,9.4
184,力林,2024-12-31 08:00,8.7,,,,5.4,,360,,54,,6.1,-.1,1018.1,,1020.6,,0,,0,,,,7,7,Sc,9,2029,,,7.7,,8.5,8.6,11.2,9.4
184,力林,2024-12-31 09:00,8.4,,,,5.8,,360,,48,,5.3,-1.9,1019.1,,1021.7,,.1,,.17,,,,4,4,Sc,10,2874,,,8.1,,8.4,8.5,11.2,9.4
184,力林,2024-12-31 10:00,9,,,,4.7,,360,,48,,5.5,-1.4,1019.5,,1022,,.7,,.79,,,,3,3,Sc,11,2447,,,10.2,,8.7,8.5,11.1,9.4
184,力林,2024-12-31 11:00,9.3,,,,5.1,,320,,40,,4.7,-3.6,1020,,1022.5,,.8,,1.33,,,,2,2,Sc,12,3249,,,15.8,,9.3,8.6,11.1,9.4
184,力林,2024-12-31 12:00,9.9,,,,4.8,,340,,43,,5.2,-2.1,1019.6,,1022.1,,1,,1.87,,,,2,2,Sc,13,3798,,,25.7,0,10.2,8.8,11.2,9.4
184,力林,2024-12-31 13:00,9.6,,,,4.7,,320,,42,,5,-2.7,1019.4,,1021.9,,.8,,1.74,,,,3,3,Sc,12,4837,,,27.5,0,10.8,9.2,11.3,9.4
184,力林,2024-12-31 14:00,9.5,,,,5.5,,320,,40,,4.8,-3.4,1019,,1021.5,,.9,,1.77,,,,1,1,Sc,13,4864,,,26.1,0,11.4,9.7,11.5,9.4
184,力林,2024-12-31 15:00,9.1,,,,5,,320,,43,,5,-2.8,1019,,1021.5,,.8,,1.41,,,,4,4,Sc,12,4823,,,19.6,,11.6,10,11.7,9.4
184,力林,2024-12-31 16:00,8.1,,,,5.1,,320,,50,,5.4,-1.7,1019.4,,1022,,.6,,.82,,,,2,2,Sc,12,4785,,,11.2,,11.3,10.2,11.9,9.4
184,力林,2024-12-31 17:00,7.1,,,,4.1,,320,,50,,5,-2.6,1019.6,,1022.2,,.2,,.25,,,,3,3,Sc,11,4930,,,8.2,,10.6,10.1,12.1,9.4
184,力林,2024-12-31 18:00,6.7,,,,3.5,,320,,52,,5.1,-2.4,1019.9,,1022.5,,0,,.02,,,,5,5,Sc,11,4974,,,6.6,,10,9.9,12.1,9.5
184,力林,2024-12-31 19:00,6.3,,,,2.9,,320,,56,,5.4,-1.8,1020.3,,1022.9,,,9,,9,,,5,4,,10,4835,,,6,,9.5,9.6,12,9.5
184,力林,2024-12-31 20:00,6.1,,,,2.6,,320,,55,,5.2,-2.2,1020.7,,1023.3,,,9,,9,,,0,0,,,4962,,,4.7,,9.1,9.4,12,9.6
184,力林,2024-12-31 21:00,5.8,,,,2.3,,340,,58,,5.4,-1.8,1020.8,,1023.4,,,9,,9,,,2,2,Sc,10,4910,,,4,,8.6,9.1,11.9,9.6
184,力林,2024-12-31 22:00,5.6,,,,2.5,,270,,58,,5.3,-2,1021.1,,1023.7,,,9,,9,,,1,1,,10,4778,,,4.1,,8.3,8.9,11.7,9.6
184,力林,2024-12-31 23:00,5.9,,,,2.1,,320,,57,,5.3,-1.9,1021.3,,1023.9,,,9,,9,,,5,5,,9,5000,,,5.1,,8,8.6,11.6,9.6
